{
  "dataset": "matern",
  "input_dim": 1,
  "num_samples": 8,
  "ll_baseline": {
    "values": [
      0.7285848259925842,
      0.7070410847663879,
      0.5395556092262268,
      0.6353473663330078,
      -16.806028366088867,
      -1.612371802330017,
      -1.2505192756652832,
      -10.495983123779297,
      0.4495117962360382,
      0.672899067401886,
      0.6257359981536865,
      0.5945954322814941,
      0.6494304537773132,
      0.7213913798332214,
      0.6521189212799072,
      0.5824840664863586,
      0.5269110798835754,
      0.47521767020225525,
      0.6175992488861084,
      0.49694985151290894,
      0.6787659525871277,
      0.7357468605041504,
      0.4797920882701874,
      0.5562946200370789,
      0.44727471470832825,
      0.5461159348487854,
      0.34898537397384644,
      0.27824798226356506,
      0.5144141316413879,
      0.4663962423801422,
      0.4098113179206848,
      0.3793375492095947,
      0.3273767828941345,
      0.36132606863975525,
      0.5223157405853271,
      0.25399452447891235,
      0.6466924548149109,
      0.6305795907974243,
      0.6787403225898743,
      0.47897469997406006,
      0.28315499424934387,
      0.39687156677246094,
      0.31570547819137573,
      0.24056877195835114,
      0.4120955765247345,
      0.45819252729415894,
      0.4893038272857666,
      0.39324530959129333,
      0.37571847438812256,
      0.43555840849876404,
      0.5081422924995422,
      0.40176278352737427,
      0.44651833176612854,
      0.6776317358016968,
      0.4853121042251587,
      0.5969175100326538,
      0.355112224817276,
      0.2783060371875763,
      0.27938157320022583,
      0.3481368124485016,
      -12.558823585510254,
      -21.619112014770508,
      -11.049044609069824,
      -8.477243423461914,
      0.5370986461639404,
      0.4017385244369507,
      0.4672371745109558,
      0.565804660320282,
      0.7315238118171692,
      0.7925290465354919,
      0.4821619391441345,
      0.6692072153091431,
      0.31529587507247925,
      0.43360039591789246,
      0.23166877031326294,
      0.3792945146560669,
      -68.48211669921875,
      -15.812281608581543,
      -25.329008102416992,
      -31.672775268554688,
      0.430024653673172,
      0.27391546964645386,
      0.3389478325843811,
      0.35662591457366943,
      0.38013312220573425,
      0.475726842880249,
      0.467824786901474,
      0.49874764680862427,
      0.32003867626190186,
      0.3846112787723541,
      0.4360303580760956,
      0.3546932339668274,
      0.7740462422370911,
      0.5871526598930359,
      0.4716658890247345,
      0.4731369912624359,
      0.5638782382011414,
      0.5417148470878601,
      0.5452825427055359,
      0.48060402274131775,
      0.4396253228187561,
      0.31339728832244873,
      0.31883352994918823,
      0.48719123005867004,
      0.6047109365463257,
      0.675235390663147,
      0.5418793559074402,
      0.5107209086418152,
      0.6256418824195862,
      0.5771068334579468,
      0.5563905835151672,
      0.7265346646308899,
      0.4763849675655365,
      0.4705231487751007,
      0.34700247645378113,
      0.4390306770801544,
      0.5811766982078552,
      0.5649486780166626,
      0.38799431920051575,
      0.6490457653999329,
      0.5101615190505981,
      0.5587043166160583,
      0.6880146265029907,
      0.6072582006454468,
      -7.539458751678467,
      -30.044296264648438,
      -13.38858413696289,
      -36.265464782714844
    ],
    "mean": -2.007730007171631,
    "std": 8.76990795135498,
    "stderr": 0.7751576728481161
  },
  "ll_m1": {
    "values": [
      0.6273637413978577,
      0.5575197339057922,
      0.5632285475730896,
      0.5846098065376282,
      0.21143822371959686,
      0.2853972017765045,
      0.3739579916000366,
      0.43491029739379883,
      0.504054605960846,
      0.589158833026886,
      0.46169307827949524,
      0.4144551753997803,
      0.5478101372718811,
      0.6582163572311401,
      0.4518734812736511,
      0.5415040254592896,
      0.46668899059295654,
      0.5436089038848877,
      0.6129292249679565,
      0.4062036871910095,
      0.5842859745025635,
      0.6289046406745911,
      0.31216156482696533,
      0.5659480094909668,
      0.34327274560928345,
      0.4166777729988098,
      0.3726779818534851,
      0.19468264281749725,
      0.5153636932373047,
      0.49617698788642883,
      0.3315640389919281,
      0.28443312644958496,
      0.49420422315597534,
      0.4605717658996582,
      0.4196162521839142,
      0.4729278087615967,
      0.5930235981941223,
      0.6038010120391846,
      0.4833298623561859,
      0.40314170718193054,
      0.26388946175575256,
      0.353409081697464,
      0.31024065613746643,
      0.23078379034996033,
      0.4221950173377991,
      0.3324868083000183,
      0.5012153387069702,
      0.33094218373298645,
      0.38577938079833984,
      0.36596617102622986,
      0.31705811619758606,
      0.33706825971603394,
      0.40518423914909363,
      0.5193129181861877,
      0.5982416272163391,
      0.5294868350028992,
      0.3512727618217468,
      0.23178470134735107,
      0.2657928764820099,
      0.47488322854042053,
      0.5967423915863037,
      0.6857969164848328,
      0.4693833589553833,
      0.46749386191368103,
      0.5249558091163635,
      0.39141643047332764,
      0.41224074363708496,
      0.5894189476966858,
      0.6458998322486877,
      0.6173551082611084,
      0.4367568790912628,
      0.6712711453437805,
      0.24908269941806793,
      0.3292556703090668,
      0.25402143597602844,
      0.3454186022281647,
      0.5891064405441284,
      0.567744255065918,
      0.43529629707336426,
      0.5845573544502258,
      0.3605569005012512,
      0.34712132811546326,
      0.45408040285110474,
      0.36631274223327637,
      0.32636454701423645,
      0.4023173153400421,
      0.3151966333389282,
      0.5128714442253113,
      0.3609091639518738,
      0.40063488483428955,
      0.3939456343650818,
      0.37252554297447205,
      0.6785657405853271,
      0.49938854575157166,
      0.5336544513702393,
      0.45705220103263855,
      0.5225712060928345,
      0.48298385739326477,
      0.4011591076850891,
      0.41609203815460205,
      0.3948514461517334,
      0.5004786252975464,
      0.3326856195926666,
      0.4433244466781616,
      0.5670815706253052,
      0.41902753710746765,
      0.6002963781356812,
      0.4674972593784332,
      0.645368754863739,
      0.6106277704238892,
      0.5054853558540344,
      0.6088364124298096,
      0.38977479934692383,
      0.41246283054351807,
      0.2839159369468689,
      0.3566519320011139,
      0.5605185031890869,
      0.39969393610954285,
      0.3952982425689697,
      0.54156893491745,
      0.4473448097705841,
      0.642818808555603,
      0.6111459732055664,
      0.4782850742340088,
      0.44180992245674133,
      0.5089628100395203,
      0.4122050404548645,
      0.5843049883842468
    ],
    "mean": 0.4560173749923706,
    "std": 0.11561162769794464,
    "stderr": 0.010218720741153892
  },