experiment,condition,method,dataset,R2,R2_SE,RMSE_RANGE,RMSE_RANGE_SE,MAE_RANGE,MAE_RANGE_SE,QICE,QICE_SE,NMPIW,NMPIW_SE,source_json,uncertainty_json,source_note
ex1_rows200_6m,rows200,TabICL_6M_DDPM500_repeats100,abalone,0.4752569967,0.0357475365,0.1751652091,0.005045626703,0.1305632371,0.005501164687,0.014,0.004335896678,1.938941624,0.0845934447,TabICL_regression03/runs/6M/step-120000_ddpm500_repeats100_from200_first100.json,TabICL_regression03/runs/6M/step-120000_ddpm500_repeats100_from200_first100_bins10-uncertainty.json,
ex1_rows200_6m,rows200,TabICL_6M_DDPM500_repeats100,airfoil_self_noise,0.6943403834,0.0392353601,0.1259431128,0.007478550196,0.09032387649,0.005441062673,0.021,0.002,1.652786064,0.05590678213,TabICL_regression03/runs/6M/step-120000_ddpm500_repeats100_from200_first100.json,TabICL_regression03/runs/6M/step-120000_ddpm500_repeats100_from200_first100_bins10-uncertainty.json,
ex1_rows200_6m,rows200,TabICL_6M_DDPM500_repeats100,auction_verification,0.8873741861,0.02015614928,0.1006031535,0.01106061797,0.04909917626,0.005148251161,0.049,0.005366563146,0.4875508708,0.02949708535,TabICL_regression03/runs/6M/step-120000_ddpm500_repeats100_from200_first100.json,TabICL_regression03/runs/6M/step-120000_ddpm500_repeats100_from200_first100_bins10-uncertainty.json,
ex1_rows200_6m,rows200,TabICL_6M_DDPM500_repeats100,boston,0.8526217584,0.03012992295,0.08801201459,0.01082928174,0.0592365952,0.005083198711,0.02,0.003577708764,0.8452487547,0.06309641559,TabICL_regression03/runs/6M/step-120000_ddpm500_repeats100_from200_first100.json,TabICL_regression03/runs/6M/step-120000_ddpm500_repeats100_from200_first100_bins10-uncertainty.json,
ex1_rows200_6m,rows200,TabICL_6M_DDPM500_repeats100,cars,0.9195889652,0.01194122354,0.06627416245,0.004814458363,0.04432995724,0.003731465447,0.031,0.00438178046,0.5862886365,0.04253148529,TabICL_regression03/runs/6M/step-120000_ddpm500_repeats100_from200_first100.json,TabICL_regression03/runs/6M/step-120000_ddpm500_repeats100_from200_first100_bins10-uncertainty.json,
ex1_rows200_6m,rows200,TabICL_6M_DDPM500_repeats100,concrete_compressive_strength,0.8167778533,0.03451651734,0.1043124004,0.00483692364,0.07887676649,0.003252168806,0.007,0.001673320053,1.303208686,0.0968333122,TabICL_regression03/runs/6M/step-120000_ddpm500_repeats100_from200_first100.json,TabICL_regression03/runs/6M/step-120000_ddpm500_repeats100_from200_first100_bins10-uncertainty.json,
ex1_rows200_6m,rows200,TabICL_6M_DDPM500_repeats100,cpu_activity,0.9692105651,0.009078960188,0.03240194109,0.002845203917,0.02133907493,0.001426823026,0.027,0.00469041576,0.3657770857,0.03538984332,TabICL_regression03/runs/6M/step-120000_ddpm500_repeats100_from200_first100.json,TabICL_regression03/runs/6M/step-120000_ddpm500_repeats100_from200_first100_bins10-uncertainty.json,
ex1_rows200_6m,rows200,TabICL_6M_DDPM500_repeats100,energy_efficiency,0.9849368064,0.00458643147,0.03620399425,0.004783374511,0.02292029315,0.001975385718,0.043,0.005176871642,0.1929441294,0.01296377728,TabICL_regression03/runs/6M/step-120000_ddpm500_repeats100_from200_first100.json,TabICL_regression03/runs/6M/step-120000_ddpm500_repeats100_from200_first100_bins10-uncertainty.json,
ex1_rows200_6m,rows200,TabICL_6M_DDPM500_repeats100,grid_stability,0.7957227483,0.01928566455,0.1193722873,0.004365806533,0.09330693101,0.004033479431,0.011,0.005019960159,1.521008447,0.02141196257,TabICL_regression03/runs/6M/step-120000_ddpm500_repeats100_from200_first100.json,TabICL_regression03/runs/6M/step-120000_ddpm500_repeats100_from200_first100_bins10-uncertainty.json,
ex1_rows200_6m,rows200,TabICL_6M_DDPM500_repeats100,kin8nm,0.3681000194,0.05601426831,0.1953943994,0.01357821515,0.1512312138,0.01042616068,0.019,0.003286335345,2.303001566,0.1111838851,TabICL_regression03/runs/6M/step-120000_ddpm500_repeats100_from200_first100.json,TabICL_regression03/runs/6M/step-120000_ddpm500_repeats100_from200_first100_bins10-uncertainty.json,
ex1_rows200_6m,rows200,TabICL_6M_DDPM500_repeats100,Moneyball,0.9376732719,0.008473471976,0.0562960831,0.003773522693,0.04472216718,0.003086152135,0.018,0.005403702434,0.7210766601,0.04608556444,TabICL_regression03/runs/6M/step-120000_ddpm500_repeats100_from200_first100.json,TabICL_regression03/runs/6M/step-120000_ddpm500_repeats100_from200_first100_bins10-uncertainty.json,
ex1_rows200_6m,rows200,TabICL_6M_DDPM500_repeats100,pumadyn32nh,0.1765872719,0.02774671983,0.1939094564,0.007915967382,0.1584746464,0.0071605991,0.015,0.002966479395,3.104227486,0.2248548901,TabICL_regression03/runs/6M/step-120000_ddpm500_repeats100_from200_first100.json,TabICL_regression03/runs/6M/step-120000_ddpm500_repeats100_from200_first100_bins10-uncertainty.json,
ex1_rows200_6m,rows200,TabICL_6M_DDPM500_repeats100,QSAR_fish_toxicity,0.498597497,0.06330095358,0.1437760117,0.008124872408,0.1038685587,0.004759228053,0.027,0.002966479395,1.748777188,0.126375385,TabICL_regression03/runs/6M/step-120000_ddpm500_repeats100_from200_first100.json,TabICL_regression03/runs/6M/step-120000_ddpm500_repeats100_from200_first100_bins10-uncertainty.json,
ex1_rows200_6m,rows200,TabICL_6M_DDPM500_repeats100,quake,-0.1081031618,0.008682788469,0.2831019107,0.01152951471,0.2271298469,0.01125005118,0.034,0.002683281573,2.746343486,0.1965771393,TabICL_regression03/runs/6M/step-120000_ddpm500_repeats100_from200_first100.json,TabICL_regression03/runs/6M/step-120000_ddpm500_repeats100_from200_first100_bins10-uncertainty.json,
ex1_rows200_6m,rows200,TabICL_6M_DDPM500_repeats100,sensory,0.06643122159,0.02633828273,0.2376248031,0.01112471583,0.1895710432,0.01070228727,0.017,0.004979959839,3.013337843,0.2286737743,TabICL_regression03/runs/6M/step-120000_ddpm500_repeats100_from200_first100.json,TabICL_regression03/runs/6M/step-120000_ddpm500_repeats100_from200_first100_bins10-uncertainty.json,
ex1_rows200_6m,rows200,TabICL_6M_DDPM500_repeats100,socmob,0.7121504984,0.08029488682,0.09639560913,0.02010076287,0.03898261195,0.01071372778,0.07,0.009859006035,0.4082482514,0.07742665031,TabICL_regression03/runs/6M/step-120000_ddpm500_repeats100_from200_first100.json,TabICL_regression03/runs/6M/step-120000_ddpm500_repeats100_from200_first100_bins10-uncertainty.json,
ex1_rows200_6m,rows200,TabICL_6M_DDPM500_repeats100,space_ga,0.5846156719,0.04113741369,0.1520510211,0.01049538007,0.1164747094,0.01198148167,0.014,0.006723094526,1.756899126,0.1110818067,TabICL_regression03/runs/6M/step-120000_ddpm500_repeats100_from200_first100.json,TabICL_regression03/runs/6M/step-120000_ddpm500_repeats100_from200_first100_bins10-uncertainty.json,
ex1_rows200_6m,rows200,TabICL_6M_DDPM500_repeats100,student_performance,0.05282112102,0.05412554656,0.1943088463,0.01112844189,0.1403258439,0.01196950389,0.023,0.0045607017,2.506346954,0.1346498247,TabICL_regression03/runs/6M/step-120000_ddpm500_repeats100_from200_first100.json,TabICL_regression03/runs/6M/step-120000_ddpm500_repeats100_from200_first100_bins10-uncertainty.json,
ex1_rows200_6m,rows200,TabICL_6M_DDIM10_repeats100,abalone,0.465619259,0.03183887551,0.1769114047,0.003762016225,0.1296498685,0.003590844119,0.028,0.002,1.626456629,0.07975054417,TabICL_regression03/runs/6M/step-120000_ddim10_repeats100_from200_first100.json,TabICL_regression03/runs/6M/step-120000_ddim10_repeats100_from200_first100_bins10-uncertainty.json,
ex1_rows200_6m,rows200,TabICL_6M_DDIM10_repeats100,airfoil_self_noise,0.7035159231,0.0446089515,0.1232415057,0.008962557848,0.08910907502,0.006771759459,0.024,0.003033150178,1.271771999,0.04610657511,TabICL_regression03/runs/6M/step-120000_ddim10_repeats100_from200_first100.json,TabICL_regression03/runs/6M/step-120000_ddim10_repeats100_from200_first100_bins10-uncertainty.json,
ex1_rows200_6m,rows200,TabICL_6M_DDIM10_repeats100,auction_verification,0.8840748127,0.02550501804,0.1009915439,0.01357750511,0.04923008274,0.006258668272,0.075,0.007155417528,0.3728532377,0.01912640567,TabICL_regression03/runs/6M/step-120000_ddim10_repeats100_from200_first100.json,TabICL_regression03/runs/6M/step-120000_ddim10_repeats100_from200_first100_bins10-uncertainty.json,
ex1_rows200_6m,rows200,TabICL_6M_DDIM10_repeats100,boston,0.8485794655,0.03014251729,0.08924960809,0.01062331025,0.06061934556,0.005272075903,0.041,0.004774934555,0.6091275505,0.03542848368,TabICL_regression03/runs/6M/step-120000_ddim10_repeats100_from200_first100.json,TabICL_regression03/runs/6M/step-120000_ddim10_repeats100_from200_first100_bins10-uncertainty.json,
ex1_rows200_6m,rows200,TabICL_6M_DDIM10_repeats100,cars,0.9068798543,0.02031514215,0.07098054227,0.00866443599,0.04714560306,0.005204527812,0.062,0.003033150178,0.4701678405,0.0428293023,TabICL_regression03/runs/6M/step-120000_ddim10_repeats100_from200_first100.json,TabICL_regression03/runs/6M/step-120000_ddim10_repeats100_from200_first100_bins10-uncertainty.json,
ex1_rows200_6m,rows200,TabICL_6M_DDIM10_repeats100,concrete_compressive_strength,0.7890907831,0.03418650266,0.1127943156,0.005329360768,0.08528030733,0.003807464089,0.033,0.00219089023,1.058904195,0.07911713005,TabICL_regression03/runs/6M/step-120000_ddim10_repeats100_from200_first100.json,TabICL_regression03/runs/6M/step-120000_ddim10_repeats100_from200_first100_bins10-uncertainty.json,
ex1_rows200_6m,rows200,TabICL_6M_DDIM10_repeats100,cpu_activity,0.9603636266,0.01694572075,0.03478477479,0.004958866232,0.02130538539,0.001852804397,0.067,0.006,0.2256115285,0.02317526736,TabICL_regression03/runs/6M/step-120000_ddim10_repeats100_from200_first100.json,TabICL_regression03/runs/6M/step-120000_ddim10_repeats100_from200_first100_bins10-uncertainty.json,
ex1_rows200_6m,rows200,TabICL_6M_DDIM10_repeats100,energy_efficiency,0.9807621057,0.005867529586,0.04093603781,0.005166025277,0.02614211686,0.00275376257,0.083,0.006782329983,0.1556694205,0.01662252432,TabICL_regression03/runs/6M/step-120000_ddim10_repeats100_from200_first100.json,TabICL_regression03/runs/6M/step-120000_ddim10_repeats100_from200_first100_bins10-uncertainty.json,
ex1_rows200_6m,rows200,TabICL_6M_DDIM10_repeats100,grid_stability,0.7966443555,0.02092077668,0.1188021947,0.004274493558,0.09200206922,0.003644828401,0.026,0.002,1.287264214,0.01681969761,TabICL_regression03/runs/6M/step-120000_ddim10_repeats100_from200_first100.json,TabICL_regression03/runs/6M/step-120000_ddim10_repeats100_from200_first100_bins10-uncertainty.json,
ex1_rows200_6m,rows200,TabICL_6M_DDIM10_repeats100,kin8nm,0.3859659962,0.05400126338,0.1925246798,0.01276956134,0.1487620752,0.009740885276,0.025,0.004147288271,1.921514596,0.08595358028,TabICL_regression03/runs/6M/step-120000_ddim10_repeats100_from200_first100.json,TabICL_regression03/runs/6M/step-120000_ddim10_repeats100_from200_first100_bins10-uncertainty.json,
ex1_rows200_6m,rows200,TabICL_6M_DDIM10_repeats100,Moneyball,0.9329718378,0.008964754864,0.05851552362,0.004087978107,0.04516810041,0.003312413812,0.045,0.002607680962,0.5123757218,0.02947183911,TabICL_regression03/runs/6M/step-120000_ddim10_repeats100_from200_first100.json,TabICL_regression03/runs/6M/step-120000_ddim10_repeats100_from200_first100_bins10-uncertainty.json,
ex1_rows200_6m,rows200,TabICL_6M_DDIM10_repeats100,pumadyn32nh,0.122227496,0.01679042641,0.1999710182,0.005757736894,0.163410292,0.005892969375,0.02,0.002683281573,2.613305687,0.1900682761,TabICL_regression03/runs/6M/step-120000_ddim10_repeats100_from200_first100.json,TabICL_regression03/runs/6M/step-120000_ddim10_repeats100_from200_first100_bins10-uncertainty.json,
ex1_rows200_6m,rows200,TabICL_6M_DDIM10_repeats100,QSAR_fish_toxicity,0.4882522048,0.06647375747,0.1451553343,0.008398231118,0.1027197777,0.005041598226,0.031,0.00219089023,1.416566233,0.09737364552,TabICL_regression03/runs/6M/step-120000_ddim10_repeats100_from200_first100.json,TabICL_regression03/runs/6M/step-120000_ddim10_repeats100_from200_first100_bins10-uncertainty.json,
ex1_rows200_6m,rows200,TabICL_6M_DDIM10_repeats100,quake,-0.07079289283,0.01376843276,0.2781788521,0.01092821217,0.2223853746,0.01029943014,0.027,0.00228035085,2.504358083,0.1720247332,TabICL_regression03/runs/6M/step-120000_ddim10_repeats100_from200_first100.json,TabICL_regression03/runs/6M/step-120000_ddim10_repeats100_from200_first100_bins10-uncertainty.json,
ex1_rows200_6m,rows200,TabICL_6M_DDIM10_repeats100,sensory,0.06867739979,0.01963204038,0.2372876211,0.01044376469,0.1881092943,0.0111508179,0.033,0.006418722614,2.525873235,0.1856064043,TabICL_regression03/runs/6M/step-120000_ddim10_repeats100_from200_first100.json,TabICL_regression03/runs/6M/step-120000_ddim10_repeats100_from200_first100_bins10-uncertainty.json,
ex1_rows200_6m,rows200,TabICL_6M_DDIM10_repeats100,socmob,0.722887163,0.08941405801,0.09297328491,0.02233629011,0.03849437316,0.01124916591,0.103,0.009099450533,0.3008767745,0.06375117881,TabICL_regression03/runs/6M/step-120000_ddim10_repeats100_from200_first100.json,TabICL_regression03/runs/6M/step-120000_ddim10_repeats100_from200_first100_bins10-uncertainty.json,
ex1_rows200_6m,rows200,TabICL_6M_DDIM10_repeats100,space_ga,0.5872944306,0.03885680325,0.1515857885,0.01005127525,0.1155745795,0.01129529065,0.03,0.008294576541,1.479320182,0.09480302949,TabICL_regression03/runs/6M/step-120000_ddim10_repeats100_from200_first100.json,TabICL_regression03/runs/6M/step-120000_ddim10_repeats100_from200_first100_bins10-uncertainty.json,
ex1_rows200_6m,rows200,TabICL_6M_DDIM10_repeats100,student_performance,0.06726611668,0.04183741702,0.1931724616,0.01104077966,0.1392509447,0.01136558509,0.02,0.002607680962,2.154115611,0.1101346396,TabICL_regression03/runs/6M/step-120000_ddim10_repeats100_from200_first100.json,TabICL_regression03/runs/6M/step-120000_ddim10_repeats100_from200_first100_bins10-uncertainty.json,
ex1_rows200_6m,rows200,nanoTabPFN_6M,abalone,0.4877267243,0.03294066844,0.1735530529,0.007306193796,0.1320758538,0.005085266077,0.027,0.006985699679,2.245257028,0.1201669903,nanoTabPFN_version10_original02/6M/model_step_0120000_rows200_bins10_eval.json,nanoTabPFN_version10_original02/6M/model_step_0120000_rows200_bins10_eval.json,
ex1_rows200_6m,rows200,nanoTabPFN_6M,airfoil_self_noise,0.7637149456,0.02696493022,0.1108119815,0.005589201031,0.08116131644,0.004066456025,0.034,0.005366563146,1.896725799,0.07243534022,nanoTabPFN_version10_original02/6M/model_step_0120000_rows200_bins10_eval.json,nanoTabPFN_version10_original02/6M/model_step_0120000_rows200_bins10_eval.json,
ex1_rows200_6m,rows200,nanoTabPFN_6M,auction_verification,0.8878337664,0.01746301254,0.1005252742,0.009124758284,0.0472937846,0.003525473672,0.026,0.005099019514,0.6678779483,0.03573289081,nanoTabPFN_version10_original02/6M/model_step_0120000_rows200_bins10_eval.json,nanoTabPFN_version10_original02/6M/model_step_0120000_rows200_bins10_eval.json,
ex1_rows200_6m,rows200,nanoTabPFN_6M,boston,0.8625051473,0.02740032035,0.08495672768,0.01020193807,0.05872767846,0.00520559989,0.025,0.003898717738,1.118802597,0.06743152549,nanoTabPFN_version10_original02/6M/model_step_0120000_rows200_bins10_eval.json,nanoTabPFN_version10_original02/6M/model_step_0120000_rows200_bins10_eval.json,
ex1_rows200_6m,rows200,nanoTabPFN_6M,cars,0.9102607784,0.01562476378,0.06933925494,0.004554152872,0.04730077963,0.003783938593,0.019,0.003286335345,0.8533078457,0.0599018231,nanoTabPFN_version10_original02/6M/model_step_0120000_rows200_bins10_eval.json,nanoTabPFN_version10_original02/6M/model_step_0120000_rows200_bins10_eval.json,
ex1_rows200_6m,rows200,nanoTabPFN_6M,concrete_compressive_strength,0.8567760188,0.02328008329,0.09325915496,0.006834960876,0.06890021885,0.004894283465,0.027,0.003286335345,1.38512651,0.08874329805,nanoTabPFN_version10_original02/6M/model_step_0120000_rows200_bins10_eval.json,nanoTabPFN_version10_original02/6M/model_step_0120000_rows200_bins10_eval.json,
ex1_rows200_6m,rows200,nanoTabPFN_6M,cpu_activity,0.9423043452,0.01797653699,0.04414652232,0.006224990965,0.02536951568,0.002064822352,0.022,0.004,0.546486619,0.03963481915,nanoTabPFN_version10_original02/6M/model_step_0120000_rows200_bins10_eval.json,nanoTabPFN_version10_original02/6M/model_step_0120000_rows200_bins10_eval.json,
ex1_rows200_6m,rows200,nanoTabPFN_6M,energy_efficiency,0.9890225681,0.005611913651,0.02848771902,0.006399106745,0.0199665007,0.003481414529,0.019,0.003847076812,0.2611000862,0.01039064462,nanoTabPFN_version10_original02/6M/model_step_0120000_rows200_bins10_eval.json,nanoTabPFN_version10_original02/6M/model_step_0120000_rows200_bins10_eval.json,
ex1_rows200_6m,rows200,nanoTabPFN_6M,grid_stability,0.8336501224,0.0177904464,0.1075151456,0.004445102463,0.08450545233,0.003834773711,0.03,0.00228035085,1.664735848,0.02845095456,nanoTabPFN_version10_original02/6M/model_step_0120000_rows200_bins10_eval.json,nanoTabPFN_version10_original02/6M/model_step_0120000_rows200_bins10_eval.json,
ex1_rows200_6m,rows200,nanoTabPFN_6M,kin8nm,0.3726358872,0.02699122459,0.1950421008,0.009778419322,0.1562971704,0.009989516343,0.025,0.003898717738,2.66119011,0.1069423133,nanoTabPFN_version10_original02/6M/model_step_0120000_rows200_bins10_eval.json,nanoTabPFN_version10_original02/6M/model_step_0120000_rows200_bins10_eval.json,
ex1_rows200_6m,rows200,nanoTabPFN_6M,Moneyball,0.9432794611,0.008784185758,0.05351613327,0.003857191886,0.04325348241,0.002752561048,0.018,0.004816637832,0.8110239837,0.04334446044,nanoTabPFN_version10_original02/6M/model_step_0120000_rows200_bins10_eval.json,nanoTabPFN_version10_original02/6M/model_step_0120000_rows200_bins10_eval.json,
ex1_rows200_6m,rows200,nanoTabPFN_6M,pumadyn32nh,-0.009639483827,0.008329044055,0.2146887017,0.007187943075,0.1718950035,0.006627041946,0.017,0.003847076812,3.352232208,0.2948649667,nanoTabPFN_version10_original02/6M/model_step_0120000_rows200_bins10_eval.json,nanoTabPFN_version10_original02/6M/model_step_0120000_rows200_bins10_eval.json,
ex1_rows200_6m,rows200,nanoTabPFN_6M,QSAR_fish_toxicity,0.5220025667,0.0473670808,0.1409662912,0.006431950895,0.1019469551,0.004176931459,0.028,0.004604345773,2.371894544,0.1816405436,nanoTabPFN_version10_original02/6M/model_step_0120000_rows200_bins10_eval.json,nanoTabPFN_version10_original02/6M/model_step_0120000_rows200_bins10_eval.json,
ex1_rows200_6m,rows200,nanoTabPFN_6M,quake,-0.0566055287,0.01659187814,0.2764264284,0.0115352118,0.2280911063,0.01184976883,0.044,0.003033150178,3.126415119,0.1810353108,nanoTabPFN_version10_original02/6M/model_step_0120000_rows200_bins10_eval.json,nanoTabPFN_version10_original02/6M/model_step_0120000_rows200_bins10_eval.json,
ex1_rows200_6m,rows200,nanoTabPFN_6M,sensory,-0.02480963358,0.02007400954,0.2487604501,0.01014747676,0.1943203688,0.008979741864,0.035,0.00219089023,3.234978835,0.3261986062,nanoTabPFN_version10_original02/6M/model_step_0120000_rows200_bins10_eval.json,nanoTabPFN_version10_original02/6M/model_step_0120000_rows200_bins10_eval.json,
ex1_rows200_6m,rows200,nanoTabPFN_6M,socmob,0.3971034747,0.05824332307,0.1397778581,0.008385973743,0.04633306891,0.009206490524,0.029,0.006723094526,0.7157796511,0.1768517887,nanoTabPFN_version10_original02/6M/model_step_0120000_rows200_bins10_eval.json,nanoTabPFN_version10_original02/6M/model_step_0120000_rows200_bins10_eval.json,
ex1_rows200_6m,rows200,nanoTabPFN_6M,space_ga,0.5540871559,0.0457191495,0.1572699185,0.01045178894,0.1225226455,0.0122217917,0.022,0.00469041576,2.228903096,0.1662155552,nanoTabPFN_version10_original02/6M/model_step_0120000_rows200_bins10_eval.json,nanoTabPFN_version10_original02/6M/model_step_0120000_rows200_bins10_eval.json,
ex1_rows200_6m,rows200,nanoTabPFN_6M,student_performance,0.09974156545,0.01707350996,0.1896739943,0.00836256101,0.1353084154,0.008394643044,0.02,0.006542170894,2.444305113,0.2027742891,nanoTabPFN_version10_original02/6M/model_step_0120000_rows200_bins10_eval.json,nanoTabPFN_version10_original02/6M/model_step_0120000_rows200_bins10_eval.json,
ex1_rows200_6m,rows200,TabPFN_v2_official,abalone,0.518873036,0.01975782599,0.168799742,0.007058913613,0.1258358091,0.005728337196,0.02,0.008438009244,0.7301086549,0.04056404417,TabICL_regression03/runs/tabpfn_v2_uncertainty_rows200_bins10.json,TabICL_regression03/runs/tabpfn_v2_uncertainty_rows200_bins10.json,
ex1_rows200_6m,rows200,TabPFN_v2_official,airfoil_self_noise,0.8449975143,0.01819947814,0.0897662251,0.004381795776,0.05988403696,0.002321827198,0.015,0.001095445115,0.415304857,0.026011812,TabICL_regression03/runs/tabpfn_v2_uncertainty_rows200_bins10.json,TabICL_regression03/runs/tabpfn_v2_uncertainty_rows200_bins10.json,
ex1_rows200_6m,rows200,TabPFN_v2_official,auction_verification,0.8968818963,0.01785938038,0.09605414334,0.009354615379,0.04387608761,0.003931414714,0.016,0.0045607017,0.2235796942,0.01259376956,TabICL_regression03/runs/tabpfn_v2_uncertainty_rows200_bins10.json,TabICL_regression03/runs/tabpfn_v2_uncertainty_rows200_bins10.json,
ex1_rows200_6m,rows200,TabPFN_v2_official,boston,0.8669989962,0.01859234811,0.08425066442,0.006822917506,0.05714694759,0.004074889281,0.01,0.003033150178,0.3668225941,0.02559710799,TabICL_regression03/runs/tabpfn_v2_uncertainty_rows200_bins10.json,TabICL_regression03/runs/tabpfn_v2_uncertainty_rows200_bins10.json,
ex1_rows200_6m,rows200,TabPFN_v2_official,cars,0.9340653491,0.008457229034,0.06023086743,0.003578874902,0.0416541208,0.00354292303,0.025,0.005899152482,0.2820506844,0.01448403072,TabICL_regression03/runs/tabpfn_v2_uncertainty_rows200_bins10.json,TabICL_regression03/runs/tabpfn_v2_uncertainty_rows200_bins10.json,
ex1_rows200_6m,rows200,TabPFN_v2_official,concrete_compressive_strength,0.8715453374,0.01599287886,0.08902011379,0.005080068224,0.06605720724,0.003551284542,0.018,0.00438178046,0.4695617934,0.01771579292,TabICL_regression03/runs/tabpfn_v2_uncertainty_rows200_bins10.json,TabICL_regression03/runs/tabpfn_v2_uncertainty_rows200_bins10.json,
ex1_rows200_6m,rows200,TabPFN_v2_official,cpu_activity,0.9777192988,0.002616026702,0.02920599034,0.001124501985,0.02023358216,0.0006953737544,0.021,0.003033150178,0.1467614869,0.01173836456,TabICL_regression03/runs/tabpfn_v2_uncertainty_rows200_bins10.json,TabICL_regression03/runs/tabpfn_v2_uncertainty_rows200_bins10.json,
ex1_rows200_6m,rows200,TabPFN_v2_official,energy_efficiency,0.9954107674,0.001292308524,0.02020613338,0.003349659276,0.01397886598,0.001745933839,0.017,0.003286335345,0.07919896288,0.006460189114,TabICL_regression03/runs/tabpfn_v2_uncertainty_rows200_bins10.json,TabICL_regression03/runs/tabpfn_v2_uncertainty_rows200_bins10.json,
ex1_rows200_6m,rows200,TabPFN_v2_official,grid_stability,0.8228914451,0.01931008657,0.1106638348,0.00400963231,0.08660894698,0.003323448129,0.014,0.005176871642,0.6040628127,0.01136522365,TabICL_regression03/runs/tabpfn_v2_uncertainty_rows200_bins10.json,TabICL_regression03/runs/tabpfn_v2_uncertainty_rows200_bins10.json,
ex1_rows200_6m,rows200,TabPFN_v2_official,kin8nm,0.4317244565,0.04279605733,0.1851491921,0.01047757688,0.1462518837,0.007022757996,0.014,0.002966479395,0.9470431,0.04736861582,TabICL_regression03/runs/tabpfn_v2_uncertainty_rows200_bins10.json,TabICL_regression03/runs/tabpfn_v2_uncertainty_rows200_bins10.json,
ex1_rows200_6m,rows200,TabPFN_v2_official,Moneyball,0.9496820718,0.007942154094,0.05038560065,0.00364478107,0.04063293415,0.003143403989,0.019,0.005403702434,0.2870117297,0.01663142611,TabICL_regression03/runs/tabpfn_v2_uncertainty_rows200_bins10.json,TabICL_regression03/runs/tabpfn_v2_uncertainty_rows200_bins10.json,
ex1_rows200_6m,rows200,TabPFN_v2_official,pumadyn32nh,0.5053208027,0.04129855201,0.1496188377,0.007856988652,0.1216386764,0.004740470646,0.016,0.002607680962,0.9130928307,0.07242970486,TabICL_regression03/runs/tabpfn_v2_uncertainty_rows200_bins10.json,TabICL_regression03/runs/tabpfn_v2_uncertainty_rows200_bins10.json,
ex1_rows200_6m,rows200,TabPFN_v2_official,QSAR_fish_toxicity,0.514102449,0.0505997972,0.1419977134,0.006358598046,0.1017512215,0.00396680044,0.02,0.004604345773,0.7448141071,0.0636805443,TabICL_regression03/runs/tabpfn_v2_uncertainty_rows200_bins10.json,TabICL_regression03/runs/tabpfn_v2_uncertainty_rows200_bins10.json,
ex1_rows200_6m,rows200,TabPFN_v2_official,quake,-0.04644604046,0.01714361101,0.2751525454,0.01175742842,0.2204889079,0.01201426879,0.061,0.008648699324,1.213949142,0.1339939542,TabICL_regression03/runs/tabpfn_v2_uncertainty_rows200_bins10.json,TabICL_regression03/runs/tabpfn_v2_uncertainty_rows200_bins10.json,
ex1_rows200_6m,rows200,TabPFN_v2_official,sensory,0.03566314499,0.01504823732,0.2412963381,0.009599008108,0.1891078459,0.008329081629,0.028,0.003898717738,1.172517329,0.07685285864,TabICL_regression03/runs/tabpfn_v2_uncertainty_rows200_bins10.json,TabICL_regression03/runs/tabpfn_v2_uncertainty_rows200_bins10.json,
ex1_rows200_6m,rows200,TabPFN_v2_official,socmob,0.6450967557,0.03838011384,0.1075769063,0.008540013639,0.03707283914,0.007172579726,0.026,0.005215361924,0.2364080367,0.04125761895,TabICL_regression03/runs/tabpfn_v2_uncertainty_rows200_bins10.json,TabICL_regression03/runs/tabpfn_v2_uncertainty_rows200_bins10.json,
ex1_rows200_6m,rows200,TabPFN_v2_official,space_ga,0.6622990626,0.03001528193,0.1374545852,0.00965352908,0.106303241,0.01024273632,0.019,0.003898717738,0.739120803,0.04693498183,TabICL_regression03/runs/tabpfn_v2_uncertainty_rows200_bins10.json,TabICL_regression03/runs/tabpfn_v2_uncertainty_rows200_bins10.json,
ex1_rows200_6m,rows200,TabPFN_v2_official,student_performance,0.1049020569,0.04209749516,0.1886411997,0.00858214818,0.1350405398,0.01041777049,0.021,0.003633180425,0.8970001329,0.05314281006,TabICL_regression03/runs/tabpfn_v2_uncertainty_rows200_bins10.json,TabICL_regression03/runs/tabpfn_v2_uncertainty_rows200_bins10.json,
ex1_rows200_6m,rows200,TabPFN_v3_official,abalone,0.5659131016,0.03090976112,0.1596266391,0.007240940042,0.119215064,0.005201898202,0.024,0.005176871642,,,TabICL_regression03/runs/tabpfn_v3_uncertainty_rows200_bins10.json,TabICL_regression03/runs/tabpfn_v3_uncertainty_rows200_bins10.json,
ex1_rows200_6m,rows200,TabPFN_v3_official,airfoil_self_noise,0.8433844478,0.02993517887,0.08833695345,0.005562971203,0.05938705648,0.001913213551,0.019,0.003633180425,,,TabICL_regression03/runs/tabpfn_v3_uncertainty_rows200_bins10.json,TabICL_regression03/runs/tabpfn_v3_uncertainty_rows200_bins10.json,
ex1_rows200_6m,rows200,TabPFN_v3_official,auction_verification,0.9087979222,0.02183422087,0.08927127623,0.01179044488,0.04067074462,0.004744629099,0.016,0.003898717738,,,TabICL_regression03/runs/tabpfn_v3_uncertainty_rows200_bins10.json,TabICL_regression03/runs/tabpfn_v3_uncertainty_rows200_bins10.json,
ex1_rows200_6m,rows200,TabPFN_v3_official,boston,0.8698210712,0.01961772948,0.0834617643,0.007732683412,0.05681228938,0.003577594972,0.016,0.00228035085,,,TabICL_regression03/runs/tabpfn_v3_uncertainty_rows200_bins10.json,TabICL_regression03/runs/tabpfn_v3_uncertainty_rows200_bins10.json,
ex1_rows200_6m,rows200,TabPFN_v3_official,cars,0.9403372163,0.006408289023,0.05801376835,0.00449395499,0.04070735911,0.003968580533,0.016,0.001788854382,,,TabICL_regression03/runs/tabpfn_v3_uncertainty_rows200_bins10.json,TabICL_regression03/runs/tabpfn_v3_uncertainty_rows200_bins10.json,
ex1_rows200_6m,rows200,TabPFN_v3_official,concrete_compressive_strength,0.8792876593,0.01591839087,0.08638572028,0.006282040861,0.06284284404,0.004196567328,0.016,0.001788854382,,,TabICL_regression03/runs/tabpfn_v3_uncertainty_rows200_bins10.json,TabICL_regression03/runs/tabpfn_v3_uncertainty_rows200_bins10.json,
ex1_rows200_6m,rows200,TabPFN_v3_official,cpu_activity,0.979667419,0.001842572657,0.02815983686,0.001558154673,0.01939868419,0.0003589702823,0.013,0.005899152482,,,TabICL_regression03/runs/tabpfn_v3_uncertainty_rows200_bins10.json,TabICL_regression03/runs/tabpfn_v3_uncertainty_rows200_bins10.json,
ex1_rows200_6m,rows200,TabPFN_v3_official,energy_efficiency,0.9964559798,0.001059078764,0.01758494372,0.002643018059,0.01255088945,0.001678189809,0.018,0.002683281573,,,TabICL_regression03/runs/tabpfn_v3_uncertainty_rows200_bins10.json,TabICL_regression03/runs/tabpfn_v3_uncertainty_rows200_bins10.json,
ex1_rows200_6m,rows200,TabPFN_v3_official,grid_stability,0.8609030154,0.01488877111,0.0981770853,0.002543647935,0.07648771644,0.002870131389,0.018,0.003286335345,,,TabICL_regression03/runs/tabpfn_v3_uncertainty_rows200_bins10.json,TabICL_regression03/runs/tabpfn_v3_uncertainty_rows200_bins10.json,
ex1_rows200_6m,rows200,TabPFN_v3_official,kin8nm,0.5881923133,0.02816243183,0.1576970605,0.008844035124,0.1214792961,0.007030089701,0.016,0.00228035085,,,TabICL_regression03/runs/tabpfn_v3_uncertainty_rows200_bins10.json,TabICL_regression03/runs/tabpfn_v3_uncertainty_rows200_bins10.json,
ex1_rows200_6m,rows200,TabPFN_v3_official,Moneyball,0.9471145674,0.007713358664,0.05172853213,0.003342410387,0.04202925102,0.002757637202,0.018,0.002607680962,,,TabICL_regression03/runs/tabpfn_v3_uncertainty_rows200_bins10.json,TabICL_regression03/runs/tabpfn_v3_uncertainty_rows200_bins10.json,
ex1_rows200_6m,rows200,TabPFN_v3_official,pumadyn32nh,0.5013565716,0.03614066613,0.1507310237,0.008576387441,0.1212632126,0.0058759834,0.011,0.003286335345,,,TabICL_regression03/runs/tabpfn_v3_uncertainty_rows200_bins10.json,TabICL_regression03/runs/tabpfn_v3_uncertainty_rows200_bins10.json,
ex1_rows200_6m,rows200,TabPFN_v3_official,QSAR_fish_toxicity,0.5029802807,0.05782189289,0.1431473806,0.006670986074,0.101207733,0.004564415415,0.021,0.005176871642,,,TabICL_regression03/runs/tabpfn_v3_uncertainty_rows200_bins10.json,TabICL_regression03/runs/tabpfn_v3_uncertainty_rows200_bins10.json,
ex1_rows200_6m,rows200,TabPFN_v3_official,quake,-0.0357251883,0.01367934509,0.2737940493,0.01179786958,0.2229604545,0.01162881002,0.063,0.005019960159,,,TabICL_regression03/runs/tabpfn_v3_uncertainty_rows200_bins10.json,TabICL_regression03/runs/tabpfn_v3_uncertainty_rows200_bins10.json,
ex1_rows200_6m,rows200,TabPFN_v3_official,sensory,0.06996063849,0.03316468789,0.2372983365,0.01219973519,0.1887423709,0.0113623446,0.017,0.003741657387,,,TabICL_regression03/runs/tabpfn_v3_uncertainty_rows200_bins10.json,TabICL_regression03/runs/tabpfn_v3_uncertainty_rows200_bins10.json,
ex1_rows200_6m,rows200,TabPFN_v3_official,socmob,0.7077245432,0.08164044056,0.09342044273,0.01476443641,0.0356975028,0.00780175798,0.021,0.001788854382,,,TabICL_regression03/runs/tabpfn_v3_uncertainty_rows200_bins10.json,TabICL_regression03/runs/tabpfn_v3_uncertainty_rows200_bins10.json,
ex1_rows200_6m,rows200,TabPFN_v3_official,space_ga,0.6307495203,0.03368691429,0.1436022748,0.01027021356,0.1093455745,0.01096662447,0.022,0.00469041576,,,TabICL_regression03/runs/tabpfn_v3_uncertainty_rows200_bins10.json,TabICL_regression03/runs/tabpfn_v3_uncertainty_rows200_bins10.json,
ex1_rows200_6m,rows200,TabPFN_v3_official,student_performance,0.1522195594,0.03907186972,0.1838685714,0.009424230915,0.1302007998,0.01088386297,0.012,0.004604345773,,,TabICL_regression03/runs/tabpfn_v3_uncertainty_rows200_bins10.json,TabICL_regression03/runs/tabpfn_v3_uncertainty_rows200_bins10.json,
ex1_rows200_6m,rows200,ngboost,abalone,0.3766876732,0.04742824406,0.1912446237,0.008184899315,0.1458916061,0.007896560087,0.051,0.007293833012,,,TabICL_regression03/runs/distribution_baselines_rows200_bins10.json,TabICL_regression03/runs/distribution_baselines_rows200_bins10.json,visible_source_does_not_exactly_reproduce_ex1_aggregate_baseline_rows
ex1_rows200_6m,rows200,ngboost,airfoil_self_noise,0.6409999412,0.02777918532,0.1377665048,0.00545286154,0.1100730156,0.005681791366,0.037,0.005727128425,,,TabICL_regression03/runs/distribution_baselines_rows200_bins10.json,TabICL_regression03/runs/distribution_baselines_rows200_bins10.json,visible_source_does_not_exactly_reproduce_ex1_aggregate_baseline_rows
ex1_rows200_6m,rows200,ngboost,auction_verification,0.8973166341,0.01345566848,0.09591359113,0.0069336961,0.05419676248,0.003001811436,0.045,0.003286335345,,,TabICL_regression03/runs/distribution_baselines_rows200_bins10.json,TabICL_regression03/runs/distribution_baselines_rows200_bins10.json,visible_source_does_not_exactly_reproduce_ex1_aggregate_baseline_rows
ex1_rows200_6m,rows200,ngboost,boston,0.8669540048,0.02373972165,0.0841020934,0.009223544847,0.05941887945,0.004638932354,0.055,0.007071067812,,,TabICL_regression03/runs/distribution_baselines_rows200_bins10.json,TabICL_regression03/runs/distribution_baselines_rows200_bins10.json,visible_source_does_not_exactly_reproduce_ex1_aggregate_baseline_rows
ex1_rows200_6m,rows200,ngboost,cars,0.890403083,0.01012573313,0.07819946659,0.002976960662,0.05278642752,0.003916699104,0.027,0.00316227766,,,TabICL_regression03/runs/distribution_baselines_rows200_bins10.json,TabICL_regression03/runs/distribution_baselines_rows200_bins10.json,visible_source_does_not_exactly_reproduce_ex1_aggregate_baseline_rows
ex1_rows200_6m,rows200,ngboost,concrete_compressive_strength,0.7457578833,0.02979620994,0.1255453376,0.007542545289,0.09577112313,0.004891078865,0.03,0.005019960159,,,TabICL_regression03/runs/distribution_baselines_rows200_bins10.json,TabICL_regression03/runs/distribution_baselines_rows200_bins10.json,visible_source_does_not_exactly_reproduce_ex1_aggregate_baseline_rows
ex1_rows200_6m,rows200,ngboost,cpu_activity,0.9725651839,0.006253798694,0.03140188663,0.001896220953,0.02235569364,0.00101876139,0.031,0.004472135955,,,TabICL_regression03/runs/distribution_baselines_rows200_bins10.json,TabICL_regression03/runs/distribution_baselines_rows200_bins10.json,visible_source_does_not_exactly_reproduce_ex1_aggregate_baseline_rows
ex1_rows200_6m,rows200,ngboost,energy_efficiency,0.988217672,0.00359001055,0.03207103874,0.004626973604,0.02245526945,0.002593493358,0.047,0.004604345773,,,TabICL_regression03/runs/distribution_baselines_rows200_bins10.json,TabICL_regression03/runs/distribution_baselines_rows200_bins10.json,visible_source_does_not_exactly_reproduce_ex1_aggregate_baseline_rows
ex1_rows200_6m,rows200,ngboost,grid_stability,0.6448913851,0.03185445927,0.1573642399,0.004579015472,0.1304661903,0.003151238191,0.047,0.006066300355,,,TabICL_regression03/runs/distribution_baselines_rows200_bins10.json,TabICL_regression03/runs/distribution_baselines_rows200_bins10.json,visible_source_does_not_exactly_reproduce_ex1_aggregate_baseline_rows
ex1_rows200_6m,rows200,ngboost,kin8nm,0.2719039822,0.02622826021,0.2101701138,0.01007825304,0.1631593297,0.009774370609,0.048,0.005366563146,,,TabICL_regression03/runs/distribution_baselines_rows200_bins10.json,TabICL_regression03/runs/distribution_baselines_rows200_bins10.json,visible_source_does_not_exactly_reproduce_ex1_aggregate_baseline_rows
ex1_rows200_6m,rows200,ngboost,Moneyball,0.9164886097,0.01095080957,0.06514839736,0.004213074447,0.05041446254,0.004332036507,0.059,0.006542170894,,,TabICL_regression03/runs/distribution_baselines_rows200_bins10.json,TabICL_regression03/runs/distribution_baselines_rows200_bins10.json,visible_source_does_not_exactly_reproduce_ex1_aggregate_baseline_rows
ex1_rows200_6m,rows200,ngboost,pumadyn32nh,0.08835329155,0.03456328519,0.2033460195,0.004498742451,0.1648139795,0.004201544537,0.061,0.004604345773,,,TabICL_regression03/runs/distribution_baselines_rows200_bins10.json,TabICL_regression03/runs/distribution_baselines_rows200_bins10.json,visible_source_does_not_exactly_reproduce_ex1_aggregate_baseline_rows
ex1_rows200_6m,rows200,ngboost,QSAR_fish_toxicity,0.4901895473,0.06371168729,0.1449247025,0.006936874345,0.1054585981,0.004141260061,0.031,0.003033150178,,,TabICL_regression03/runs/distribution_baselines_rows200_bins10.json,TabICL_regression03/runs/distribution_baselines_rows200_bins10.json,visible_source_does_not_exactly_reproduce_ex1_aggregate_baseline_rows
ex1_rows200_6m,rows200,ngboost,quake,-0.4101963702,0.06859518034,0.3180274027,0.01116003941,0.256659441,0.01065568201,0.059,0.006228964601,,,TabICL_regression03/runs/distribution_baselines_rows200_bins10.json,TabICL_regression03/runs/distribution_baselines_rows200_bins10.json,visible_source_does_not_exactly_reproduce_ex1_aggregate_baseline_rows
ex1_rows200_6m,rows200,ngboost,sensory,-0.02037708865,0.120144886,0.248075726,0.02184253575,0.1941208264,0.01758593761,0.034,0.004604345773,,,TabICL_regression03/runs/distribution_baselines_rows200_bins10.json,TabICL_regression03/runs/distribution_baselines_rows200_bins10.json,visible_source_does_not_exactly_reproduce_ex1_aggregate_baseline_rows
ex1_rows200_6m,rows200,ngboost,socmob,0.5226456947,0.168417077,0.1216634771,0.03123291853,0.04819112953,0.01541186033,0.046,0.005899152482,,,TabICL_regression03/runs/distribution_baselines_rows200_bins10.json,TabICL_regression03/runs/distribution_baselines_rows200_bins10.json,visible_source_does_not_exactly_reproduce_ex1_aggregate_baseline_rows
ex1_rows200_6m,rows200,ngboost,space_ga,0.4874082962,0.0438702592,0.1690307742,0.01038837035,0.1298261343,0.01158193698,0.049,0.009486832981,,,TabICL_regression03/runs/distribution_baselines_rows200_bins10.json,TabICL_regression03/runs/distribution_baselines_rows200_bins10.json,visible_source_does_not_exactly_reproduce_ex1_aggregate_baseline_rows
ex1_rows200_6m,rows200,ngboost,student_performance,0.01696949784,0.02162138495,0.1985185071,0.01041846081,0.1453764204,0.01171170385,0.036,0.002449489743,,,TabICL_regression03/runs/distribution_baselines_rows200_bins10.json,TabICL_regression03/runs/distribution_baselines_rows200_bins10.json,visible_source_does_not_exactly_reproduce_ex1_aggregate_baseline_rows
ex1_rows200_6m,rows200,catboost,abalone,0.3776868177,0.03917881769,0.1910647947,0.006143268271,0.1412817768,0.005838961455,0.094,0.007402702209,,,TabICL_regression03/runs/distribution_baselines_rows200_bins10.json,TabICL_regression03/runs/distribution_baselines_rows200_bins10.json,visible_source_does_not_exactly_reproduce_ex1_aggregate_baseline_rows
ex1_rows200_6m,rows200,catboost,airfoil_self_noise,0.7373879753,0.0216587406,0.1175307446,0.0034047563,0.0846379878,0.004319628247,0.106,0.003286335345,,,TabICL_regression03/runs/distribution_baselines_rows200_bins10.json,TabICL_regression03/runs/distribution_baselines_rows200_bins10.json,visible_source_does_not_exactly_reproduce_ex1_aggregate_baseline_rows
ex1_rows200_6m,rows200,catboost,auction_verification,0.8796439932,0.01937686794,0.103590354,0.009273005142,0.05693757516,0.005892015493,0.09,0.003847076812,,,TabICL_regression03/runs/distribution_baselines_rows200_bins10.json,TabICL_regression03/runs/distribution_baselines_rows200_bins10.json,visible_source_does_not_exactly_reproduce_ex1_aggregate_baseline_rows
ex1_rows200_6m,rows200,catboost,boston,0.8495425427,0.03258707009,0.0886430657,0.01181621576,0.06048300798,0.005842707636,0.106,0.006693280212,,,TabICL_regression03/runs/distribution_baselines_rows200_bins10.json,TabICL_regression03/runs/distribution_baselines_rows200_bins10.json,visible_source_does_not_exactly_reproduce_ex1_aggregate_baseline_rows
ex1_rows200_6m,rows200,catboost,cars,0.8752402671,0.03487193409,0.07898855289,0.006208798715,0.04954561487,0.003097083604,0.103,0.007668115805,,,TabICL_regression03/runs/distribution_baselines_rows200_bins10.json,TabICL_regression03/runs/distribution_baselines_rows200_bins10.json,visible_source_does_not_exactly_reproduce_ex1_aggregate_baseline_rows
ex1_rows200_6m,rows200,catboost,concrete_compressive_strength,0.8195641007,0.02758002552,0.105012201,0.008277839321,0.07579485878,0.004991159615,0.095,0.007127411872,,,TabICL_regression03/runs/distribution_baselines_rows200_bins10.json,TabICL_regression03/runs/distribution_baselines_rows200_bins10.json,visible_source_does_not_exactly_reproduce_ex1_aggregate_baseline_rows
ex1_rows200_6m,rows200,catboost,cpu_activity,0.6731488699,0.05680756341,0.1125415591,0.01219644459,0.05090181407,0.003866391406,0.111,0.004774934555,,,TabICL_regression03/runs/distribution_baselines_rows200_bins10.json,TabICL_regression03/runs/distribution_baselines_rows200_bins10.json,visible_source_does_not_exactly_reproduce_ex1_aggregate_baseline_rows
ex1_rows200_6m,rows200,catboost,energy_efficiency,0.9904557939,0.002548757346,0.02905146562,0.004027828854,0.01936950409,0.002249972586,0.098,0.003898717738,,,TabICL_regression03/runs/distribution_baselines_rows200_bins10.json,TabICL_regression03/runs/distribution_baselines_rows200_bins10.json,visible_source_does_not_exactly_reproduce_ex1_aggregate_baseline_rows
ex1_rows200_6m,rows200,catboost,grid_stability,0.7004997461,0.03270791669,0.1440420086,0.005972851054,0.1181129294,0.005321537477,0.121,0.008049844719,,,TabICL_regression03/runs/distribution_baselines_rows200_bins10.json,TabICL_regression03/runs/distribution_baselines_rows200_bins10.json,visible_source_does_not_exactly_reproduce_ex1_aggregate_baseline_rows
ex1_rows200_6m,rows200,catboost,kin8nm,0.397285653,0.04521033258,0.1908279061,0.01197114441,0.1504026888,0.009561096401,0.122,0.003346640106,,,TabICL_regression03/runs/distribution_baselines_rows200_bins10.json,TabICL_regression03/runs/distribution_baselines_rows200_bins10.json,visible_source_does_not_exactly_reproduce_ex1_aggregate_baseline_rows
ex1_rows200_6m,rows200,catboost,Moneyball,0.908637135,0.007858920919,0.06884678128,0.003075234586,0.05413656413,0.004133928716,0.101,0.005019960159,,,TabICL_regression03/runs/distribution_baselines_rows200_bins10.json,TabICL_regression03/runs/distribution_baselines_rows200_bins10.json,visible_source_does_not_exactly_reproduce_ex1_aggregate_baseline_rows
ex1_rows200_6m,rows200,catboost,pumadyn32nh,0.02616273093,0.01100896523,0.2109460821,0.007742757254,0.169452353,0.007722291998,0.135,0.003577708764,,,TabICL_regression03/runs/distribution_baselines_rows200_bins10.json,TabICL_regression03/runs/distribution_baselines_rows200_bins10.json,visible_source_does_not_exactly_reproduce_ex1_aggregate_baseline_rows
ex1_rows200_6m,rows200,catboost,QSAR_fish_toxicity,0.5082980896,0.0538629547,0.1429799448,0.007150519245,0.1043473567,0.00387986564,0.098,0.005761944116,,,TabICL_regression03/runs/distribution_baselines_rows200_bins10.json,TabICL_regression03/runs/distribution_baselines_rows200_bins10.json,visible_source_does_not_exactly_reproduce_ex1_aggregate_baseline_rows
ex1_rows200_6m,rows200,catboost,quake,-0.5895458323,0.07443164142,0.3380774226,0.0140257972,0.2633268934,0.01144381669,0.094,0.006985699679,,,TabICL_regression03/runs/distribution_baselines_rows200_bins10.json,TabICL_regression03/runs/distribution_baselines_rows200_bins10.json,visible_source_does_not_exactly_reproduce_ex1_aggregate_baseline_rows
ex1_rows200_6m,rows200,catboost,sensory,-0.04570805904,0.0577130779,0.251240137,0.01333926566,0.2040008288,0.01367786295,0.143,0.002683281573,,,TabICL_regression03/runs/distribution_baselines_rows200_bins10.json,TabICL_regression03/runs/distribution_baselines_rows200_bins10.json,visible_source_does_not_exactly_reproduce_ex1_aggregate_baseline_rows
ex1_rows200_6m,rows200,catboost,socmob,0.5755867641,0.1159971417,0.1153184,0.02449798225,0.04587945726,0.01321394993,0.119,0.007127411872,,,TabICL_regression03/runs/distribution_baselines_rows200_bins10.json,TabICL_regression03/runs/distribution_baselines_rows200_bins10.json,visible_source_does_not_exactly_reproduce_ex1_aggregate_baseline_rows
ex1_rows200_6m,rows200,catboost,space_ga,0.4684275671,0.03524980656,0.1727922833,0.0104801979,0.133564106,0.01124421497,0.11,0.006164414003,,,TabICL_regression03/runs/distribution_baselines_rows200_bins10.json,TabICL_regression03/runs/distribution_baselines_rows200_bins10.json,visible_source_does_not_exactly_reproduce_ex1_aggregate_baseline_rows
ex1_rows200_6m,rows200,catboost,student_performance,0.03196686303,0.04789110025,0.1962766614,0.009321433041,0.1391359992,0.01142810813,0.121,0.003286335345,,,TabICL_regression03/runs/distribution_baselines_rows200_bins10.json,TabICL_regression03/runs/distribution_baselines_rows200_bins10.json,visible_source_does_not_exactly_reproduce_ex1_aggregate_baseline_rows
ex1_rows200_6m,rows200,xgboost,abalone,0.3834114547,0.0624970147,0.1896339612,0.01090054787,0.1467606068,0.009896461567,0.076,0.00438178046,,,TabICL_regression03/runs/distribution_baselines_rows200_bins10.json,TabICL_regression03/runs/distribution_baselines_rows200_bins10.json,visible_source_does_not_exactly_reproduce_ex1_aggregate_baseline_rows
ex1_rows200_6m,rows200,xgboost,airfoil_self_noise,0.7042261748,0.0327957172,0.1241907182,0.004073446314,0.09351623815,0.003249083802,0.082,0.005761944116,,,TabICL_regression03/runs/distribution_baselines_rows200_bins10.json,TabICL_regression03/runs/distribution_baselines_rows200_bins10.json,visible_source_does_not_exactly_reproduce_ex1_aggregate_baseline_rows
ex1_rows200_6m,rows200,xgboost,auction_verification,0.8727280285,0.01532124814,0.107037917,0.006201153103,0.06134307021,0.00280713397,0.084,0.003346640106,,,TabICL_regression03/runs/distribution_baselines_rows200_bins10.json,TabICL_regression03/runs/distribution_baselines_rows200_bins10.json,visible_source_does_not_exactly_reproduce_ex1_aggregate_baseline_rows
ex1_rows200_6m,rows200,xgboost,boston,0.851799746,0.02355493158,0.08902123029,0.008818126106,0.06435743326,0.004235926394,0.081,0.005656854249,,,TabICL_regression03/runs/distribution_baselines_rows200_bins10.json,TabICL_regression03/runs/distribution_baselines_rows200_bins10.json,visible_source_does_not_exactly_reproduce_ex1_aggregate_baseline_rows
ex1_rows200_6m,rows200,xgboost,cars,0.8879196286,0.01680033539,0.07793145271,0.003150485407,0.05319771143,0.002918026811,0.069,0.006723094526,,,TabICL_regression03/runs/distribution_baselines_rows200_bins10.json,TabICL_regression03/runs/distribution_baselines_rows200_bins10.json,visible_source_does_not_exactly_reproduce_ex1_aggregate_baseline_rows
ex1_rows200_6m,rows200,xgboost,concrete_compressive_strength,0.7695839352,0.03370085539,0.1185309627,0.007311509224,0.08851132183,0.004844091147,0.073,0.006723094526,,,TabICL_regression03/runs/distribution_baselines_rows200_bins10.json,TabICL_regression03/runs/distribution_baselines_rows200_bins10.json,visible_source_does_not_exactly_reproduce_ex1_aggregate_baseline_rows
ex1_rows200_6m,rows200,xgboost,cpu_activity,0.8560931428,0.04942547209,0.06857610894,0.01132455103,0.03340776909,0.002696506304,0.07,0.005366563146,,,TabICL_regression03/runs/distribution_baselines_rows200_bins10.json,TabICL_regression03/runs/distribution_baselines_rows200_bins10.json,visible_source_does_not_exactly_reproduce_ex1_aggregate_baseline_rows
ex1_rows200_6m,rows200,xgboost,energy_efficiency,0.9814373142,0.0059572898,0.03956455863,0.006034607878,0.0264916769,0.00346001029,0.074,0.00469041576,,,TabICL_regression03/runs/distribution_baselines_rows200_bins10.json,TabICL_regression03/runs/distribution_baselines_rows200_bins10.json,visible_source_does_not_exactly_reproduce_ex1_aggregate_baseline_rows
ex1_rows200_6m,rows200,xgboost,grid_stability,0.6315671665,0.02927590721,0.1607948774,0.004777996392,0.1312389836,0.005096682069,0.073,0.003286335345,,,TabICL_regression03/runs/distribution_baselines_rows200_bins10.json,TabICL_regression03/runs/distribution_baselines_rows200_bins10.json,visible_source_does_not_exactly_reproduce_ex1_aggregate_baseline_rows
ex1_rows200_6m,rows200,xgboost,kin8nm,0.393860977,0.03610797256,0.1912809837,0.009656870051,0.1506344853,0.009662062701,0.069,0.009055385138,,,TabICL_regression03/runs/distribution_baselines_rows200_bins10.json,TabICL_regression03/runs/distribution_baselines_rows200_bins10.json,visible_source_does_not_exactly_reproduce_ex1_aggregate_baseline_rows
ex1_rows200_6m,rows200,xgboost,Moneyball,0.9135689165,0.009998245598,0.06627271098,0.00319415017,0.05159939199,0.003147927473,0.075,0.005099019514,,,TabICL_regression03/runs/distribution_baselines_rows200_bins10.json,TabICL_regression03/runs/distribution_baselines_rows200_bins10.json,visible_source_does_not_exactly_reproduce_ex1_aggregate_baseline_rows
ex1_rows200_6m,rows200,xgboost,pumadyn32nh,-0.02250245975,0.02594757598,0.2160417806,0.007918601813,0.1765156817,0.00735127235,0.074,0.00228035085,,,TabICL_regression03/runs/distribution_baselines_rows200_bins10.json,TabICL_regression03/runs/distribution_baselines_rows200_bins10.json,visible_source_does_not_exactly_reproduce_ex1_aggregate_baseline_rows
ex1_rows200_6m,rows200,xgboost,QSAR_fish_toxicity,0.5145270922,0.03270966496,0.1426193116,0.004972045582,0.105625003,0.004121048625,0.073,0.002683281573,,,TabICL_regression03/runs/distribution_baselines_rows200_bins10.json,TabICL_regression03/runs/distribution_baselines_rows200_bins10.json,visible_source_does_not_exactly_reproduce_ex1_aggregate_baseline_rows
ex1_rows200_6m,rows200,xgboost,quake,-0.7878946709,0.1763495431,0.3557389499,0.01780222446,0.2886585565,0.01578849444,0.077,0.00469041576,,,TabICL_regression03/runs/distribution_baselines_rows200_bins10.json,TabICL_regression03/runs/distribution_baselines_rows200_bins10.json,visible_source_does_not_exactly_reproduce_ex1_aggregate_baseline_rows
ex1_rows200_6m,rows200,xgboost,sensory,-0.0297673736,0.05672984169,0.2493164601,0.01330788903,0.2046152919,0.01300390597,0.106,0.001788854382,,,TabICL_regression03/runs/distribution_baselines_rows200_bins10.json,TabICL_regression03/runs/distribution_baselines_rows200_bins10.json,visible_source_does_not_exactly_reproduce_ex1_aggregate_baseline_rows
ex1_rows200_6m,rows200,xgboost,socmob,0.4004275562,0.225716569,0.1365378524,0.03673688343,0.05351924492,0.01809208775,0.084,0.005403702434,,,TabICL_regression03/runs/distribution_baselines_rows200_bins10.json,TabICL_regression03/runs/distribution_baselines_rows200_bins10.json,visible_source_does_not_exactly_reproduce_ex1_aggregate_baseline_rows
ex1_rows200_6m,rows200,xgboost,space_ga,0.5081968783,0.0468091669,0.1649275928,0.008654621119,0.1244033041,0.01057247278,0.068,0.008173126697,,,TabICL_regression03/runs/distribution_baselines_rows200_bins10.json,TabICL_regression03/runs/distribution_baselines_rows200_bins10.json,visible_source_does_not_exactly_reproduce_ex1_aggregate_baseline_rows
ex1_rows200_6m,rows200,xgboost,student_performance,0.05454749019,0.04701426649,0.1949562259,0.0129597448,0.1387460919,0.01278002171,0.074,0.00219089023,,,TabICL_regression03/runs/distribution_baselines_rows200_bins10.json,TabICL_regression03/runs/distribution_baselines_rows200_bins10.json,visible_source_does_not_exactly_reproduce_ex1_aggregate_baseline_rows
ex1_rows200_6m,rows200,gaussian_process,abalone,0.07880463927,0.07279195395,0.2338079619,0.01589282501,0.1731975834,0.01124304122,0.035,0.005656854249,,,TabICL_regression03/runs/distribution_baselines_rows200_bins10.json,TabICL_regression03/runs/distribution_baselines_rows200_bins10.json,visible_source_does_not_exactly_reproduce_ex1_aggregate_baseline_rows
ex1_rows200_6m,rows200,gaussian_process,airfoil_self_noise,0.3382737074,0.1315677478,0.1855037346,0.02326025965,0.1429138155,0.02049442763,0.028,0.003033150178,,,TabICL_regression03/runs/distribution_baselines_rows200_bins10.json,TabICL_regression03/runs/distribution_baselines_rows200_bins10.json,visible_source_does_not_exactly_reproduce_ex1_aggregate_baseline_rows
ex1_rows200_6m,rows200,gaussian_process,auction_verification,0.5187141757,0.02941074848,0.2099418128,0.007162998588,0.151146273,0.007304142813,0.052,0.003741657387,,,TabICL_regression03/runs/distribution_baselines_rows200_bins10.json,TabICL_regression03/runs/distribution_baselines_rows200_bins10.json,visible_source_does_not_exactly_reproduce_ex1_aggregate_baseline_rows
ex1_rows200_6m,rows200,gaussian_process,boston,0.7810404581,0.02667252452,0.1084811751,0.005704118331,0.07180570945,0.002206319985,0.023,0.003898717738,,,TabICL_regression03/runs/distribution_baselines_rows200_bins10.json,TabICL_regression03/runs/distribution_baselines_rows200_bins10.json,visible_source_does_not_exactly_reproduce_ex1_aggregate_baseline_rows
ex1_rows200_6m,rows200,gaussian_process,cars,0.9118660494,0.01029250388,0.06972295242,0.003303406846,0.04857663169,0.004651786931,0.019,0.008294576541,,,TabICL_regression03/runs/distribution_baselines_rows200_bins10.json,TabICL_regression03/runs/distribution_baselines_rows200_bins10.json,visible_source_does_not_exactly_reproduce_ex1_aggregate_baseline_rows
ex1_rows200_6m,rows200,gaussian_process,concrete_compressive_strength,0.7877652655,0.03306142967,0.1136742969,0.007749214517,0.08596699421,0.005195148137,0.021,0.009316651759,,,TabICL_regression03/runs/distribution_baselines_rows200_bins10.json,TabICL_regression03/runs/distribution_baselines_rows200_bins10.json,visible_source_does_not_exactly_reproduce_ex1_aggregate_baseline_rows
ex1_rows200_6m,rows200,gaussian_process,cpu_activity,0.8591110066,0.02419498724,0.07284727828,0.006631061546,0.03428172756,0.00219433983,0.038,0.002449489743,,,TabICL_regression03/runs/distribution_baselines_rows200_bins10.json,TabICL_regression03/runs/distribution_baselines_rows200_bins10.json,visible_source_does_not_exactly_reproduce_ex1_aggregate_baseline_rows
ex1_rows200_6m,rows200,gaussian_process,energy_efficiency,0.919458087,0.01524378361,0.08638893438,0.009403762219,0.06110763735,0.006113456924,0.027,0.004335896678,,,TabICL_regression03/runs/distribution_baselines_rows200_bins10.json,TabICL_regression03/runs/distribution_baselines_rows200_bins10.json,visible_source_does_not_exactly_reproduce_ex1_aggregate_baseline_rows
ex1_rows200_6m,rows200,gaussian_process,grid_stability,0.7665165276,0.01809669131,0.1278346153,0.002353311902,0.09812944246,0.002524926315,0.016,0.006480740698,,,TabICL_regression03/runs/distribution_baselines_rows200_bins10.json,TabICL_regression03/runs/distribution_baselines_rows200_bins10.json,visible_source_does_not_exactly_reproduce_ex1_aggregate_baseline_rows
ex1_rows200_6m,rows200,gaussian_process,kin8nm,0.4898283179,0.0526556854,0.1738311202,0.008239396997,0.1396501837,0.005493430813,0.015,0.006164414003,,,TabICL_regression03/runs/distribution_baselines_rows200_bins10.json,TabICL_regression03/runs/distribution_baselines_rows200_bins10.json,visible_source_does_not_exactly_reproduce_ex1_aggregate_baseline_rows
ex1_rows200_6m,rows200,gaussian_process,Moneyball,0.9497841252,0.007764940442,0.0503409458,0.003466981807,0.04073221495,0.002907105024,0.017,0.003577708764,,,TabICL_regression03/runs/distribution_baselines_rows200_bins10.json,TabICL_regression03/runs/distribution_baselines_rows200_bins10.json,visible_source_does_not_exactly_reproduce_ex1_aggregate_baseline_rows
ex1_rows200_6m,rows200,gaussian_process,pumadyn32nh,-0.01692387797,0.008311954036,0.2154773479,0.007316318174,0.1722732918,0.006703161833,0.019,0.005176871642,,,TabICL_regression03/runs/distribution_baselines_rows200_bins10.json,TabICL_regression03/runs/distribution_baselines_rows200_bins10.json,visible_source_does_not_exactly_reproduce_ex1_aggregate_baseline_rows
ex1_rows200_6m,rows200,gaussian_process,QSAR_fish_toxicity,0.4094362045,0.09907509645,0.1547067109,0.009578350575,0.1156491253,0.007918094676,0.014,0.00316227766,,,TabICL_regression03/runs/distribution_baselines_rows200_bins10.json,TabICL_regression03/runs/distribution_baselines_rows200_bins10.json,visible_source_does_not_exactly_reproduce_ex1_aggregate_baseline_rows
ex1_rows200_6m,rows200,gaussian_process,quake,-0.03390075383,0.01079819466,0.2734332329,0.01107492593,0.2240023618,0.01135536306,0.081,0.002607680962,,,TabICL_regression03/runs/distribution_baselines_rows200_bins10.json,TabICL_regression03/runs/distribution_baselines_rows200_bins10.json,visible_source_does_not_exactly_reproduce_ex1_aggregate_baseline_rows
ex1_rows200_6m,rows200,gaussian_process,sensory,0.005064775749,0.02461635834,0.2446149015,0.007473503897,0.1895852698,0.008380874126,0.057,0.006164414003,,,TabICL_regression03/runs/distribution_baselines_rows200_bins10.json,TabICL_regression03/runs/distribution_baselines_rows200_bins10.json,visible_source_does_not_exactly_reproduce_ex1_aggregate_baseline_rows
ex1_rows200_6m,rows200,gaussian_process,socmob,0.105141597,0.238093142,0.1711959214,0.03533568116,0.07581887005,0.02160173334,0.03,0.004242640687,,,TabICL_regression03/runs/distribution_baselines_rows200_bins10.json,TabICL_regression03/runs/distribution_baselines_rows200_bins10.json,visible_source_does_not_exactly_reproduce_ex1_aggregate_baseline_rows
ex1_rows200_6m,rows200,gaussian_process,space_ga,-0.04590860269,0.01645907984,0.244416541,0.01665852478,0.1954558235,0.01994765077,0.026,0.002,,,TabICL_regression03/runs/distribution_baselines_rows200_bins10.json,TabICL_regression03/runs/distribution_baselines_rows200_bins10.json,visible_source_does_not_exactly_reproduce_ex1_aggregate_baseline_rows
ex1_rows200_6m,rows200,gaussian_process,student_performance,-0.04735911866,0.04128240704,0.2048936103,0.01184889476,0.1510511115,0.00970993407,0.019,0.004604345773,,,TabICL_regression03/runs/distribution_baselines_rows200_bins10.json,TabICL_regression03/runs/distribution_baselines_rows200_bins10.json,visible_source_does_not_exactly_reproduce_ex1_aggregate_baseline_rows
ex1_rows200_6m,rows200,conformal_quantile,abalone,0.3409305094,0.02243949253,0.1976357185,0.007969509296,0.1479582743,0.006275343038,0.024,0.004242640687,,,TabICL_regression03/runs/distribution_baselines_rows200_bins10.json,TabICL_regression03/runs/distribution_baselines_rows200_bins10.json,visible_source_does_not_exactly_reproduce_ex1_aggregate_baseline_rows
ex1_rows200_6m,rows200,conformal_quantile,airfoil_self_noise,0.6771642949,0.01941845415,0.1309196543,0.004272799514,0.0993823373,0.003091013178,0.017,0.004604345773,,,TabICL_regression03/runs/distribution_baselines_rows200_bins10.json,TabICL_regression03/runs/distribution_baselines_rows200_bins10.json,visible_source_does_not_exactly_reproduce_ex1_aggregate_baseline_rows
ex1_rows200_6m,rows200,conformal_quantile,auction_verification,0.8634707646,0.01636674242,0.1102894451,0.005156168717,0.06289900917,0.003452408167,0.021,0.002828427125,,,TabICL_regression03/runs/distribution_baselines_rows200_bins10.json,TabICL_regression03/runs/distribution_baselines_rows200_bins10.json,visible_source_does_not_exactly_reproduce_ex1_aggregate_baseline_rows
ex1_rows200_6m,rows200,conformal_quantile,boston,0.8455518289,0.02150349655,0.09158805592,0.008241492486,0.06450227582,0.003517491002,0.024,0.001673320053,,,TabICL_regression03/runs/distribution_baselines_rows200_bins10.json,TabICL_regression03/runs/distribution_baselines_rows200_bins10.json,visible_source_does_not_exactly_reproduce_ex1_aggregate_baseline_rows
ex1_rows200_6m,rows200,conformal_quantile,cars,0.8963458669,0.01662173415,0.07508027054,0.005527716846,0.05083607463,0.002995883982,0.024,0.007823042886,,,TabICL_regression03/runs/distribution_baselines_rows200_bins10.json,TabICL_regression03/runs/distribution_baselines_rows200_bins10.json,visible_source_does_not_exactly_reproduce_ex1_aggregate_baseline_rows
ex1_rows200_6m,rows200,conformal_quantile,concrete_compressive_strength,0.7266780472,0.04093499175,0.1289562844,0.006779262796,0.09708177203,0.004308271141,0.027,0.004898979486,,,TabICL_regression03/runs/distribution_baselines_rows200_bins10.json,TabICL_regression03/runs/distribution_baselines_rows200_bins10.json,visible_source_does_not_exactly_reproduce_ex1_aggregate_baseline_rows
ex1_rows200_6m,rows200,conformal_quantile,cpu_activity,0.8427408493,0.03552426644,0.07605794422,0.008172079599,0.03793189774,0.0017196225,0.032,0.007293833012,,,TabICL_regression03/runs/distribution_baselines_rows200_bins10.json,TabICL_regression03/runs/distribution_baselines_rows200_bins10.json,visible_source_does_not_exactly_reproduce_ex1_aggregate_baseline_rows
ex1_rows200_6m,rows200,conformal_quantile,energy_efficiency,0.9843919945,0.004449578214,0.03679058787,0.005139719825,0.02508835457,0.003238454552,0.022,0.004098780306,,,TabICL_regression03/runs/distribution_baselines_rows200_bins10.json,TabICL_regression03/runs/distribution_baselines_rows200_bins10.json,visible_source_does_not_exactly_reproduce_ex1_aggregate_baseline_rows
ex1_rows200_6m,rows200,conformal_quantile,grid_stability,0.6107133366,0.02946850022,0.1653608347,0.004569822491,0.1334442768,0.004443667493,0.015,0.005099019514,,,TabICL_regression03/runs/distribution_baselines_rows200_bins10.json,TabICL_regression03/runs/distribution_baselines_rows200_bins10.json,visible_source_does_not_exactly_reproduce_ex1_aggregate_baseline_rows
ex1_rows200_6m,rows200,conformal_quantile,kin8nm,0.3452226948,0.03917367278,0.1982739387,0.006962258391,0.1592643746,0.0062268908,0.023,0.002966479395,,,TabICL_regression03/runs/distribution_baselines_rows200_bins10.json,TabICL_regression03/runs/distribution_baselines_rows200_bins10.json,visible_source_does_not_exactly_reproduce_ex1_aggregate_baseline_rows
ex1_rows200_6m,rows200,conformal_quantile,Moneyball,0.9143966386,0.01068818508,0.06606918319,0.003768192513,0.05189352389,0.003746085009,0.013,0.003346640106,,,TabICL_regression03/runs/distribution_baselines_rows200_bins10.json,TabICL_regression03/runs/distribution_baselines_rows200_bins10.json,visible_source_does_not_exactly_reproduce_ex1_aggregate_baseline_rows
ex1_rows200_6m,rows200,conformal_quantile,pumadyn32nh,-0.0599369242,0.0202163237,0.2200656791,0.008278597911,0.1810747976,0.007863681633,0.015,0.003346640106,,,TabICL_regression03/runs/distribution_baselines_rows200_bins10.json,TabICL_regression03/runs/distribution_baselines_rows200_bins10.json,visible_source_does_not_exactly_reproduce_ex1_aggregate_baseline_rows
ex1_rows200_6m,rows200,conformal_quantile,QSAR_fish_toxicity,0.4929246182,0.04748190465,0.1453425419,0.0060305155,0.1069468638,0.0043063396,0.025,0.003898717738,,,TabICL_regression03/runs/distribution_baselines_rows200_bins10.json,TabICL_regression03/runs/distribution_baselines_rows200_bins10.json,visible_source_does_not_exactly_reproduce_ex1_aggregate_baseline_rows
ex1_rows200_6m,rows200,conformal_quantile,quake,-0.7542505761,0.09347182081,0.3547884452,0.01306613074,0.2787754842,0.01020323173,0.009,0.005727128425,,,TabICL_regression03/runs/distribution_baselines_rows200_bins10.json,TabICL_regression03/runs/distribution_baselines_rows200_bins10.json,visible_source_does_not_exactly_reproduce_ex1_aggregate_baseline_rows
ex1_rows200_6m,rows200,conformal_quantile,sensory,-0.1075385062,0.1129116942,0.2577758836,0.0191177262,0.2068929012,0.01782547844,0.02,0.006841052551,,,TabICL_regression03/runs/distribution_baselines_rows200_bins10.json,TabICL_regression03/runs/distribution_baselines_rows200_bins10.json,visible_source_does_not_exactly_reproduce_ex1_aggregate_baseline_rows
ex1_rows200_6m,rows200,conformal_quantile,socmob,0.5716958921,0.07551706452,0.1169804065,0.01729529977,0.04819370295,0.01058087365,0.033,0.005761944116,,,TabICL_regression03/runs/distribution_baselines_rows200_bins10.json,TabICL_regression03/runs/distribution_baselines_rows200_bins10.json,visible_source_does_not_exactly_reproduce_ex1_aggregate_baseline_rows
ex1_rows200_6m,rows200,conformal_quantile,space_ga,0.4714664364,0.03785921969,0.1723982289,0.01154994285,0.1294949335,0.01163958624,0.031,0.007949842766,,,TabICL_regression03/runs/distribution_baselines_rows200_bins10.json,TabICL_regression03/runs/distribution_baselines_rows200_bins10.json,visible_source_does_not_exactly_reproduce_ex1_aggregate_baseline_rows
ex1_rows200_6m,rows200,conformal_quantile,student_performance,0.05966760526,0.03613462795,0.1937143621,0.009525306589,0.1377683119,0.009746804966,0.023,0.003847076812,,,TabICL_regression03/runs/distribution_baselines_rows200_bins10.json,TabICL_regression03/runs/distribution_baselines_rows200_bins10.json,visible_source_does_not_exactly_reproduce_ex1_aggregate_baseline_rows
ex2_rows200_scaling,1.5M,Diffusion_DDPM500_repeats100,abalone,0.419142404,0.05692576249,0.1836575755,0.009472515253,0.1381949842,0.008031976411,0.024,0.001095445115,1.946443635,0.1056588113,TabICL_regression03/runs/1.5M/step-120000_ddpm500_rows200_repeats100_from200_first100_parallel20.json,TabICL_regression03/runs/1.5M/step-120000_ddpm500_rows200_repeats100_from200_first100_parallel20_bins10-uncertainty.json,
ex2_rows200_scaling,1.5M,Diffusion_DDPM500_repeats100,airfoil_self_noise,0.5432607126,0.07887393283,0.1543567925,0.01387491688,0.1207507177,0.01142002284,0.018,0.004098780306,1.831189238,0.05889324463,TabICL_regression03/runs/1.5M/step-120000_ddpm500_rows200_repeats100_from200_first100_parallel20.json,TabICL_regression03/runs/1.5M/step-120000_ddpm500_rows200_repeats100_from200_first100_parallel20_bins10-uncertainty.json,
ex2_rows200_scaling,1.5M,Diffusion_DDPM500_repeats100,auction_verification,0.8830973216,0.02914936133,0.1004215282,0.01507522524,0.04972291335,0.00721729106,0.047,0.006723094526,0.3699914312,0.01147687831,TabICL_regression03/runs/1.5M/step-120000_ddpm500_rows200_repeats100_from200_first100_parallel20.json,TabICL_regression03/runs/1.5M/step-120000_ddpm500_rows200_repeats100_from200_first100_parallel20_bins10-uncertainty.json,
ex2_rows200_scaling,1.5M,Diffusion_DDPM500_repeats100,boston,0.851202046,0.03224967399,0.08821742412,0.01155007751,0.05873100445,0.005682257994,0.014,0.005176871642,0.8660179497,0.07614404838,TabICL_regression03/runs/1.5M/step-120000_ddpm500_rows200_repeats100_from200_first100_parallel20.json,TabICL_regression03/runs/1.5M/step-120000_ddpm500_rows200_repeats100_from200_first100_parallel20_bins10-uncertainty.json,
ex2_rows200_scaling,1.5M,Diffusion_DDPM500_repeats100,cars,0.9014367763,0.01062915543,0.07437856265,0.005590755984,0.04963621677,0.004063033828,0.017,0.005761944116,0.7411612097,0.05880595419,TabICL_regression03/runs/1.5M/step-120000_ddpm500_rows200_repeats100_from200_first100_parallel20.json,TabICL_regression03/runs/1.5M/step-120000_ddpm500_rows200_repeats100_from200_first100_parallel20_bins10-uncertainty.json,
ex2_rows200_scaling,1.5M,Diffusion_DDPM500_repeats100,concrete_compressive_strength,0.8193842816,0.01229942059,0.1064424565,0.004758298797,0.08167535437,0.003300729421,0.014,0.005176871642,1.260119525,0.09587030449,TabICL_regression03/runs/1.5M/step-120000_ddpm500_rows200_repeats100_from200_first100_parallel20.json,TabICL_regression03/runs/1.5M/step-120000_ddpm500_rows200_repeats100_from200_first100_parallel20_bins10-uncertainty.json,
ex2_rows200_scaling,1.5M,Diffusion_DDPM500_repeats100,cpu_activity,0.9776839916,0.003931872461,0.02860438007,0.001535547107,0.02010463531,0.0008508342655,0.032,0.004979959839,0.3188708402,0.03280212685,TabICL_regression03/runs/1.5M/step-120000_ddpm500_rows200_repeats100_from200_first100_parallel20.json,TabICL_regression03/runs/1.5M/step-120000_ddpm500_rows200_repeats100_from200_first100_parallel20_bins10-uncertainty.json,
ex2_rows200_scaling,1.5M,Diffusion_DDPM500_repeats100,energy_efficiency,0.9223425425,0.02167507253,0.08223365295,0.01000454869,0.05327078171,0.005641164668,0.026,0.003633180425,0.558083177,0.03195058908,TabICL_regression03/runs/1.5M/step-120000_ddpm500_rows200_repeats100_from200_first100_parallel20.json,TabICL_regression03/runs/1.5M/step-120000_ddpm500_rows200_repeats100_from200_first100_parallel20_bins10-uncertainty.json,
ex2_rows200_scaling,1.5M,Diffusion_DDPM500_repeats100,grid_stability,0.7171107594,0.02379779629,0.141075148,0.005729470781,0.111574847,0.005778408739,0.016,0.005215361924,1.542855227,0.02366507339,TabICL_regression03/runs/1.5M/step-120000_ddpm500_rows200_repeats100_from200_first100_parallel20.json,TabICL_regression03/runs/1.5M/step-120000_ddpm500_rows200_repeats100_from200_first100_parallel20_bins10-uncertainty.json,
ex2_rows200_scaling,1.5M,Diffusion_DDPM500_repeats100,kin8nm,0.3786190453,0.04107749492,0.19351181,0.009467153353,0.1478847342,0.007455378525,0.021,0.001673320053,2.105366561,0.07776444834,TabICL_regression03/runs/1.5M/step-120000_ddpm500_rows200_repeats100_from200_first100_parallel20.json,TabICL_regression03/runs/1.5M/step-120000_ddpm500_rows200_repeats100_from200_first100_parallel20_bins10-uncertainty.json,
ex2_rows200_scaling,1.5M,Diffusion_DDPM500_repeats100,Moneyball,0.9266705895,0.01019729141,0.06105973218,0.004218078096,0.04858323497,0.004035582535,0.031,0.004774934555,0.6731800024,0.0433543176,TabICL_regression03/runs/1.5M/step-120000_ddpm500_rows200_repeats100_from200_first100_parallel20.json,TabICL_regression03/runs/1.5M/step-120000_ddpm500_rows200_repeats100_from200_first100_parallel20_bins10-uncertainty.json,
ex2_rows200_scaling,1.5M,Diffusion_DDPM500_repeats100,pumadyn32nh,-0.02178865206,0.02772238968,0.2158172506,0.007239816727,0.1759669229,0.007135933294,0.017,0.003286335345,3.076940261,0.2417869805,TabICL_regression03/runs/1.5M/step-120000_ddpm500_rows200_repeats100_from200_first100_parallel20.json,TabICL_regression03/runs/1.5M/step-120000_ddpm500_rows200_repeats100_from200_first100_parallel20_bins10-uncertainty.json,
ex2_rows200_scaling,1.5M,Diffusion_DDPM500_repeats100,QSAR_fish_toxicity,0.4698835651,0.05749865189,0.1484666643,0.008019951598,0.1074564801,0.005152415658,0.029,0.004242640687,1.609856358,0.1071823682,TabICL_regression03/runs/1.5M/step-120000_ddpm500_rows200_repeats100_from200_first100_parallel20.json,TabICL_regression03/runs/1.5M/step-120000_ddpm500_rows200_repeats100_from200_first100_parallel20_bins10-uncertainty.json,
ex2_rows200_scaling,1.5M,Diffusion_DDPM500_repeats100,quake,-0.08631615391,0.02631753258,0.2800740585,0.0111077886,0.2253976333,0.009671554526,0.023,0.004979959839,2.671703927,0.2439967288,TabICL_regression03/runs/1.5M/step-120000_ddpm500_rows200_repeats100_from200_first100_parallel20.json,TabICL_regression03/runs/1.5M/step-120000_ddpm500_rows200_repeats100_from200_first100_parallel20_bins10-uncertainty.json,
ex2_rows200_scaling,1.5M,Diffusion_DDPM500_repeats100,sensory,0.04250258681,0.04247234497,0.240684683,0.0127447787,0.1910329989,0.01232963602,0.024,0.003633180425,2.938195671,0.2408869687,TabICL_regression03/runs/1.5M/step-120000_ddpm500_rows200_repeats100_from200_first100_parallel20.json,TabICL_regression03/runs/1.5M/step-120000_ddpm500_rows200_repeats100_from200_first100_parallel20_bins10-uncertainty.json,
ex2_rows200_scaling,1.5M,Diffusion_DDPM500_repeats100,socmob,0.6911006275,0.08415881059,0.09930343222,0.02049361139,0.03966019484,0.011554003,0.068,0.00593295879,0.4266323103,0.08430095753,TabICL_regression03/runs/1.5M/step-120000_ddpm500_rows200_repeats100_from200_first100_parallel20.json,TabICL_regression03/runs/1.5M/step-120000_ddpm500_rows200_repeats100_from200_first100_parallel20_bins10-uncertainty.json,
ex2_rows200_scaling,1.5M,Diffusion_DDPM500_repeats100,space_ga,0.5163486104,0.01903017156,0.1657173995,0.01092511611,0.1283286158,0.01143006653,0.032,0.003464101615,1.685132275,0.09501185458,TabICL_regression03/runs/1.5M/step-120000_ddpm500_rows200_repeats100_from200_first100_parallel20.json,TabICL_regression03/runs/1.5M/step-120000_ddpm500_rows200_repeats100_from200_first100_parallel20_bins10-uncertainty.json,
ex2_rows200_scaling,1.5M,Diffusion_DDPM500_repeats100,student_performance,0.05288878775,0.06318499286,0.1946093534,0.01312228274,0.1406765219,0.01318956252,0.025,0.00438178046,2.589305497,0.163340759,TabICL_regression03/runs/1.5M/step-120000_ddpm500_rows200_repeats100_from200_first100_parallel20.json,TabICL_regression03/runs/1.5M/step-120000_ddpm500_rows200_repeats100_from200_first100_parallel20_bins10-uncertainty.json,
ex2_rows200_scaling,1.5M,nanoTabPFN,abalone,0.2982933151,0.0266643552,0.2036547298,0.007182971339,0.1527465812,0.003916829593,0.028,0.002,2.24826497,0.1499465749,nanoTabPFN_version10_original02/1.5M/model_step_0120000_rows200_bins10_eval.json,nanoTabPFN_version10_original02/1.5M/model_step_0120000_rows200_bins10_eval.json,
ex2_rows200_scaling,1.5M,nanoTabPFN,airfoil_self_noise,0.5944190758,0.05891647717,0.1449623552,0.01149264473,0.1091580307,0.00754391014,0.024,0.003633180425,2.404212027,0.1122094089,nanoTabPFN_version10_original02/1.5M/model_step_0120000_rows200_bins10_eval.json,nanoTabPFN_version10_original02/1.5M/model_step_0120000_rows200_bins10_eval.json,
ex2_rows200_scaling,1.5M,nanoTabPFN,auction_verification,0.8081867094,0.02933270127,0.1305584954,0.007820052942,0.07702443918,0.003829566341,0.053,0.004816637832,1.055316467,0.04679257392,nanoTabPFN_version10_original02/1.5M/model_step_0120000_rows200_bins10_eval.json,nanoTabPFN_version10_original02/1.5M/model_step_0120000_rows200_bins10_eval.json,
ex2_rows200_scaling,1.5M,nanoTabPFN,boston,0.8612593203,0.02791032381,0.08523097576,0.01012400535,0.05868638852,0.005416588075,0.026,0.000894427191,1.20454706,0.08989276867,nanoTabPFN_version10_original02/1.5M/model_step_0120000_rows200_bins10_eval.json,nanoTabPFN_version10_original02/1.5M/model_step_0120000_rows200_bins10_eval.json,
ex2_rows200_scaling,1.5M,nanoTabPFN,cars,0.9097816796,0.01463361336,0.06980909814,0.00326254821,0.04762007128,0.002948503868,0.022,0.003847076812,0.9458880954,0.05438532692,nanoTabPFN_version10_original02/1.5M/model_step_0120000_rows200_bins10_eval.json,nanoTabPFN_version10_original02/1.5M/model_step_0120000_rows200_bins10_eval.json,
ex2_rows200_scaling,1.5M,nanoTabPFN,concrete_compressive_strength,0.7889229756,0.0300983823,0.1136360651,0.007125807524,0.08349984256,0.005195989118,0.028,0.003577708764,1.820274127,0.1208899013,nanoTabPFN_version10_original02/1.5M/model_step_0120000_rows200_bins10_eval.json,nanoTabPFN_version10_original02/1.5M/model_step_0120000_rows200_bins10_eval.json,
ex2_rows200_scaling,1.5M,nanoTabPFN,cpu_activity,0.9082119916,0.009704117944,0.06122407532,0.007215453184,0.03160290747,0.002399013922,0.025,0.004774934555,0.7700501024,0.05758579346,nanoTabPFN_version10_original02/1.5M/model_step_0120000_rows200_bins10_eval.json,nanoTabPFN_version10_original02/1.5M/model_step_0120000_rows200_bins10_eval.json,
ex2_rows200_scaling,1.5M,nanoTabPFN,energy_efficiency,0.9678519901,0.002336963495,0.05559273707,0.002902245857,0.04353476191,0.001743236395,0.042,0.003286335345,0.6555202295,0.0274449721,nanoTabPFN_version10_original02/1.5M/model_step_0120000_rows200_bins10_eval.json,nanoTabPFN_version10_original02/1.5M/model_step_0120000_rows200_bins10_eval.json,
ex2_rows200_scaling,1.5M,nanoTabPFN,grid_stability,0.7310292007,0.03231386245,0.136380457,0.00701260912,0.1093922171,0.006612210111,0.049,0.001414213562,2.48579301,0.03934114138,nanoTabPFN_version10_original02/1.5M/model_step_0120000_rows200_bins10_eval.json,nanoTabPFN_version10_original02/1.5M/model_step_0120000_rows200_bins10_eval.json,
ex2_rows200_scaling,1.5M,nanoTabPFN,kin8nm,0.316207921,0.02940104772,0.2027644185,0.005584856914,0.165865632,0.005633683186,0.021,0.003033150178,2.896211883,0.106521932,nanoTabPFN_version10_original02/1.5M/model_step_0120000_rows200_bins10_eval.json,nanoTabPFN_version10_original02/1.5M/model_step_0120000_rows200_bins10_eval.json,
ex2_rows200_scaling,1.5M,nanoTabPFN,Moneyball,0.9161302749,0.01362088081,0.06464432598,0.005218841921,0.05150149748,0.004186017316,0.025,0.004,1.180794354,0.06681549082,nanoTabPFN_version10_original02/1.5M/model_step_0120000_rows200_bins10_eval.json,nanoTabPFN_version10_original02/1.5M/model_step_0120000_rows200_bins10_eval.json,
ex2_rows200_scaling,1.5M,nanoTabPFN,pumadyn32nh,-0.0004534045133,0.009756169316,0.2137420034,0.007378670181,0.1716795857,0.006743514094,0.009,0.004979959839,3.327896595,0.2882858192,nanoTabPFN_version10_original02/1.5M/model_step_0120000_rows200_bins10_eval.json,nanoTabPFN_version10_original02/1.5M/model_step_0120000_rows200_bins10_eval.json,
ex2_rows200_scaling,1.5M,nanoTabPFN,QSAR_fish_toxicity,0.4936456658,0.04801558065,0.1450891381,0.00586789328,0.1028557081,0.004793179181,0.026,0.005215361924,2.532478124,0.2218090695,nanoTabPFN_version10_original02/1.5M/model_step_0120000_rows200_bins10_eval.json,nanoTabPFN_version10_original02/1.5M/model_step_0120000_rows200_bins10_eval.json,
ex2_rows200_scaling,1.5M,nanoTabPFN,quake,-0.3558920036,0.1162737091,0.3110760586,0.01650305501,0.2321684493,0.01450567745,0.06,0.003898717738,2.619469644,0.2680974186,nanoTabPFN_version10_original02/1.5M/model_step_0120000_rows200_bins10_eval.json,nanoTabPFN_version10_original02/1.5M/model_step_0120000_rows200_bins10_eval.json,
ex2_rows200_scaling,1.5M,nanoTabPFN,sensory,0.003609662901,0.01658061552,0.2452686116,0.009793981449,0.1935496481,0.01050775768,0.043,0.003898717738,2.796889282,0.1836665652,nanoTabPFN_version10_original02/1.5M/model_step_0120000_rows200_bins10_eval.json,nanoTabPFN_version10_original02/1.5M/model_step_0120000_rows200_bins10_eval.json,
ex2_rows200_scaling,1.5M,nanoTabPFN,socmob,0.3147844683,0.07686735036,0.1519716093,0.01891253402,0.05248613258,0.01327160982,0.044,0.004335896678,0.6683232167,0.1254347657,nanoTabPFN_version10_original02/1.5M/model_step_0120000_rows200_bins10_eval.json,nanoTabPFN_version10_original02/1.5M/model_step_0120000_rows200_bins10_eval.json,
ex2_rows200_scaling,1.5M,nanoTabPFN,space_ga,0.4967902848,0.05897604478,0.1656690707,0.009566831443,0.1263405208,0.01216571912,0.014,0.008602325267,2.476448922,0.1861087208,nanoTabPFN_version10_original02/1.5M/model_step_0120000_rows200_bins10_eval.json,nanoTabPFN_version10_original02/1.5M/model_step_0120000_rows200_bins10_eval.json,
ex2_rows200_scaling,1.5M,nanoTabPFN,student_performance,0.07591749963,0.01884855118,0.1921952078,0.008753701912,0.1395822519,0.0093356809,0.023,0.006099180273,3.195900452,0.1964992662,nanoTabPFN_version10_original02/1.5M/model_step_0120000_rows200_bins10_eval.json,nanoTabPFN_version10_original02/1.5M/model_step_0120000_rows200_bins10_eval.json,
ex2_rows200_scaling,3M,Diffusion_DDPM500_repeats100,abalone,0.4725113262,0.05240391442,0.174743564,0.008376331411,0.1284146667,0.006575860903,0.017,0.002966479395,1.960957393,0.1055623356,TabICL_regression03/runs/3M/step-120000_ddpm500_rows200_repeats100_parallel20.json,TabICL_regression03/runs/3M/step-120000_ddpm500_rows200_repeats100_parallel20_uncertainty.json,
ex2_rows200_scaling,3M,Diffusion_DDPM500_repeats100,airfoil_self_noise,0.704173717,0.033985216,0.1245711811,0.007403310765,0.08925594431,0.004566233138,0.013,0.003898717738,1.646939198,0.05349719289,TabICL_regression03/runs/3M/step-120000_ddpm500_rows200_repeats100_parallel20.json,TabICL_regression03/runs/3M/step-120000_ddpm500_rows200_repeats100_parallel20_uncertainty.json,
ex2_rows200_scaling,3M,Diffusion_DDPM500_repeats100,auction_verification,0.8298400071,0.02156002599,0.1237565853,0.008746714031,0.06217397023,0.00514342969,0.041,0.00316227766,0.7314856577,0.04772833931,TabICL_regression03/runs/3M/step-120000_ddpm500_rows200_repeats100_parallel20.json,TabICL_regression03/runs/3M/step-120000_ddpm500_rows200_repeats100_parallel20_uncertainty.json,
ex2_rows200_scaling,3M,Diffusion_DDPM500_repeats100,boston,0.8514248558,0.03070993287,0.08824653129,0.01098311742,0.0595323319,0.005622525081,0.02,0.004604345773,0.865967951,0.06006084639,TabICL_regression03/runs/3M/step-120000_ddpm500_rows200_repeats100_parallel20.json,TabICL_regression03/runs/3M/step-120000_ddpm500_rows200_repeats100_parallel20_uncertainty.json,
ex2_rows200_scaling,3M,Diffusion_DDPM500_repeats100,cars,0.9141506548,0.01293599866,0.06847709831,0.005740821314,0.04634821993,0.00422279762,0.023,0.005176871642,0.6633043323,0.04557817109,TabICL_regression03/runs/3M/step-120000_ddpm500_rows200_repeats100_parallel20.json,TabICL_regression03/runs/3M/step-120000_ddpm500_rows200_repeats100_parallel20_uncertainty.json,
ex2_rows200_scaling,3M,Diffusion_DDPM500_repeats100,concrete_compressive_strength,0.8226082097,0.03349290892,0.1027530986,0.006134225603,0.07725415177,0.004350393431,0.014,0.003286335345,1.308029788,0.09689782835,TabICL_regression03/runs/3M/step-120000_ddpm500_rows200_repeats100_parallel20.json,TabICL_regression03/runs/3M/step-120000_ddpm500_rows200_repeats100_parallel20_uncertainty.json,
ex2_rows200_scaling,3M,Diffusion_DDPM500_repeats100,cpu_activity,0.9772044102,0.003242377041,0.02928339373,0.001262078114,0.01987058458,0.00101180073,0.013,0.003286335345,0.3638258238,0.03191411578,TabICL_regression03/runs/3M/step-120000_ddpm500_rows200_repeats100_parallel20.json,TabICL_regression03/runs/3M/step-120000_ddpm500_rows200_repeats100_parallel20_uncertainty.json,
ex2_rows200_scaling,3M,Diffusion_DDPM500_repeats100,energy_efficiency,0.9846661987,0.003155933889,0.03789947574,0.004711130926,0.024012051,0.002126676138,0.04,0.006164414003,0.2443219849,0.03476146025,TabICL_regression03/runs/3M/step-120000_ddpm500_rows200_repeats100_parallel20.json,TabICL_regression03/runs/3M/step-120000_ddpm500_rows200_repeats100_parallel20_uncertainty.json,
ex2_rows200_scaling,3M,Diffusion_DDPM500_repeats100,grid_stability,0.8105384302,0.0241295379,0.1141887961,0.00586582512,0.09051701328,0.004709494529,0.023,0.003633180425,1.580626885,0.02003426096,TabICL_regression03/runs/3M/step-120000_ddpm500_rows200_repeats100_parallel20.json,TabICL_regression03/runs/3M/step-120000_ddpm500_rows200_repeats100_parallel20_uncertainty.json,
ex2_rows200_scaling,3M,Diffusion_DDPM500_repeats100,kin8nm,0.3798741969,0.05922789583,0.1930756235,0.01250161484,0.1479322549,0.009127362086,0.026,0.005403702434,2.241989962,0.09393019535,TabICL_regression03/runs/3M/step-120000_ddpm500_rows200_repeats100_parallel20.json,TabICL_regression03/runs/3M/step-120000_ddpm500_rows200_repeats100_parallel20_uncertainty.json,
ex2_rows200_scaling,3M,Diffusion_DDPM500_repeats100,Moneyball,0.9305829434,0.01118379788,0.05908821024,0.004861254385,0.04712427358,0.003771618493,0.017,0.002966479395,0.7366373271,0.04691885739,TabICL_regression03/runs/3M/step-120000_ddpm500_rows200_repeats100_parallel20.json,TabICL_regression03/runs/3M/step-120000_ddpm500_rows200_repeats100_parallel20_uncertainty.json,
ex2_rows200_scaling,3M,Diffusion_DDPM500_repeats100,pumadyn32nh,0.09612867539,0.03405096602,0.2028886278,0.007152905325,0.1632464904,0.006820309775,0.012,0.001673320053,3.119640189,0.247596354,TabICL_regression03/runs/3M/step-120000_ddpm500_rows200_repeats100_parallel20.json,TabICL_regression03/runs/3M/step-120000_ddpm500_rows200_repeats100_parallel20_uncertainty.json,
ex2_rows200_scaling,3M,Diffusion_DDPM500_repeats100,QSAR_fish_toxicity,0.4781316848,0.062217566,0.1468293753,0.008173123617,0.1038547193,0.005292525148,0.022,0.003577708764,1.779323549,0.1341275441,TabICL_regression03/runs/3M/step-120000_ddpm500_rows200_repeats100_parallel20.json,TabICL_regression03/runs/3M/step-120000_ddpm500_rows200_repeats100_parallel20_uncertainty.json,
ex2_rows200_scaling,3M,Diffusion_DDPM500_repeats100,quake,-0.09121456059,0.02428470914,0.2809694457,0.01230070923,0.2264176365,0.01281502693,0.026,0.004335896678,2.717052902,0.1984625032,TabICL_regression03/runs/3M/step-120000_ddpm500_rows200_repeats100_parallel20.json,TabICL_regression03/runs/3M/step-120000_ddpm500_rows200_repeats100_parallel20_uncertainty.json,
ex2_rows200_scaling,3M,Diffusion_DDPM500_repeats100,sensory,0.03450791418,0.03983110509,0.2416720725,0.01252277108,0.1916206423,0.01098103355,0.021,0.004604345773,2.887258723,0.2052732125,TabICL_regression03/runs/3M/step-120000_ddpm500_rows200_repeats100_parallel20.json,TabICL_regression03/runs/3M/step-120000_ddpm500_rows200_repeats100_parallel20_uncertainty.json,
ex2_rows200_scaling,3M,Diffusion_DDPM500_repeats100,socmob,0.6272498237,0.06418671655,0.1111188139,0.01710647092,0.04197411656,0.009941051384,0.071,0.005176871642,0.4716961852,0.09033175691,TabICL_regression03/runs/3M/step-120000_ddpm500_rows200_repeats100_parallel20.json,TabICL_regression03/runs/3M/step-120000_ddpm500_rows200_repeats100_parallel20_uncertainty.json,
ex2_rows200_scaling,3M,Diffusion_DDPM500_repeats100,space_ga,0.5731146367,0.03753838476,0.1541021721,0.009003521559,0.1169095259,0.01036690491,0.02,0.006164414003,1.694044902,0.1159379841,TabICL_regression03/runs/3M/step-120000_ddpm500_rows200_repeats100_parallel20.json,TabICL_regression03/runs/3M/step-120000_ddpm500_rows200_repeats100_parallel20_uncertainty.json,
ex2_rows200_scaling,3M,Diffusion_DDPM500_repeats100,student_performance,0.06055403678,0.06778770034,0.1938410011,0.01369595955,0.1391000479,0.01528447383,0.017,0.005215361924,2.473635114,0.1401354005,TabICL_regression03/runs/3M/step-120000_ddpm500_rows200_repeats100_parallel20.json,TabICL_regression03/runs/3M/step-120000_ddpm500_rows200_repeats100_parallel20_uncertainty.json,
ex2_rows200_scaling,3M,nanoTabPFN,abalone,0.4736237711,0.03865889018,0.1760680723,0.009509328051,0.1340680474,0.008311808371,0.012,0.003286335345,2.447730942,0.1322538672,nanoTabPFN_version10_original02/3M/model_step_0120000_rows200_bins10_eval.json,nanoTabPFN_version10_original02/3M/model_step_0120000_rows200_bins10_eval.json,
ex2_rows200_scaling,3M,nanoTabPFN,airfoil_self_noise,0.6699204059,0.04553111513,0.129875677,0.007859204279,0.09607614234,0.005722490781,0.016,0.001788854382,1.83693192,0.08627273185,nanoTabPFN_version10_original02/3M/model_step_0120000_rows200_bins10_eval.json,nanoTabPFN_version10_original02/3M/model_step_0120000_rows200_bins10_eval.json,
ex2_rows200_scaling,3M,nanoTabPFN,auction_verification,0.8663543529,0.02035620855,0.1097563816,0.009928713331,0.05248599438,0.004576833959,0.038,0.004816637832,0.6343195032,0.02476157034,nanoTabPFN_version10_original02/3M/model_step_0120000_rows200_bins10_eval.json,nanoTabPFN_version10_original02/3M/model_step_0120000_rows200_bins10_eval.json,
ex2_rows200_scaling,3M,nanoTabPFN,boston,0.8532126254,0.02681982977,0.08808320899,0.00960535312,0.06136424706,0.004706119875,0.022,0.004898979486,1.145432341,0.07278275197,nanoTabPFN_version10_original02/3M/model_step_0120000_rows200_bins10_eval.json,nanoTabPFN_version10_original02/3M/model_step_0120000_rows200_bins10_eval.json,
ex2_rows200_scaling,3M,nanoTabPFN,cars,0.9033558987,0.02010153241,0.07114870648,0.002847642211,0.04637271063,0.002839977156,0.018,0.004472135955,0.874337735,0.06018647453,nanoTabPFN_version10_original02/3M/model_step_0120000_rows200_bins10_eval.json,nanoTabPFN_version10_original02/3M/model_step_0120000_rows200_bins10_eval.json,
ex2_rows200_scaling,3M,nanoTabPFN,concrete_compressive_strength,0.8228899428,0.02902216612,0.1035076533,0.006687788215,0.07616802012,0.005412665555,0.03,0.003633180425,1.552399804,0.09989512718,nanoTabPFN_version10_original02/3M/model_step_0120000_rows200_bins10_eval.json,nanoTabPFN_version10_original02/3M/model_step_0120000_rows200_bins10_eval.json,
ex2_rows200_scaling,3M,nanoTabPFN,cpu_activity,0.9257787104,0.01031327835,0.05492442146,0.00726633068,0.02899133309,0.002224517383,0.022,0.004147288271,0.8249485772,0.04020154509,nanoTabPFN_version10_original02/3M/model_step_0120000_rows200_bins10_eval.json,nanoTabPFN_version10_original02/3M/model_step_0120000_rows200_bins10_eval.json,
ex2_rows200_scaling,3M,nanoTabPFN,energy_efficiency,0.9821107561,0.004574340467,0.04006094952,0.004923027048,0.02869679578,0.003176581832,0.032,0.007211102551,0.3157060282,0.006332005324,nanoTabPFN_version10_original02/3M/model_step_0120000_rows200_bins10_eval.json,nanoTabPFN_version10_original02/3M/model_step_0120000_rows200_bins10_eval.json,
ex2_rows200_scaling,3M,nanoTabPFN,grid_stability,0.7720985559,0.02748963914,0.1254183081,0.006018784889,0.09952439723,0.004949374163,0.033,0.002683281573,1.961854034,0.04518019522,nanoTabPFN_version10_original02/3M/model_step_0120000_rows200_bins10_eval.json,nanoTabPFN_version10_original02/3M/model_step_0120000_rows200_bins10_eval.json,
ex2_rows200_scaling,3M,nanoTabPFN,kin8nm,0.3851427974,0.03520147427,0.1931687288,0.01102948057,0.1544969468,0.01048336998,0.021,0.002828427125,2.530969181,0.08233031515,nanoTabPFN_version10_original02/3M/model_step_0120000_rows200_bins10_eval.json,nanoTabPFN_version10_original02/3M/model_step_0120000_rows200_bins10_eval.json,
ex2_rows200_scaling,3M,nanoTabPFN,Moneyball,0.9285999868,0.01160048567,0.05971713583,0.004905406165,0.0473873729,0.003721755748,0.022,0.006099180273,0.9599910739,0.05823681752,nanoTabPFN_version10_original02/3M/model_step_0120000_rows200_bins10_eval.json,nanoTabPFN_version10_original02/3M/model_step_0120000_rows200_bins10_eval.json,
ex2_rows200_scaling,3M,nanoTabPFN,pumadyn32nh,-0.003189100471,0.01074580825,0.2140141102,0.00730524375,0.1717544707,0.006722495149,0.011,0.004898979486,3.363459579,0.293963084,nanoTabPFN_version10_original02/3M/model_step_0120000_rows200_bins10_eval.json,nanoTabPFN_version10_original02/3M/model_step_0120000_rows200_bins10_eval.json,
ex2_rows200_scaling,3M,nanoTabPFN,QSAR_fish_toxicity,0.4955254201,0.0619628742,0.1441034114,0.006965148091,0.1049662864,0.004263853362,0.022,0.002683281573,2.154505456,0.1747681075,nanoTabPFN_version10_original02/3M/model_step_0120000_rows200_bins10_eval.json,nanoTabPFN_version10_original02/3M/model_step_0120000_rows200_bins10_eval.json,
ex2_rows200_scaling,3M,nanoTabPFN,quake,-0.1776974736,0.03025978007,0.2913267656,0.01008264032,0.2393009919,0.01096629335,0.025,0.006228964601,2.599220861,0.2709714236,nanoTabPFN_version10_original02/3M/model_step_0120000_rows200_bins10_eval.json,nanoTabPFN_version10_original02/3M/model_step_0120000_rows200_bins10_eval.json,
ex2_rows200_scaling,3M,nanoTabPFN,sensory,0.01150710761,0.01085765562,0.2440035508,0.007816480305,0.1949980314,0.007635234569,0.029,0.00316227766,3.864476341,0.3030557172,nanoTabPFN_version10_original02/3M/model_step_0120000_rows200_bins10_eval.json,nanoTabPFN_version10_original02/3M/model_step_0120000_rows200_bins10_eval.json,
ex2_rows200_scaling,3M,nanoTabPFN,socmob,0.5296478677,0.05299792938,0.1244989812,0.01374372902,0.04483746983,0.01087453908,0.054,0.002449489743,0.4778028676,0.08572974133,nanoTabPFN_version10_original02/3M/model_step_0120000_rows200_bins10_eval.json,nanoTabPFN_version10_original02/3M/model_step_0120000_rows200_bins10_eval.json,
ex2_rows200_scaling,3M,nanoTabPFN,space_ga,0.5447221334,0.04726266673,0.1583339986,0.007985170887,0.1217666059,0.01032563404,0.007,0.005761944116,2.063299965,0.1606395804,nanoTabPFN_version10_original02/3M/model_step_0120000_rows200_bins10_eval.json,nanoTabPFN_version10_original02/3M/model_step_0120000_rows200_bins10_eval.json,
ex2_rows200_scaling,3M,nanoTabPFN,student_performance,0.07089449137,0.02501816981,0.1924877781,0.007940256279,0.1402218421,0.008006035992,0.02,0.004242640687,2.775101826,0.1866047969,nanoTabPFN_version10_original02/3M/model_step_0120000_rows200_bins10_eval.json,nanoTabPFN_version10_original02/3M/model_step_0120000_rows200_bins10_eval.json,
ex2_rows200_scaling,6M,Diffusion_DDPM500_repeats100,abalone,0.4752569967,0.0357475365,0.1751652091,0.005045626703,0.1305632371,0.005501164687,0.014,0.004335896678,1.938941624,0.0845934447,TabICL_regression03/runs/6M/step-120000_ddpm500_repeats100_from200_first100.json,TabICL_regression03/runs/6M/step-120000_ddpm500_repeats100_from200_first100_bins10-uncertainty.json,
ex2_rows200_scaling,6M,Diffusion_DDPM500_repeats100,airfoil_self_noise,0.6943403834,0.0392353601,0.1259431128,0.007478550196,0.09032387649,0.005441062673,0.021,0.002,1.652786064,0.05590678213,TabICL_regression03/runs/6M/step-120000_ddpm500_repeats100_from200_first100.json,TabICL_regression03/runs/6M/step-120000_ddpm500_repeats100_from200_first100_bins10-uncertainty.json,
ex2_rows200_scaling,6M,Diffusion_DDPM500_repeats100,auction_verification,0.8873741861,0.02015614928,0.1006031535,0.01106061797,0.04909917626,0.005148251161,0.049,0.005366563146,0.4875508708,0.02949708535,TabICL_regression03/runs/6M/step-120000_ddpm500_repeats100_from200_first100.json,TabICL_regression03/runs/6M/step-120000_ddpm500_repeats100_from200_first100_bins10-uncertainty.json,
ex2_rows200_scaling,6M,Diffusion_DDPM500_repeats100,boston,0.8526217584,0.03012992295,0.08801201459,0.01082928174,0.0592365952,0.005083198711,0.02,0.003577708764,0.8452487547,0.06309641559,TabICL_regression03/runs/6M/step-120000_ddpm500_repeats100_from200_first100.json,TabICL_regression03/runs/6M/step-120000_ddpm500_repeats100_from200_first100_bins10-uncertainty.json,
ex2_rows200_scaling,6M,Diffusion_DDPM500_repeats100,cars,0.9195889652,0.01194122354,0.06627416245,0.004814458363,0.04432995724,0.003731465447,0.031,0.00438178046,0.5862886365,0.04253148529,TabICL_regression03/runs/6M/step-120000_ddpm500_repeats100_from200_first100.json,TabICL_regression03/runs/6M/step-120000_ddpm500_repeats100_from200_first100_bins10-uncertainty.json,
ex2_rows200_scaling,6M,Diffusion_DDPM500_repeats100,concrete_compressive_strength,0.8167778533,0.03451651734,0.1043124004,0.00483692364,0.07887676649,0.003252168806,0.007,0.001673320053,1.303208686,0.0968333122,TabICL_regression03/runs/6M/step-120000_ddpm500_repeats100_from200_first100.json,TabICL_regression03/runs/6M/step-120000_ddpm500_repeats100_from200_first100_bins10-uncertainty.json,
ex2_rows200_scaling,6M,Diffusion_DDPM500_repeats100,cpu_activity,0.9692105651,0.009078960188,0.03240194109,0.002845203917,0.02133907493,0.001426823026,0.027,0.00469041576,0.3657770857,0.03538984332,TabICL_regression03/runs/6M/step-120000_ddpm500_repeats100_from200_first100.json,TabICL_regression03/runs/6M/step-120000_ddpm500_repeats100_from200_first100_bins10-uncertainty.json,
ex2_rows200_scaling,6M,Diffusion_DDPM500_repeats100,energy_efficiency,0.9849368064,0.00458643147,0.03620399425,0.004783374511,0.02292029315,0.001975385718,0.043,0.005176871642,0.1929441294,0.01296377728,TabICL_regression03/runs/6M/step-120000_ddpm500_repeats100_from200_first100.json,TabICL_regression03/runs/6M/step-120000_ddpm500_repeats100_from200_first100_bins10-uncertainty.json,
ex2_rows200_scaling,6M,Diffusion_DDPM500_repeats100,grid_stability,0.7957227483,0.01928566455,0.1193722873,0.004365806533,0.09330693101,0.004033479431,0.011,0.005019960159,1.521008447,0.02141196257,TabICL_regression03/runs/6M/step-120000_ddpm500_repeats100_from200_first100.json,TabICL_regression03/runs/6M/step-120000_ddpm500_repeats100_from200_first100_bins10-uncertainty.json,
ex2_rows200_scaling,6M,Diffusion_DDPM500_repeats100,kin8nm,0.3681000194,0.05601426831,0.1953943994,0.01357821515,0.1512312138,0.01042616068,0.019,0.003286335345,2.303001566,0.1111838851,TabICL_regression03/runs/6M/step-120000_ddpm500_repeats100_from200_first100.json,TabICL_regression03/runs/6M/step-120000_ddpm500_repeats100_from200_first100_bins10-uncertainty.json,
ex2_rows200_scaling,6M,Diffusion_DDPM500_repeats100,Moneyball,0.9376732719,0.008473471976,0.0562960831,0.003773522693,0.04472216718,0.003086152135,0.018,0.005403702434,0.7210766601,0.04608556444,TabICL_regression03/runs/6M/step-120000_ddpm500_repeats100_from200_first100.json,TabICL_regression03/runs/6M/step-120000_ddpm500_repeats100_from200_first100_bins10-uncertainty.json,
ex2_rows200_scaling,6M,Diffusion_DDPM500_repeats100,pumadyn32nh,0.1765872719,0.02774671983,0.1939094564,0.007915967382,0.1584746464,0.0071605991,0.015,0.002966479395,3.104227486,0.2248548901,TabICL_regression03/runs/6M/step-120000_ddpm500_repeats100_from200_first100.json,TabICL_regression03/runs/6M/step-120000_ddpm500_repeats100_from200_first100_bins10-uncertainty.json,
ex2_rows200_scaling,6M,Diffusion_DDPM500_repeats100,QSAR_fish_toxicity,0.498597497,0.06330095358,0.1437760117,0.008124872408,0.1038685587,0.004759228053,0.027,0.002966479395,1.748777188,0.126375385,TabICL_regression03/runs/6M/step-120000_ddpm500_repeats100_from200_first100.json,TabICL_regression03/runs/6M/step-120000_ddpm500_repeats100_from200_first100_bins10-uncertainty.json,
ex2_rows200_scaling,6M,Diffusion_DDPM500_repeats100,quake,-0.1081031618,0.008682788469,0.2831019107,0.01152951471,0.2271298469,0.01125005118,0.034,0.002683281573,2.746343486,0.1965771393,TabICL_regression03/runs/6M/step-120000_ddpm500_repeats100_from200_first100.json,TabICL_regression03/runs/6M/step-120000_ddpm500_repeats100_from200_first100_bins10-uncertainty.json,
ex2_rows200_scaling,6M,Diffusion_DDPM500_repeats100,sensory,0.06643122159,0.02633828273,0.2376248031,0.01112471583,0.1895710432,0.01070228727,0.017,0.004979959839,3.013337843,0.2286737743,TabICL_regression03/runs/6M/step-120000_ddpm500_repeats100_from200_first100.json,TabICL_regression03/runs/6M/step-120000_ddpm500_repeats100_from200_first100_bins10-uncertainty.json,
ex2_rows200_scaling,6M,Diffusion_DDPM500_repeats100,socmob,0.7121504984,0.08029488682,0.09639560913,0.02010076287,0.03898261195,0.01071372778,0.07,0.009859006035,0.4082482514,0.07742665031,TabICL_regression03/runs/6M/step-120000_ddpm500_repeats100_from200_first100.json,TabICL_regression03/runs/6M/step-120000_ddpm500_repeats100_from200_first100_bins10-uncertainty.json,
ex2_rows200_scaling,6M,Diffusion_DDPM500_repeats100,space_ga,0.5846156719,0.04113741369,0.1520510211,0.01049538007,0.1164747094,0.01198148167,0.014,0.006723094526,1.756899126,0.1110818067,TabICL_regression03/runs/6M/step-120000_ddpm500_repeats100_from200_first100.json,TabICL_regression03/runs/6M/step-120000_ddpm500_repeats100_from200_first100_bins10-uncertainty.json,
ex2_rows200_scaling,6M,Diffusion_DDPM500_repeats100,student_performance,0.05282112102,0.05412554656,0.1943088463,0.01112844189,0.1403258439,0.01196950389,0.023,0.0045607017,2.506346954,0.1346498247,TabICL_regression03/runs/6M/step-120000_ddpm500_repeats100_from200_first100.json,TabICL_regression03/runs/6M/step-120000_ddpm500_repeats100_from200_first100_bins10-uncertainty.json,
ex2_rows200_scaling,6M,nanoTabPFN,abalone,0.4877267243,0.03294066844,0.1735530529,0.007306193796,0.1320758538,0.005085266077,0.027,0.006985699679,2.245257028,0.1201669903,nanoTabPFN_version10_original02/6M/model_step_0120000_rows200_bins10_eval.json,nanoTabPFN_version10_original02/6M/model_step_0120000_rows200_bins10_eval.json,
ex2_rows200_scaling,6M,nanoTabPFN,airfoil_self_noise,0.7637149456,0.02696493022,0.1108119815,0.005589201031,0.08116131644,0.004066456025,0.034,0.005366563146,1.896725799,0.07243534022,nanoTabPFN_version10_original02/6M/model_step_0120000_rows200_bins10_eval.json,nanoTabPFN_version10_original02/6M/model_step_0120000_rows200_bins10_eval.json,
ex2_rows200_scaling,6M,nanoTabPFN,auction_verification,0.8878337664,0.01746301254,0.1005252742,0.009124758284,0.0472937846,0.003525473672,0.026,0.005099019514,0.6678779483,0.03573289081,nanoTabPFN_version10_original02/6M/model_step_0120000_rows200_bins10_eval.json,nanoTabPFN_version10_original02/6M/model_step_0120000_rows200_bins10_eval.json,
ex2_rows200_scaling,6M,nanoTabPFN,boston,0.8625051473,0.02740032035,0.08495672768,0.01020193807,0.05872767846,0.00520559989,0.025,0.003898717738,1.118802597,0.06743152549,nanoTabPFN_version10_original02/6M/model_step_0120000_rows200_bins10_eval.json,nanoTabPFN_version10_original02/6M/model_step_0120000_rows200_bins10_eval.json,
ex2_rows200_scaling,6M,nanoTabPFN,cars,0.9102607784,0.01562476378,0.06933925494,0.004554152872,0.04730077963,0.003783938593,0.019,0.003286335345,0.8533078457,0.0599018231,nanoTabPFN_version10_original02/6M/model_step_0120000_rows200_bins10_eval.json,nanoTabPFN_version10_original02/6M/model_step_0120000_rows200_bins10_eval.json,
ex2_rows200_scaling,6M,nanoTabPFN,concrete_compressive_strength,0.8567760188,0.02328008329,0.09325915496,0.006834960876,0.06890021885,0.004894283465,0.027,0.003286335345,1.38512651,0.08874329805,nanoTabPFN_version10_original02/6M/model_step_0120000_rows200_bins10_eval.json,nanoTabPFN_version10_original02/6M/model_step_0120000_rows200_bins10_eval.json,
ex2_rows200_scaling,6M,nanoTabPFN,cpu_activity,0.9423043452,0.01797653699,0.04414652232,0.006224990965,0.02536951568,0.002064822352,0.022,0.004,0.546486619,0.03963481915,nanoTabPFN_version10_original02/6M/model_step_0120000_rows200_bins10_eval.json,nanoTabPFN_version10_original02/6M/model_step_0120000_rows200_bins10_eval.json,
ex2_rows200_scaling,6M,nanoTabPFN,energy_efficiency,0.9890225681,0.005611913651,0.02848771902,0.006399106745,0.0199665007,0.003481414529,0.019,0.003847076812,0.2611000862,0.01039064462,nanoTabPFN_version10_original02/6M/model_step_0120000_rows200_bins10_eval.json,nanoTabPFN_version10_original02/6M/model_step_0120000_rows200_bins10_eval.json,
ex2_rows200_scaling,6M,nanoTabPFN,grid_stability,0.8336501224,0.0177904464,0.1075151456,0.004445102463,0.08450545233,0.003834773711,0.03,0.00228035085,1.664735848,0.02845095456,nanoTabPFN_version10_original02/6M/model_step_0120000_rows200_bins10_eval.json,nanoTabPFN_version10_original02/6M/model_step_0120000_rows200_bins10_eval.json,
ex2_rows200_scaling,6M,nanoTabPFN,kin8nm,0.3726358872,0.02699122459,0.1950421008,0.009778419322,0.1562971704,0.009989516343,0.025,0.003898717738,2.66119011,0.1069423133,nanoTabPFN_version10_original02/6M/model_step_0120000_rows200_bins10_eval.json,nanoTabPFN_version10_original02/6M/model_step_0120000_rows200_bins10_eval.json,
ex2_rows200_scaling,6M,nanoTabPFN,Moneyball,0.9432794611,0.008784185758,0.05351613327,0.003857191886,0.04325348241,0.002752561048,0.018,0.004816637832,0.8110239837,0.04334446044,nanoTabPFN_version10_original02/6M/model_step_0120000_rows200_bins10_eval.json,nanoTabPFN_version10_original02/6M/model_step_0120000_rows200_bins10_eval.json,
ex2_rows200_scaling,6M,nanoTabPFN,pumadyn32nh,-0.009639483827,0.008329044055,0.2146887017,0.007187943075,0.1718950035,0.006627041946,0.017,0.003847076812,3.352232208,0.2948649667,nanoTabPFN_version10_original02/6M/model_step_0120000_rows200_bins10_eval.json,nanoTabPFN_version10_original02/6M/model_step_0120000_rows200_bins10_eval.json,
ex2_rows200_scaling,6M,nanoTabPFN,QSAR_fish_toxicity,0.5220025667,0.0473670808,0.1409662912,0.006431950895,0.1019469551,0.004176931459,0.028,0.004604345773,2.371894544,0.1816405436,nanoTabPFN_version10_original02/6M/model_step_0120000_rows200_bins10_eval.json,nanoTabPFN_version10_original02/6M/model_step_0120000_rows200_bins10_eval.json,
ex2_rows200_scaling,6M,nanoTabPFN,quake,-0.0566055287,0.01659187814,0.2764264284,0.0115352118,0.2280911063,0.01184976883,0.044,0.003033150178,3.126415119,0.1810353108,nanoTabPFN_version10_original02/6M/model_step_0120000_rows200_bins10_eval.json,nanoTabPFN_version10_original02/6M/model_step_0120000_rows200_bins10_eval.json,
ex2_rows200_scaling,6M,nanoTabPFN,sensory,-0.02480963358,0.02007400954,0.2487604501,0.01014747676,0.1943203688,0.008979741864,0.035,0.00219089023,3.234978835,0.3261986062,nanoTabPFN_version10_original02/6M/model_step_0120000_rows200_bins10_eval.json,nanoTabPFN_version10_original02/6M/model_step_0120000_rows200_bins10_eval.json,
ex2_rows200_scaling,6M,nanoTabPFN,socmob,0.3971034747,0.05824332307,0.1397778581,0.008385973743,0.04633306891,0.009206490524,0.029,0.006723094526,0.7157796511,0.1768517887,nanoTabPFN_version10_original02/6M/model_step_0120000_rows200_bins10_eval.json,nanoTabPFN_version10_original02/6M/model_step_0120000_rows200_bins10_eval.json,
ex2_rows200_scaling,6M,nanoTabPFN,space_ga,0.5540871559,0.0457191495,0.1572699185,0.01045178894,0.1225226455,0.0122217917,0.022,0.00469041576,2.228903096,0.1662155552,nanoTabPFN_version10_original02/6M/model_step_0120000_rows200_bins10_eval.json,nanoTabPFN_version10_original02/6M/model_step_0120000_rows200_bins10_eval.json,
ex2_rows200_scaling,6M,nanoTabPFN,student_performance,0.09974156545,0.01707350996,0.1896739943,0.00836256101,0.1353084154,0.008394643044,0.02,0.006542170894,2.444305113,0.2027742891,nanoTabPFN_version10_original02/6M/model_step_0120000_rows200_bins10_eval.json,nanoTabPFN_version10_original02/6M/model_step_0120000_rows200_bins10_eval.json,
ex2_rows200_scaling,10M,Diffusion_DDPM500_repeats100,abalone,0.4905057612,0.05615339759,0.1715421294,0.01018437455,0.1288335518,0.00816954039,0.017,0.002828427125,1.983723303,0.1225329255,TabICL_regression03/runs/10M/step-120000_ddpm500_rows200_repeats100_parallel20.json,TabICL_regression03/runs/10M/step-120000_ddpm500_rows200_repeats100_parallel20_uncertainty.json,
ex2_rows200_scaling,10M,Diffusion_DDPM500_repeats100,airfoil_self_noise,0.6924271642,0.04383922824,0.125360371,0.007089784073,0.08969761112,0.004937833029,0.02,0.005176871642,1.61031766,0.06321322746,TabICL_regression03/runs/10M/step-120000_ddpm500_rows200_repeats100_parallel20.json,TabICL_regression03/runs/10M/step-120000_ddpm500_rows200_repeats100_parallel20_uncertainty.json,
ex2_rows200_scaling,10M,Diffusion_DDPM500_repeats100,auction_verification,0.8967365346,0.02222164276,0.09564495341,0.01240044385,0.04352100951,0.004727311703,0.051,0.007615773106,0.3693934025,0.03385943546,TabICL_regression03/runs/10M/step-120000_ddpm500_rows200_repeats100_parallel20.json,TabICL_regression03/runs/10M/step-120000_ddpm500_rows200_repeats100_parallel20_uncertainty.json,
ex2_rows200_scaling,10M,Diffusion_DDPM500_repeats100,boston,0.8676811259,0.02470896972,0.08383670398,0.009473050338,0.05799861682,0.004335132441,0.022,0.006723094526,0.8873451737,0.06493400695,TabICL_regression03/runs/10M/step-120000_ddpm500_rows200_repeats100_parallel20.json,TabICL_regression03/runs/10M/step-120000_ddpm500_rows200_repeats100_parallel20_uncertainty.json,
ex2_rows200_scaling,10M,Diffusion_DDPM500_repeats100,cars,0.9220123711,0.011020833,0.06553810698,0.005657624286,0.04337703441,0.004128013928,0.022,0.005176871642,0.5932272185,0.03461662291,TabICL_regression03/runs/10M/step-120000_ddpm500_rows200_repeats100_parallel20.json,TabICL_regression03/runs/10M/step-120000_ddpm500_rows200_repeats100_parallel20_uncertainty.json,
ex2_rows200_scaling,10M,Diffusion_DDPM500_repeats100,concrete_compressive_strength,0.809757703,0.04493522555,0.1049493704,0.006990195738,0.07627907743,0.004900057345,0.008,0.002683281573,1.245699714,0.08105121576,TabICL_regression03/runs/10M/step-120000_ddpm500_rows200_repeats100_parallel20.json,TabICL_regression03/runs/10M/step-120000_ddpm500_rows200_repeats100_parallel20_uncertainty.json,
ex2_rows200_scaling,10M,Diffusion_DDPM500_repeats100,cpu_activity,0.9764911843,0.004238967772,0.02918065584,0.000732557298,0.02017136012,0.001205551984,0.017,0.00228035085,0.3742887351,0.04415721992,TabICL_regression03/runs/10M/step-120000_ddpm500_rows200_repeats100_parallel20.json,TabICL_regression03/runs/10M/step-120000_ddpm500_rows200_repeats100_parallel20_uncertainty.json,
ex2_rows200_scaling,10M,Diffusion_DDPM500_repeats100,energy_efficiency,0.9873791587,0.003008767265,0.03385592975,0.003791402289,0.02192777133,0.001964958959,0.042,0.00632455532,0.1921252807,0.01936669009,TabICL_regression03/runs/10M/step-120000_ddpm500_rows200_repeats100_parallel20.json,TabICL_regression03/runs/10M/step-120000_ddpm500_rows200_repeats100_parallel20_uncertainty.json,
ex2_rows200_scaling,10M,Diffusion_DDPM500_repeats100,grid_stability,0.8085010718,0.0255410351,0.1148787171,0.006489501932,0.08899161146,0.005411301368,0.024,0.003847076812,1.588018187,0.03208629399,TabICL_regression03/runs/10M/step-120000_ddpm500_rows200_repeats100_parallel20.json,TabICL_regression03/runs/10M/step-120000_ddpm500_rows200_repeats100_parallel20_uncertainty.json,
ex2_rows200_scaling,10M,Diffusion_DDPM500_repeats100,kin8nm,0.3639026275,0.04853545979,0.19594042,0.01114614618,0.150144782,0.00922707461,0.015,0.002607680962,2.286865633,0.1033435254,TabICL_regression03/runs/10M/step-120000_ddpm500_rows200_repeats100_parallel20.json,TabICL_regression03/runs/10M/step-120000_ddpm500_rows200_repeats100_parallel20_uncertainty.json,
ex2_rows200_scaling,10M,Diffusion_DDPM500_repeats100,Moneyball,0.933418166,0.01087611561,0.05774095736,0.0047195674,0.04574902387,0.003836481814,0.029,0.005727128425,0.6852588173,0.04209582075,TabICL_regression03/runs/10M/step-120000_ddpm500_rows200_repeats100_parallel20.json,TabICL_regression03/runs/10M/step-120000_ddpm500_rows200_repeats100_parallel20_uncertainty.json,
ex2_rows200_scaling,10M,Diffusion_DDPM500_repeats100,pumadyn32nh,0.2022187282,0.0283103093,0.1905242993,0.006066633444,0.1525665765,0.006386983522,0.016,0.002683281573,3.087548108,0.2021344277,TabICL_regression03/runs/10M/step-120000_ddpm500_rows200_repeats100_parallel20.json,TabICL_regression03/runs/10M/step-120000_ddpm500_rows200_repeats100_parallel20_uncertainty.json,
ex2_rows200_scaling,10M,Diffusion_DDPM500_repeats100,QSAR_fish_toxicity,0.4733204404,0.05691708504,0.1482302441,0.008871224587,0.1053655344,0.005739494719,0.013,0.002683281573,1.859021678,0.1393457231,TabICL_regression03/runs/10M/step-120000_ddpm500_rows200_repeats100_parallel20.json,TabICL_regression03/runs/10M/step-120000_ddpm500_rows200_repeats100_parallel20_uncertainty.json,
ex2_rows200_scaling,10M,Diffusion_DDPM500_repeats100,quake,-0.07005515049,0.02817242741,0.278485976,0.01362706969,0.223710213,0.01290575639,0.029,0.002449489743,2.781970387,0.2213742119,TabICL_regression03/runs/10M/step-120000_ddpm500_rows200_repeats100_parallel20.json,TabICL_regression03/runs/10M/step-120000_ddpm500_rows200_repeats100_parallel20_uncertainty.json,
ex2_rows200_scaling,10M,Diffusion_DDPM500_repeats100,sensory,0.02787882683,0.03438430296,0.2423090965,0.01119366328,0.1947262056,0.009965432436,0.027,0.004147288271,2.901659197,0.2228167029,TabICL_regression03/runs/10M/step-120000_ddpm500_rows200_repeats100_parallel20.json,TabICL_regression03/runs/10M/step-120000_ddpm500_rows200_repeats100_parallel20_uncertainty.json,
ex2_rows200_scaling,10M,Diffusion_DDPM500_repeats100,socmob,0.5947904633,0.1118107317,0.1145782068,0.02438127405,0.04290684095,0.01223598085,0.061,0.006693280212,0.5279048376,0.1240263699,TabICL_regression03/runs/10M/step-120000_ddpm500_rows200_repeats100_parallel20.json,TabICL_regression03/runs/10M/step-120000_ddpm500_rows200_repeats100_parallel20_uncertainty.json,
ex2_rows200_scaling,10M,Diffusion_DDPM500_repeats100,space_ga,0.5759866145,0.04788663082,0.152814857,0.009701011924,0.1167430415,0.01050091645,0.015,0.006387487769,1.825310581,0.1315837462,TabICL_regression03/runs/10M/step-120000_ddpm500_rows200_repeats100_parallel20.json,TabICL_regression03/runs/10M/step-120000_ddpm500_rows200_repeats100_parallel20_uncertainty.json,
ex2_rows200_scaling,10M,Diffusion_DDPM500_repeats100,student_performance,0.05446856957,0.05191071504,0.1945938732,0.01235082941,0.1404596552,0.01367066773,0.017,0.004335896678,2.579993507,0.1620930206,TabICL_regression03/runs/10M/step-120000_ddpm500_rows200_repeats100_parallel20.json,TabICL_regression03/runs/10M/step-120000_ddpm500_rows200_repeats100_parallel20_uncertainty.json,
ex2_rows200_scaling,10M,nanoTabPFN,abalone,0.4361552226,0.03100593065,0.1826867944,0.008877042717,0.1372448582,0.007734082751,0.021,0.003346640106,2.386374747,0.159147419,nanoTabPFN_version10_original02/10M/model_step_0120000_rows200_bins10_eval.json,nanoTabPFN_version10_original02/10M/model_step_0120000_rows200_bins10_eval.json,
ex2_rows200_scaling,10M,nanoTabPFN,airfoil_self_noise,0.7538089352,0.03564221225,0.1125323119,0.008015326245,0.08252252756,0.005347620679,0.035,0.005176871642,1.980902888,0.09662685757,nanoTabPFN_version10_original02/10M/model_step_0120000_rows200_bins10_eval.json,nanoTabPFN_version10_original02/10M/model_step_0120000_rows200_bins10_eval.json,
ex2_rows200_scaling,10M,nanoTabPFN,auction_verification,0.8765188441,0.01385541835,0.1062958056,0.007759750679,0.04900224247,0.0033049477,0.041,0.001788854382,0.6248624469,0.02511454093,nanoTabPFN_version10_original02/10M/model_step_0120000_rows200_bins10_eval.json,nanoTabPFN_version10_original02/10M/model_step_0120000_rows200_bins10_eval.json,
ex2_rows200_scaling,10M,nanoTabPFN,boston,0.8680544356,0.02284570736,0.08374729466,0.008386764872,0.05624692597,0.004455113523,0.024,0.003898717738,1.075830357,0.06873341756,nanoTabPFN_version10_original02/10M/model_step_0120000_rows200_bins10_eval.json,nanoTabPFN_version10_original02/10M/model_step_0120000_rows200_bins10_eval.json,
ex2_rows200_scaling,10M,nanoTabPFN,cars,0.9206721349,0.01128853724,0.06580860295,0.003404715143,0.04593784649,0.004337257629,0.026,0.004098780306,0.8999387389,0.04715168438,nanoTabPFN_version10_original02/10M/model_step_0120000_rows200_bins10_eval.json,nanoTabPFN_version10_original02/10M/model_step_0120000_rows200_bins10_eval.json,
ex2_rows200_scaling,10M,nanoTabPFN,concrete_compressive_strength,0.8583348584,0.0232641302,0.0925437267,0.006370000827,0.06929247521,0.004752213569,0.027,0.00554977477,1.488432306,0.09515865483,nanoTabPFN_version10_original02/10M/model_step_0120000_rows200_bins10_eval.json,nanoTabPFN_version10_original02/10M/model_step_0120000_rows200_bins10_eval.json,
ex2_rows200_scaling,10M,nanoTabPFN,cpu_activity,0.9607892742,0.004983804159,0.03951253492,0.004109972365,0.02454449172,0.001362214339,0.014,0.004979959839,0.5131284472,0.02348941473,nanoTabPFN_version10_original02/10M/model_step_0120000_rows200_bins10_eval.json,nanoTabPFN_version10_original02/10M/model_step_0120000_rows200_bins10_eval.json,
ex2_rows200_scaling,10M,nanoTabPFN,energy_efficiency,0.9945964949,0.001400221463,0.02194756632,0.002936029564,0.01685616769,0.002113037399,0.028,0.004979959839,0.268512376,0.01064858063,nanoTabPFN_version10_original02/10M/model_step_0120000_rows200_bins10_eval.json,nanoTabPFN_version10_original02/10M/model_step_0120000_rows200_bins10_eval.json,
ex2_rows200_scaling,10M,nanoTabPFN,grid_stability,0.8011603081,0.03033585673,0.1159186421,0.006827868318,0.09029286053,0.005399068659,0.021,0.007127411872,1.59966071,0.04794148667,nanoTabPFN_version10_original02/10M/model_step_0120000_rows200_bins10_eval.json,nanoTabPFN_version10_original02/10M/model_step_0120000_rows200_bins10_eval.json,
ex2_rows200_scaling,10M,nanoTabPFN,kin8nm,0.3583117068,0.04200044395,0.1973799846,0.01251500844,0.1582300416,0.01225179073,0.023,0.00469041576,2.621350948,0.09873470925,nanoTabPFN_version10_original02/10M/model_step_0120000_rows200_bins10_eval.json,nanoTabPFN_version10_original02/10M/model_step_0120000_rows200_bins10_eval.json,
ex2_rows200_scaling,10M,nanoTabPFN,Moneyball,0.9448699013,0.008471855543,0.05272634715,0.003922914131,0.0424252553,0.002990975722,0.015,0.006418722614,0.7649384987,0.04112790502,nanoTabPFN_version10_original02/10M/model_step_0120000_rows200_bins10_eval.json,nanoTabPFN_version10_original02/10M/model_step_0120000_rows200_bins10_eval.json,
ex2_rows200_scaling,10M,nanoTabPFN,pumadyn32nh,0.000727802211,0.01179229657,0.2136319071,0.00752407818,0.1710903065,0.006945063224,0.014,0.003847076812,3.352936555,0.2925752831,nanoTabPFN_version10_original02/10M/model_step_0120000_rows200_bins10_eval.json,nanoTabPFN_version10_original02/10M/model_step_0120000_rows200_bins10_eval.json,
ex2_rows200_scaling,10M,nanoTabPFN,QSAR_fish_toxicity,0.5107810203,0.05965045826,0.142115412,0.007123394833,0.1009517766,0.00404958824,0.032,0.005830951895,2.329949562,0.1928264716,nanoTabPFN_version10_original02/10M/model_step_0120000_rows200_bins10_eval.json,nanoTabPFN_version10_original02/10M/model_step_0120000_rows200_bins10_eval.json,
ex2_rows200_scaling,10M,nanoTabPFN,quake,-0.07778267891,0.05557349605,0.2794152444,0.01591652067,0.2269105368,0.01191533188,0.043,0.009695359715,3.0297453,0.2882197062,nanoTabPFN_version10_original02/10M/model_step_0120000_rows200_bins10_eval.json,nanoTabPFN_version10_original02/10M/model_step_0120000_rows200_bins10_eval.json,
ex2_rows200_scaling,10M,nanoTabPFN,sensory,-0.02411960982,0.01146471806,0.2485327239,0.008924512041,0.1929666052,0.007391752796,0.032,0.002966479395,3.16150397,0.3246177728,nanoTabPFN_version10_original02/10M/model_step_0120000_rows200_bins10_eval.json,nanoTabPFN_version10_original02/10M/model_step_0120000_rows200_bins10_eval.json,
ex2_rows200_scaling,10M,nanoTabPFN,socmob,0.4803164419,0.0751851193,0.1278475028,0.007132887887,0.03991226013,0.007196863899,0.032,0.005215361924,0.6316781621,0.1106333389,nanoTabPFN_version10_original02/10M/model_step_0120000_rows200_bins10_eval.json,nanoTabPFN_version10_original02/10M/model_step_0120000_rows200_bins10_eval.json,
ex2_rows200_scaling,10M,nanoTabPFN,space_ga,0.5371544525,0.04378811624,0.1603827926,0.0100567078,0.1221009127,0.01154508065,0.009,0.003033150178,2.148823906,0.1621528524,nanoTabPFN_version10_original02/10M/model_step_0120000_rows200_bins10_eval.json,nanoTabPFN_version10_original02/10M/model_step_0120000_rows200_bins10_eval.json,
ex2_rows200_scaling,10M,nanoTabPFN,student_performance,0.07782333605,0.03006270585,0.1915861025,0.007321828231,0.1394161004,0.006978456462,0.026,0.002449489743,2.356600911,0.2155968402,nanoTabPFN_version10_original02/10M/model_step_0120000_rows200_bins10_eval.json,nanoTabPFN_version10_original02/10M/model_step_0120000_rows200_bins10_eval.json,
ex3-1_rows500_rows1000,500,Diffusion_DDPM500_repeats100,abalone,0.4849777164,0.02141776917,0.1192458127,0.001649502563,0.08507315947,0.002094992746,0.0152,0.003676955262,2.003855688,0.06695026473,TabICL_regression03/runs/6M/step-120000_ddpm500_rows500_repeats100_adaptive_parallel100_2fold.json,TabICL_regression03/runs/6M/step-120000_ddpm500_rows500_repeats100_adaptive_parallel100_2fold_bins10-uncertainty.json,
ex3-1_rows500_rows1000,500,Diffusion_DDPM500_repeats100,airfoil_self_noise,0.6450304549,0.02238312634,0.1170377423,0.007959642066,0.0880038718,0.006163810442,0.0244,0.003959797975,2.190345946,0.07724935751,TabICL_regression03/runs/6M/step-120000_ddpm500_rows500_repeats100_adaptive_parallel100_2fold.json,TabICL_regression03/runs/6M/step-120000_ddpm500_rows500_repeats100_adaptive_parallel100_2fold_bins10-uncertainty.json,
ex3-1_rows500_rows1000,500,Diffusion_DDPM500_repeats100,auction_verification,0.9036570524,0.008849644791,0.07759719331,0.005270934124,0.03176630302,0.001776155382,0.0384,0.00113137085,0.4253995166,0.02642956226,TabICL_regression03/runs/6M/step-120000_ddpm500_rows500_repeats100_adaptive_parallel100_2fold.json,TabICL_regression03/runs/6M/step-120000_ddpm500_rows500_repeats100_adaptive_parallel100_2fold_bins10-uncertainty.json,
ex3-1_rows500_rows1000,500,Diffusion_DDPM500_repeats100,boston,0.8176044312,0.02074170119,0.08944546092,0.005412685945,0.0562797736,0.002890383556,0.0136,0.0005656854249,0.9491483111,0.01409332232,TabICL_regression03/runs/6M/step-120000_ddpm500_rows500_repeats100_adaptive_parallel100_2fold.json,TabICL_regression03/runs/6M/step-120000_ddpm500_rows500_repeats100_adaptive_parallel100_2fold_bins10-uncertainty.json,
ex3-1_rows500_rows1000,500,Diffusion_DDPM500_repeats100,cars,0.922348366,0.003532767511,0.04700701238,0.0005677558489,0.03526277244,0.0006087355654,0.008,0.002828427125,0.8042786698,0.04641792888,TabICL_regression03/runs/6M/step-120000_ddpm500_rows500_repeats100_adaptive_parallel100_2fold.json,TabICL_regression03/runs/6M/step-120000_ddpm500_rows500_repeats100_adaptive_parallel100_2fold_bins10-uncertainty.json,
ex3-1_rows500_rows1000,500,Diffusion_DDPM500_repeats100,concrete_compressive_strength,0.8278813072,0.006600054909,0.08936818524,0.0005124927403,0.06861775653,0.001232745056,0.0136,0.001979898987,1.289040629,0.04654658513,TabICL_regression03/runs/6M/step-120000_ddpm500_rows500_repeats100_adaptive_parallel100_2fold.json,TabICL_regression03/runs/6M/step-120000_ddpm500_rows500_repeats100_adaptive_parallel100_2fold_bins10-uncertainty.json,
ex3-1_rows500_rows1000,500,Diffusion_DDPM500_repeats100,cpu_activity,0.9671437748,0.004872899573,0.02987100032,0.002872049601,0.02140515029,0.001414749309,0.0136,0.00113137085,0.5014937449,0.01485294012,TabICL_regression03/runs/6M/step-120000_ddpm500_rows500_repeats100_adaptive_parallel100_2fold.json,TabICL_regression03/runs/6M/step-120000_ddpm500_rows500_repeats100_adaptive_parallel100_2fold_bins10-uncertainty.json,
ex3-1_rows500_rows1000,500,Diffusion_DDPM500_repeats100,energy_efficiency,0.9898905302,0.001421108148,0.02761776122,0.001043631824,0.0176810194,0.0002538119197,0.0328,0.0005656854249,0.1859105246,0.007887050904,TabICL_regression03/runs/6M/step-120000_ddpm500_rows500_repeats100_adaptive_parallel100_2fold.json,TabICL_regression03/runs/6M/step-120000_ddpm500_rows500_repeats100_adaptive_parallel100_2fold_bins10-uncertainty.json,
ex3-1_rows500_rows1000,500,Diffusion_DDPM500_repeats100,grid_stability,0.6971841122,0.002826432486,0.1217039592,0.002220283914,0.09893838575,0.0003601059163,0.0164,0.001697056275,1.960626941,0.09870774502,TabICL_regression03/runs/6M/step-120000_ddpm500_rows500_repeats100_adaptive_parallel100_2fold.json,TabICL_regression03/runs/6M/step-120000_ddpm500_rows500_repeats100_adaptive_parallel100_2fold_bins10-uncertainty.json,
ex3-1_rows500_rows1000,500,Diffusion_DDPM500_repeats100,kin8nm,0.2888271703,0.004653697262,0.1852195992,0.002622377088,0.1515771353,0.003102256326,0.014,0.001697056275,2.727287125,0.086049157,TabICL_regression03/runs/6M/step-120000_ddpm500_rows500_repeats100_adaptive_parallel100_2fold.json,TabICL_regression03/runs/6M/step-120000_ddpm500_rows500_repeats100_adaptive_parallel100_2fold_bins10-uncertainty.json,
ex3-1_rows500_rows1000,500,Diffusion_DDPM500_repeats100,Moneyball,0.9312073239,7.466461839e-05,0.04845577179,0.0006916912036,0.03762104965,0.0007827908863,0.0096,0.00113137085,0.8219826934,0.04522176396,TabICL_regression03/runs/6M/step-120000_ddpm500_rows500_repeats100_adaptive_parallel100_2fold.json,TabICL_regression03/runs/6M/step-120000_ddpm500_rows500_repeats100_adaptive_parallel100_2fold_bins10-uncertainty.json,
ex3-1_rows500_rows1000,500,Diffusion_DDPM500_repeats100,pumadyn32nh,0.01807339227,0.0004355362682,0.1890296224,0.003721236551,0.1487704395,0.003328856186,0.012,0.001414213562,3.157952971,0.09255795601,TabICL_regression03/runs/6M/step-120000_ddpm500_rows500_repeats100_adaptive_parallel100_2fold.json,TabICL_regression03/runs/6M/step-120000_ddpm500_rows500_repeats100_adaptive_parallel100_2fold_bins10-uncertainty.json,
ex3-1_rows500_rows1000,500,Diffusion_DDPM500_repeats100,QSAR_fish_toxicity,0.5801432645,0.04620455214,0.1015131719,0.002439132816,0.07311313254,0.001795687184,0.0148,0.002545584412,1.724998569,0.006293119779,TabICL_regression03/runs/6M/step-120000_ddpm500_rows500_repeats100_adaptive_parallel100_2fold.json,TabICL_regression03/runs/6M/step-120000_ddpm500_rows500_repeats100_adaptive_parallel100_2fold_bins10-uncertainty.json,
ex3-1_rows500_rows1000,500,Diffusion_DDPM500_repeats100,quake,-0.01939899396,0.02269534891,0.2346984499,0.02537341807,0.1799903372,0.01904539868,0.0424,0.005091168825,2.662611676,0.3828950172,TabICL_regression03/runs/6M/step-120000_ddpm500_rows500_repeats100_adaptive_parallel100_2fold.json,TabICL_regression03/runs/6M/step-120000_ddpm500_rows500_repeats100_adaptive_parallel100_2fold_bins10-uncertainty.json,
ex3-1_rows500_rows1000,500,Diffusion_DDPM500_repeats100,sensory,-0.006971210251,0.002856208408,0.1871054179,0.00167097676,0.1488681043,0.003986449888,0.0164,0.001414213562,2.952932119,0.1260785333,TabICL_regression03/runs/6M/step-120000_ddpm500_rows500_repeats100_adaptive_parallel100_2fold.json,TabICL_regression03/runs/6M/step-120000_ddpm500_rows500_repeats100_adaptive_parallel100_2fold_bins10-uncertainty.json,
ex3-1_rows500_rows1000,500,Diffusion_DDPM500_repeats100,socmob,0.7216191861,0.03564617778,0.07227965583,0.0007222243208,0.02890590366,0.003264018332,0.0432,0.005939696962,0.4251690655,0.02038950003,TabICL_regression03/runs/6M/step-120000_ddpm500_rows500_repeats100_adaptive_parallel100_2fold.json,TabICL_regression03/runs/6M/step-120000_ddpm500_rows500_repeats100_adaptive_parallel100_2fold_bins10-uncertainty.json,
ex3-1_rows500_rows1000,500,Diffusion_DDPM500_repeats100,space_ga,0.5457053579,0.02348995865,0.1162643804,0.001352917354,0.08806859815,0.003957454724,0.0108,0.001979898987,2.089074831,0.01456855693,TabICL_regression03/runs/6M/step-120000_ddpm500_rows500_repeats100_adaptive_parallel100_2fold.json,TabICL_regression03/runs/6M/step-120000_ddpm500_rows500_repeats100_adaptive_parallel100_2fold_bins10-uncertainty.json,
ex3-1_rows500_rows1000,500,Diffusion_DDPM500_repeats100,student_performance,0.1548537829,0.002356987468,0.1586941613,0.002472735733,0.114527206,0.005710393225,0.0148,0.003676955262,2.63728388,0.005148975789,TabICL_regression03/runs/6M/step-120000_ddpm500_rows500_repeats100_adaptive_parallel100_2fold.json,TabICL_regression03/runs/6M/step-120000_ddpm500_rows500_repeats100_adaptive_parallel100_2fold_bins10-uncertainty.json,
ex3-1_rows500_rows1000,500,nanoTabPFN,abalone,0.4953149805,0.009172753691,0.11810372,0.0002488541989,0.08571981542,0.001818162667,0.0128,0.00113137085,2.439848459,0.08250060255,nanoTabPFN_version10_original02/6M/model_step_0120000_rows500_bins10_2fold_eval.json,nanoTabPFN_version10_original02/6M/model_step_0120000_rows500_bins10_2fold_eval.json,
ex3-1_rows500_rows1000,500,nanoTabPFN,airfoil_self_noise,0.8057176324,0.01762031614,0.08658111775,0.007085610474,0.06215347991,0.006145097089,0.044,0.005091168825,1.973754193,0.006650131237,nanoTabPFN_version10_original02/6M/model_step_0120000_rows500_bins10_2fold_eval.json,nanoTabPFN_version10_original02/6M/model_step_0120000_rows500_bins10_2fold_eval.json,
ex3-1_rows500_rows1000,500,nanoTabPFN,auction_verification,0.9032104095,0.006295837786,0.07781333742,0.004237375427,0.03122768978,0.0008399962725,0.0208,0.0005656854249,0.6700350521,0.009026589483,nanoTabPFN_version10_original02/6M/model_step_0120000_rows500_bins10_2fold_eval.json,nanoTabPFN_version10_original02/6M/model_step_0120000_rows500_bins10_2fold_eval.json,
ex3-1_rows500_rows1000,500,nanoTabPFN,boston,0.8363250578,0.008296231968,0.08493549556,0.002435658314,0.05508728202,0.001713831403,0.0208,0.001414213562,1.206545603,0.02152378612,nanoTabPFN_version10_original02/6M/model_step_0120000_rows500_bins10_2fold_eval.json,nanoTabPFN_version10_original02/6M/model_step_0120000_rows500_bins10_2fold_eval.json,
ex3-1_rows500_rows1000,500,nanoTabPFN,cars,0.9099547349,0.00358042849,0.05063584727,0.0007571981847,0.03340182136,0.0008008368242,0.0216,0.004242640687,0.9133428872,0.02434049372,nanoTabPFN_version10_original02/6M/model_step_0120000_rows500_bins10_2fold_eval.json,nanoTabPFN_version10_original02/6M/model_step_0120000_rows500_bins10_2fold_eval.json,
ex3-1_rows500_rows1000,500,nanoTabPFN,concrete_compressive_strength,0.8717220624,0.00209551998,0.07719773663,0.0004081918685,0.05778602055,0.0005529745178,0.0308,0.00113137085,1.481447222,0.02973535858,nanoTabPFN_version10_original02/6M/model_step_0120000_rows500_bins10_2fold_eval.json,nanoTabPFN_version10_original02/6M/model_step_0120000_rows500_bins10_2fold_eval.json,
ex3-1_rows500_rows1000,500,nanoTabPFN,cpu_activity,0.89483621,0.02676215947,0.0529608435,0.008063789097,0.02693276197,0.002426793308,0.024,0.003959797975,0.7563954487,0.03234202425,nanoTabPFN_version10_original02/6M/model_step_0120000_rows500_bins10_2fold_eval.json,nanoTabPFN_version10_original02/6M/model_step_0120000_rows500_bins10_2fold_eval.json,
ex3-1_rows500_rows1000,500,nanoTabPFN,energy_efficiency,0.9949517422,0.0006509486133,0.01953974781,0.0006207858368,0.01365795632,5.100890029e-05,0.0244,0.005091168825,0.2250265571,0.01076699751,nanoTabPFN_version10_original02/6M/model_step_0120000_rows500_bins10_2fold_eval.json,nanoTabPFN_version10_original02/6M/model_step_0120000_rows500_bins10_2fold_eval.json,
ex3-1_rows500_rows1000,500,nanoTabPFN,grid_stability,0.8320967583,0.02488562889,0.08992681755,0.005529243261,0.06863501514,0.005785145967,0.038,0.0045254834,1.859186468,0.06817884867,nanoTabPFN_version10_original02/6M/model_step_0120000_rows500_bins10_2fold_eval.json,nanoTabPFN_version10_original02/6M/model_step_0120000_rows500_bins10_2fold_eval.json,
ex3-1_rows500_rows1000,500,nanoTabPFN,kin8nm,0.3264572963,0.03564303462,0.1800115248,0.002811463022,0.14764336,0.0004386577426,0.0208,0.001979898987,2.776242724,0.08781083861,nanoTabPFN_version10_original02/6M/model_step_0120000_rows500_bins10_2fold_eval.json,nanoTabPFN_version10_original02/6M/model_step_0120000_rows500_bins10_2fold_eval.json,
ex3-1_rows500_rows1000,500,nanoTabPFN,Moneyball,0.9413596139,0.002405970806,0.04474670879,0.001580792267,0.03516714846,0.001804334773,0.0124,0.0005656854249,0.8705710205,0.04779507687,nanoTabPFN_version10_original02/6M/model_step_0120000_rows500_bins10_2fold_eval.json,nanoTabPFN_version10_original02/6M/model_step_0120000_rows500_bins10_2fold_eval.json,
ex3-1_rows500_rows1000,500,nanoTabPFN,pumadyn32nh,0.2528482418,0.08914955774,0.1639122384,0.006674722256,0.1287996219,0.005492515109,0.0136,0.0002828427125,3.107579511,0.2260063399,nanoTabPFN_version10_original02/6M/model_step_0120000_rows500_bins10_2fold_eval.json,nanoTabPFN_version10_original02/6M/model_step_0120000_rows500_bins10_2fold_eval.json,
ex3-1_rows500_rows1000,500,nanoTabPFN,QSAR_fish_toxicity,0.5918590686,0.05303478212,0.09990068493,0.00342188513,0.07136308692,0.002312709786,0.0216,0.001697056275,2.076222289,0.005446115522,nanoTabPFN_version10_original02/6M/model_step_0120000_rows500_bins10_2fold_eval.json,nanoTabPFN_version10_original02/6M/model_step_0120000_rows500_bins10_2fold_eval.json,
ex3-1_rows500_rows1000,500,nanoTabPFN,quake,-0.09323842657,0.03503119531,0.24324846,0.0274599364,0.1872383176,0.01455200145,0.0516,0.01470782105,2.670466709,0.269239901,nanoTabPFN_version10_original02/6M/model_step_0120000_rows500_bins10_2fold_eval.json,nanoTabPFN_version10_original02/6M/model_step_0120000_rows500_bins10_2fold_eval.json,
ex3-1_rows500_rows1000,500,nanoTabPFN,sensory,-0.02377380149,0.02000884085,0.1886860643,0.003796086022,0.1503203121,0.007106200825,0.048,0.001414213562,3.035431306,0.01325639672,nanoTabPFN_version10_original02/6M/model_step_0120000_rows500_bins10_2fold_eval.json,nanoTabPFN_version10_original02/6M/model_step_0120000_rows500_bins10_2fold_eval.json,
ex3-1_rows500_rows1000,500,nanoTabPFN,socmob,0.5573313496,0.06059996311,0.09102852843,0.0004922203875,0.03137748781,0.002587709276,0.0392,0.005091168825,0.9467645759,0.1244004188,nanoTabPFN_version10_original02/6M/model_step_0120000_rows500_bins10_2fold_eval.json,nanoTabPFN_version10_original02/6M/model_step_0120000_rows500_bins10_2fold_eval.json,
ex3-1_rows500_rows1000,500,nanoTabPFN,space_ga,0.5912934478,0.022842942,0.1102467997,0.00105094499,0.08190695916,0.00294921177,0.0192,0.001979898987,2.207950993,0.01090118953,nanoTabPFN_version10_original02/6M/model_step_0120000_rows500_bins10_2fold_eval.json,nanoTabPFN_version10_original02/6M/model_step_0120000_rows500_bins10_2fold_eval.json,
ex3-1_rows500_rows1000,500,nanoTabPFN,student_performance,0.1738569402,0.001247130893,0.1568972626,0.002344425741,0.1140971666,0.005472996201,0.0176,0.002545584412,2.484204338,0.09765226685,nanoTabPFN_version10_original02/6M/model_step_0120000_rows500_bins10_2fold_eval.json,nanoTabPFN_version10_original02/6M/model_step_0120000_rows500_bins10_2fold_eval.json,
ex3-1_rows500_rows1000,500,ngboost,abalone,0.40928995,0.01321395018,0.1277642487,0.0005373725393,0.09102963606,0.001326714843,0.0564,0.001697056275,,,TabICL_regression03/runs/distribution_baselines_rows500_bins10_library_defaults_2fold/results.json,TabICL_regression03/runs/distribution_baselines_rows500_bins10_library_defaults_2fold/results.json,
ex3-1_rows500_rows1000,500,ngboost,airfoil_self_noise,0.7486310611,0.004965173225,0.09827893192,0.002625649311,0.07585051872,0.001990759508,0.0364,0.001979898987,,,TabICL_regression03/runs/distribution_baselines_rows500_bins10_library_defaults_2fold/results.json,TabICL_regression03/runs/distribution_baselines_rows500_bins10_library_defaults_2fold/results.json,
ex3-1_rows500_rows1000,500,ngboost,auction_verification,0.9391531288,0.003651805162,0.06169918114,0.003204346751,0.03335948156,0.001715387933,0.0196,0.002545584412,,,TabICL_regression03/runs/distribution_baselines_rows500_bins10_library_defaults_2fold/results.json,TabICL_regression03/runs/distribution_baselines_rows500_bins10_library_defaults_2fold/results.json,
ex3-1_rows500_rows1000,500,ngboost,boston,0.8338629412,0.008705327285,0.08553896485,0.001961764608,0.05747637062,0.002126411117,0.0728,0.0022627417,,,TabICL_regression03/runs/distribution_baselines_rows500_bins10_library_defaults_2fold/results.json,TabICL_regression03/runs/distribution_baselines_rows500_bins10_library_defaults_2fold/results.json,
ex3-1_rows500_rows1000,500,ngboost,cars,0.9317739861,0.005048304115,0.04420799958,0.003171633517,0.03099294431,0.001574088324,0.036,0.003111269837,,,TabICL_regression03/runs/distribution_baselines_rows500_bins10_library_defaults_2fold/results.json,TabICL_regression03/runs/distribution_baselines_rows500_bins10_library_defaults_2fold/results.json,
ex3-1_rows500_rows1000,500,ngboost,concrete_compressive_strength,0.8464453879,0.004001716116,0.08444196609,3.55400447e-05,0.06456382055,1.51047082e-05,0.054,0.0045254834,,,TabICL_regression03/runs/distribution_baselines_rows500_bins10_library_defaults_2fold/results.json,TabICL_regression03/runs/distribution_baselines_rows500_bins10_library_defaults_2fold/results.json,
ex3-1_rows500_rows1000,500,ngboost,cpu_activity,0.9713056368,0.003485201989,0.02795061497,0.002304164026,0.02072570669,0.001689495647,0.072,0.01018233765,,,TabICL_regression03/runs/distribution_baselines_rows500_bins10_library_defaults_2fold/results.json,TabICL_regression03/runs/distribution_baselines_rows500_bins10_library_defaults_2fold/results.json,
ex3-1_rows500_rows1000,500,ngboost,energy_efficiency,0.9965196718,0.0002176752358,0.0163132472,3.353788952e-05,0.01150955847,0.0002616188112,0.0168,0.0002828427125,,,TabICL_regression03/runs/distribution_baselines_rows500_bins10_library_defaults_2fold/results.json,TabICL_regression03/runs/distribution_baselines_rows500_bins10_library_defaults_2fold/results.json,
ex3-1_rows500_rows1000,500,ngboost,grid_stability,0.7566225952,0.005461393306,0.1090492911,0.0002569629985,0.08797871001,0.0002066231902,0.068,0.005091168825,,,TabICL_regression03/runs/distribution_baselines_rows500_bins10_library_defaults_2fold/results.json,TabICL_regression03/runs/distribution_baselines_rows500_bins10_library_defaults_2fold/results.json,
ex3-1_rows500_rows1000,500,ngboost,kin8nm,0.3171281415,0.03872619355,0.1812274534,0.003175951941,0.142776707,0.0008541411318,0.0656,0,,,TabICL_regression03/runs/distribution_baselines_rows500_bins10_library_defaults_2fold/results.json,TabICL_regression03/runs/distribution_baselines_rows500_bins10_library_defaults_2fold/results.json,
ex3-1_rows500_rows1000,500,ngboost,Moneyball,0.9294528719,0.003394431238,0.04907714259,0.001907883958,0.03843904265,0.001678676027,0.0664,0.00113137085,,,TabICL_regression03/runs/distribution_baselines_rows500_bins10_library_defaults_2fold/results.json,TabICL_regression03/runs/distribution_baselines_rows500_bins10_library_defaults_2fold/results.json,
ex3-1_rows500_rows1000,500,ngboost,pumadyn32nh,0.3571313811,0.04886512998,0.1529542786,0.008794112893,0.1216705406,0.006688607943,0.0704,0.01074802307,,,TabICL_regression03/runs/distribution_baselines_rows500_bins10_library_defaults_2fold/results.json,TabICL_regression03/runs/distribution_baselines_rows500_bins10_library_defaults_2fold/results.json,
ex3-1_rows500_rows1000,500,ngboost,QSAR_fish_toxicity,0.5286647699,0.01286867864,0.1081492129,0.001922478943,0.07580122429,0.0002045560054,0.0528,0.005656854249,,,TabICL_regression03/runs/distribution_baselines_rows500_bins10_library_defaults_2fold/results.json,TabICL_regression03/runs/distribution_baselines_rows500_bins10_library_defaults_2fold/results.json,
ex3-1_rows500_rows1000,500,ngboost,quake,-0.1634702899,0.03754722939,0.249374481,0.02027943798,0.1919302102,0.01684590403,0.0592,0.006222539674,,,TabICL_regression03/runs/distribution_baselines_rows500_bins10_library_defaults_2fold/results.json,TabICL_regression03/runs/distribution_baselines_rows500_bins10_library_defaults_2fold/results.json,
ex3-1_rows500_rows1000,500,ngboost,sensory,0.2440708611,0.002202977457,0.1621130517,0.001441470493,0.1310966771,0.0009012565198,0.0376,0.0002828427125,,,TabICL_regression03/runs/distribution_baselines_rows500_bins10_library_defaults_2fold/results.json,TabICL_regression03/runs/distribution_baselines_rows500_bins10_library_defaults_2fold/results.json,
ex3-1_rows500_rows1000,500,ngboost,socmob,0.6137087093,0.05840212022,0.08680485161,0.01295406062,0.03131010103,0.004463793644,0.0204,0.008202438662,,,TabICL_regression03/runs/distribution_baselines_rows500_bins10_library_defaults_2fold/results.json,TabICL_regression03/runs/distribution_baselines_rows500_bins10_library_defaults_2fold/results.json,
ex3-1_rows500_rows1000,500,ngboost,space_ga,0.5324205653,0.03567369876,0.1177491359,8.939788851e-05,0.08527362675,0.003150769056,0.0524,0.003111269837,,,TabICL_regression03/runs/distribution_baselines_rows500_bins10_library_defaults_2fold/results.json,TabICL_regression03/runs/distribution_baselines_rows500_bins10_library_defaults_2fold/results.json,
ex3-1_rows500_rows1000,500,ngboost,student_performance,0.1402895815,0.04137140387,0.1598475351,0.001583767331,0.1143617271,0.00214731802,0.0468,0.002545584412,,,TabICL_regression03/runs/distribution_baselines_rows500_bins10_library_defaults_2fold/results.json,TabICL_regression03/runs/distribution_baselines_rows500_bins10_library_defaults_2fold/results.json,
ex3-1_rows500_rows1000,500,catboost,abalone,0.4082019707,0.007183143751,0.1279239729,0.001669477634,0.09109333675,0.0008684438916,0.0848,0.004242640687,,,TabICL_regression03/runs/distribution_baselines_rows500_bins10_library_defaults_2fold/results.json,TabICL_regression03/runs/distribution_baselines_rows500_bins10_library_defaults_2fold/results.json,
ex3-1_rows500_rows1000,500,catboost,airfoil_self_noise,0.8597174817,0.008414861554,0.07357401819,0.004890890677,0.0522446444,0.002828923536,0.0924,0.004242640687,,,TabICL_regression03/runs/distribution_baselines_rows500_bins10_library_defaults_2fold/results.json,TabICL_regression03/runs/distribution_baselines_rows500_bins10_library_defaults_2fold/results.json,
ex3-1_rows500_rows1000,500,catboost,auction_verification,0.9243557629,0.0003966234282,0.06877249272,0.00168904954,0.03258859047,0.0007434689584,0.0904,0.001697056275,,,TabICL_regression03/runs/distribution_baselines_rows500_bins10_library_defaults_2fold/results.json,TabICL_regression03/runs/distribution_baselines_rows500_bins10_library_defaults_2fold/results.json,
ex3-1_rows500_rows1000,500,catboost,boston,0.8603147916,0.01386351812,0.07828153337,0.00364645012,0.0521117728,0.001753455692,0.1188,0.002545584412,,,TabICL_regression03/runs/distribution_baselines_rows500_bins10_library_defaults_2fold/results.json,TabICL_regression03/runs/distribution_baselines_rows500_bins10_library_defaults_2fold/results.json,
ex3-1_rows500_rows1000,500,catboost,cars,0.9193822754,0.002581625861,0.0479314751,0.0009026144444,0.03080873511,0.0006975143787,0.0988,0.004808326112,,,TabICL_regression03/runs/distribution_baselines_rows500_bins10_library_defaults_2fold/results.json,TabICL_regression03/runs/distribution_baselines_rows500_bins10_library_defaults_2fold/results.json,
ex3-1_rows500_rows1000,500,catboost,concrete_compressive_strength,0.8727680233,0.004834017972,0.07683729123,0.0004270624631,0.05585758161,0.001154720676,0.0996,0.0002828427125,,,TabICL_regression03/runs/distribution_baselines_rows500_bins10_library_defaults_2fold/results.json,TabICL_regression03/runs/distribution_baselines_rows500_bins10_library_defaults_2fold/results.json,
ex3-1_rows500_rows1000,500,catboost,cpu_activity,0.7024729583,0.02685862475,0.09009291969,0.006005708426,0.03976595202,0.003996022657,0.1092,0.005374011537,,,TabICL_regression03/runs/distribution_baselines_rows500_bins10_library_defaults_2fold/results.json,TabICL_regression03/runs/distribution_baselines_rows500_bins10_library_defaults_2fold/results.json,
ex3-1_rows500_rows1000,500,catboost,energy_efficiency,0.9950310242,0.00134894723,0.01899340684,0.002066202916,0.01203641446,0.0009155821442,0.116,0.001697056275,,,TabICL_regression03/runs/distribution_baselines_rows500_bins10_library_defaults_2fold/results.json,TabICL_regression03/runs/distribution_baselines_rows500_bins10_library_defaults_2fold/results.json,
ex3-1_rows500_rows1000,500,catboost,grid_stability,0.7796889079,0.006107065215,0.1038168867,0.00284807138,0.08064596658,0.001270701103,0.1264,0.0022627417,,,TabICL_regression03/runs/distribution_baselines_rows500_bins10_library_defaults_2fold/results.json,TabICL_regression03/runs/distribution_baselines_rows500_bins10_library_defaults_2fold/results.json,
ex3-1_rows500_rows1000,500,catboost,kin8nm,0.483796355,0.02806224258,0.1575812432,0.002575514577,0.123541743,0.001387376633,0.1276,0.0002828427125,,,TabICL_regression03/runs/distribution_baselines_rows500_bins10_library_defaults_2fold/results.json,TabICL_regression03/runs/distribution_baselines_rows500_bins10_library_defaults_2fold/results.json,
ex3-1_rows500_rows1000,500,catboost,Moneyball,0.9300992475,0.001885790966,0.04881684227,6.46187275e-05,0.03861946445,0.0003878985308,0.1028,0.003676955262,,,TabICL_regression03/runs/distribution_baselines_rows500_bins10_library_defaults_2fold/results.json,TabICL_regression03/runs/distribution_baselines_rows500_bins10_library_defaults_2fold/results.json,
ex3-1_rows500_rows1000,500,catboost,pumadyn32nh,0.2317120965,0.01906520261,0.167259778,0.005328964984,0.1329085985,0.00334316402,0.1404,0.001414213562,,,TabICL_regression03/runs/distribution_baselines_rows500_bins10_library_defaults_2fold/results.json,TabICL_regression03/runs/distribution_baselines_rows500_bins10_library_defaults_2fold/results.json,
ex3-1_rows500_rows1000,500,catboost,QSAR_fish_toxicity,0.5797329823,0.04018036789,0.1016864467,0.001693773765,0.07244828294,0.0004104660165,0.1044,0.004242640687,,,TabICL_regression03/runs/distribution_baselines_rows500_bins10_library_defaults_2fold/results.json,TabICL_regression03/runs/distribution_baselines_rows500_bins10_library_defaults_2fold/results.json,
ex3-1_rows500_rows1000,500,catboost,quake,-0.3156402185,0.07636899913,0.2643582714,0.01811515418,0.1975164534,0.01410328732,0.102,0.006505382387,,,TabICL_regression03/runs/distribution_baselines_rows500_bins10_library_defaults_2fold/results.json,TabICL_regression03/runs/distribution_baselines_rows500_bins10_library_defaults_2fold/results.json,
ex3-1_rows500_rows1000,500,catboost,sensory,0.05886302872,0.00475258953,0.1808807749,0.001415227227,0.1454645064,0.001265475423,0.1396,0.003111269837,,,TabICL_regression03/runs/distribution_baselines_rows500_bins10_library_defaults_2fold/results.json,TabICL_regression03/runs/distribution_baselines_rows500_bins10_library_defaults_2fold/results.json,
ex3-1_rows500_rows1000,500,catboost,socmob,0.7702108052,0.02305552836,0.06591503275,0.001596056635,0.02429429699,0.002010305866,0.1096,0.00339411255,,,TabICL_regression03/runs/distribution_baselines_rows500_bins10_library_defaults_2fold/results.json,TabICL_regression03/runs/distribution_baselines_rows500_bins10_library_defaults_2fold/results.json,
ex3-1_rows500_rows1000,500,catboost,space_ga,0.5607866976,0.027104208,0.1142425105,0.0007543165664,0.08324927791,0.002952593627,0.1044,0.001979898987,,,TabICL_regression03/runs/distribution_baselines_rows500_bins10_library_defaults_2fold/results.json,TabICL_regression03/runs/distribution_baselines_rows500_bins10_library_defaults_2fold/results.json,
ex3-1_rows500_rows1000,500,catboost,student_performance,0.1495484693,0.02791569068,0.1590684232,0.0003553929522,0.1136148073,0.001221438164,0.1228,0.002545584412,,,TabICL_regression03/runs/distribution_baselines_rows500_bins10_library_defaults_2fold/results.json,TabICL_regression03/runs/distribution_baselines_rows500_bins10_library_defaults_2fold/results.json,
ex3-1_rows500_rows1000,500,xgboost,abalone,0.2963848658,0.03104915947,0.1394550183,0.004052405768,0.1013764347,0.002355987311,0.064,0.0008485281374,,,TabICL_regression03/runs/distribution_baselines_rows500_bins10_library_defaults_2fold/results.json,TabICL_regression03/runs/distribution_baselines_rows500_bins10_library_defaults_2fold/results.json,
ex3-1_rows500_rows1000,500,xgboost,airfoil_self_noise,0.7686956228,0.003163275913,0.09439516335,0.004095997595,0.07029389527,0.004576680583,0.0684,0.005091168825,,,TabICL_regression03/runs/distribution_baselines_rows500_bins10_library_defaults_2fold/results.json,TabICL_regression03/runs/distribution_baselines_rows500_bins10_library_defaults_2fold/results.json,
ex3-1_rows500_rows1000,500,xgboost,auction_verification,0.9062182033,0.002090987178,0.07651958086,0.0008260648674,0.04106035746,0.001606345188,0.0636,0.0005656854249,,,TabICL_regression03/runs/distribution_baselines_rows500_bins10_library_defaults_2fold/results.json,TabICL_regression03/runs/distribution_baselines_rows500_bins10_library_defaults_2fold/results.json,
ex3-1_rows500_rows1000,500,xgboost,boston,0.8034001681,0.0255194747,0.09269481743,0.005763768506,0.06476046085,0.003358915477,0.066,0.0005656854249,,,TabICL_regression03/runs/distribution_baselines_rows500_bins10_library_defaults_2fold/results.json,TabICL_regression03/runs/distribution_baselines_rows500_bins10_library_defaults_2fold/results.json,
ex3-1_rows500_rows1000,500,xgboost,cars,0.8906480679,0.002385516083,0.05585129163,0.001336977267,0.03644930256,0.0006035965866,0.0584,0.003111269837,,,TabICL_regression03/runs/distribution_baselines_rows500_bins10_library_defaults_2fold/results.json,TabICL_regression03/runs/distribution_baselines_rows500_bins10_library_defaults_2fold/results.json,
ex3-1_rows500_rows1000,500,xgboost,concrete_compressive_strength,0.8391543108,0.01859235358,0.08604224531,0.003854839277,0.06632394495,0.004225974212,0.074,0.0002828427125,,,TabICL_regression03/runs/distribution_baselines_rows500_bins10_library_defaults_2fold/results.json,TabICL_regression03/runs/distribution_baselines_rows500_bins10_library_defaults_2fold/results.json,
ex3-1_rows500_rows1000,500,xgboost,cpu_activity,0.8055259393,0.0410643288,0.0723440714,0.009326152983,0.0368779721,0.004244043244,0.0736,0.005656854249,,,TabICL_regression03/runs/distribution_baselines_rows500_bins10_library_defaults_2fold/results.json,TabICL_regression03/runs/distribution_baselines_rows500_bins10_library_defaults_2fold/results.json,
ex3-1_rows500_rows1000,500,xgboost,energy_efficiency,0.9910537051,0.00157974697,0.02587085147,0.001465996695,0.01672799836,0.0005154807827,0.0696,0.001979898987,,,TabICL_regression03/runs/distribution_baselines_rows500_bins10_library_defaults_2fold/results.json,TabICL_regression03/runs/distribution_baselines_rows500_bins10_library_defaults_2fold/results.json,
ex3-1_rows500_rows1000,500,xgboost,grid_stability,0.6058600448,0.01009541469,0.1387626672,0.000106525702,0.1091049211,0.0005185596583,0.0652,0.001697056275,,,TabICL_regression03/runs/distribution_baselines_rows500_bins10_library_defaults_2fold/results.json,TabICL_regression03/runs/distribution_baselines_rows500_bins10_library_defaults_2fold/results.json,
ex3-1_rows500_rows1000,500,xgboost,kin8nm,0.2477476606,0.05377704214,0.1900898024,0.004746163926,0.1458987609,0.0002261347635,0.0684,0.0008485281374,,,TabICL_regression03/runs/distribution_baselines_rows500_bins10_library_defaults_2fold/results.json,TabICL_regression03/runs/distribution_baselines_rows500_bins10_library_defaults_2fold/results.json,
ex3-1_rows500_rows1000,500,xgboost,Moneyball,0.9013861164,0.003115639258,0.05802904998,0.001776145082,0.04595987235,0.001530439649,0.0688,0.001697056275,,,TabICL_regression03/runs/distribution_baselines_rows500_bins10_library_defaults_2fold/results.json,TabICL_regression03/runs/distribution_baselines_rows500_bins10_library_defaults_2fold/results.json,
ex3-1_rows500_rows1000,500,xgboost,pumadyn32nh,0.1729255216,0.06756354135,0.173469473,0.01046891823,0.1391608892,0.007041150303,0.068,0.005656854249,,,TabICL_regression03/runs/distribution_baselines_rows500_bins10_library_defaults_2fold/results.json,TabICL_regression03/runs/distribution_baselines_rows500_bins10_library_defaults_2fold/results.json,
ex3-1_rows500_rows1000,500,xgboost,QSAR_fish_toxicity,0.5230432543,0.0217344728,0.1086933692,0.0009370921401,0.07933494976,0.000384949446,0.07,0.004242640687,,,TabICL_regression03/runs/distribution_baselines_rows500_bins10_library_defaults_2fold/results.json,TabICL_regression03/runs/distribution_baselines_rows500_bins10_library_defaults_2fold/results.json,
ex3-1_rows500_rows1000,500,xgboost,quake,-0.5311198473,0.07757324196,0.2854507509,0.02060998191,0.2198833214,0.01638957758,0.0728,0.005656854249,,,TabICL_regression03/runs/distribution_baselines_rows500_bins10_library_defaults_2fold/results.json,TabICL_regression03/runs/distribution_baselines_rows500_bins10_library_defaults_2fold/results.json,
ex3-1_rows500_rows1000,500,xgboost,sensory,-0.09162605555,0.002651440496,0.1948125125,0.001779497709,0.1566777056,0.0006618408411,0.0956,0.002828427125,,,TabICL_regression03/runs/distribution_baselines_rows500_bins10_library_defaults_2fold/results.json,TabICL_regression03/runs/distribution_baselines_rows500_bins10_library_defaults_2fold/results.json,
ex3-1_rows500_rows1000,500,xgboost,socmob,0.6710973152,0.03248504736,0.08004945515,0.009859758525,0.03334216905,0.00532241133,0.0728,0.002545584412,,,TabICL_regression03/runs/distribution_baselines_rows500_bins10_library_defaults_2fold/results.json,TabICL_regression03/runs/distribution_baselines_rows500_bins10_library_defaults_2fold/results.json,
ex3-1_rows500_rows1000,500,xgboost,space_ga,0.4899292644,0.04727642774,0.1228203911,0.001114427719,0.08921027384,0.002452488272,0.0708,0.001697056275,,,TabICL_regression03/runs/distribution_baselines_rows500_bins10_library_defaults_2fold/results.json,TabICL_regression03/runs/distribution_baselines_rows500_bins10_library_defaults_2fold/results.json,
ex3-1_rows500_rows1000,500,xgboost,student_performance,0.06106060383,0.08689416508,0.1666819088,0.005388334936,0.1203346373,0.002374992198,0.0784,0.001697056275,,,TabICL_regression03/runs/distribution_baselines_rows500_bins10_library_defaults_2fold/results.json,TabICL_regression03/runs/distribution_baselines_rows500_bins10_library_defaults_2fold/results.json,
ex3-1_rows500_rows1000,500,gaussian_process,abalone,-0.01744512258,0.000388976407,0.1677262403,0.001203171438,0.1266987385,0.003350793667,0.0392,0.005656854249,,,TabICL_regression03/runs/distribution_baselines_rows500_bins10_library_defaults_2fold/results.json,TabICL_regression03/runs/distribution_baselines_rows500_bins10_library_defaults_2fold/results.json,
ex3-1_rows500_rows1000,500,gaussian_process,airfoil_self_noise,-0.001766788149,2.461232443e-06,0.1963560121,0.007181517418,0.1601648514,0.006574037748,0.0224,0.0002828427125,,,TabICL_regression03/runs/distribution_baselines_rows500_bins10_library_defaults_2fold/results.json,TabICL_regression03/runs/distribution_baselines_rows500_bins10_library_defaults_2fold/results.json,
ex3-1_rows500_rows1000,500,gaussian_process,auction_verification,0.494477287,0.0025847311,0.1777853963,0.004354833683,0.1216373089,0.0003311062593,0.0564,0.003676955262,,,TabICL_regression03/runs/distribution_baselines_rows500_bins10_library_defaults_2fold/results.json,TabICL_regression03/runs/distribution_baselines_rows500_bins10_library_defaults_2fold/results.json,
ex3-1_rows500_rows1000,500,gaussian_process,boston,0.8694147573,0.001755672056,0.07590169789,0.000761111622,0.05236548537,0.0002632921251,0.0224,0.003111269837,,,TabICL_regression03/runs/distribution_baselines_rows500_bins10_library_defaults_2fold/results.json,TabICL_regression03/runs/distribution_baselines_rows500_bins10_library_defaults_2fold/results.json,
ex3-1_rows500_rows1000,500,gaussian_process,cars,0.4686083038,0.3320008858,0.108714679,0.04860486656,0.0827808111,0.03897620435,0.0288,0.005656854249,,,TabICL_regression03/runs/distribution_baselines_rows500_bins10_library_defaults_2fold/results.json,TabICL_regression03/runs/distribution_baselines_rows500_bins10_library_defaults_2fold/results.json,
ex3-1_rows500_rows1000,500,gaussian_process,concrete_compressive_strength,0.5055740551,0.2264298955,0.143288082,0.03889972765,0.1075431395,0.03224804896,0.0164,0.001697056275,,,TabICL_regression03/runs/distribution_baselines_rows500_bins10_library_defaults_2fold/results.json,TabICL_regression03/runs/distribution_baselines_rows500_bins10_library_defaults_2fold/results.json,
ex3-1_rows500_rows1000,500,gaussian_process,cpu_activity,0.778042023,0.06609008702,0.07650201494,0.01349688531,0.03073757681,0.002669930378,0.02,0.002545584412,,,TabICL_regression03/runs/distribution_baselines_rows500_bins10_library_defaults_2fold/results.json,TabICL_regression03/runs/distribution_baselines_rows500_bins10_library_defaults_2fold/results.json,
ex3-1_rows500_rows1000,500,gaussian_process,energy_efficiency,0.9955093771,0.0001092179401,0.01859976654,0.0008465219095,0.01448071385,0.0005299761682,0.0104,0.0008485281374,,,TabICL_regression03/runs/distribution_baselines_rows500_bins10_library_defaults_2fold/results.json,TabICL_regression03/runs/distribution_baselines_rows500_bins10_library_defaults_2fold/results.json,
ex3-1_rows500_rows1000,500,gaussian_process,grid_stability,0.8711094234,0.005171340618,0.07931741141,0.0005157361098,0.05808175896,0.0002100725779,0.012,0.003111269837,,,TabICL_regression03/runs/distribution_baselines_rows500_bins10_library_defaults_2fold/results.json,TabICL_regression03/runs/distribution_baselines_rows500_bins10_library_defaults_2fold/results.json,
ex3-1_rows500_rows1000,500,gaussian_process,kin8nm,0.6997269556,0.003473099402,0.1203570149,0.002006209418,0.09301130053,0.002629659441,0.0136,0.003111269837,,,TabICL_regression03/runs/distribution_baselines_rows500_bins10_library_defaults_2fold/results.json,TabICL_regression03/runs/distribution_baselines_rows500_bins10_library_defaults_2fold/results.json,
ex3-1_rows500_rows1000,500,gaussian_process,Moneyball,0.9473858669,0.0006951608815,0.04238369349,0.0009078477856,0.03358611748,0.001039619436,0.0064,0.0008485281374,,,TabICL_regression03/runs/distribution_baselines_rows500_bins10_library_defaults_2fold/results.json,TabICL_regression03/runs/distribution_baselines_rows500_bins10_library_defaults_2fold/results.json,
ex3-1_rows500_rows1000,500,gaussian_process,pumadyn32nh,-0.006237113529,0.0001649586504,0.1913530556,0.00370889757,0.1501506087,0.002807176557,0.0132,0.001697056275,,,TabICL_regression03/runs/distribution_baselines_rows500_bins10_library_defaults_2fold/results.json,TabICL_regression03/runs/distribution_baselines_rows500_bins10_library_defaults_2fold/results.json,
ex3-1_rows500_rows1000,500,gaussian_process,QSAR_fish_toxicity,0.5492198118,0.005554150077,0.1059122606,0.00397847054,0.07534861333,0.002319442199,0.0136,0.0022627417,,,TabICL_regression03/runs/distribution_baselines_rows500_bins10_library_defaults_2fold/results.json,TabICL_regression03/runs/distribution_baselines_rows500_bins10_library_defaults_2fold/results.json,
ex3-1_rows500_rows1000,500,gaussian_process,quake,-0.01800736112,0.002006819477,0.2340155021,0.02252236437,0.1858917596,0.01830576321,0.0912,0.002828427125,,,TabICL_regression03/runs/distribution_baselines_rows500_bins10_library_defaults_2fold/results.json,TabICL_regression03/runs/distribution_baselines_rows500_bins10_library_defaults_2fold/results.json,
ex3-1_rows500_rows1000,500,gaussian_process,sensory,0.04505167527,0.007243322319,0.1821969299,0.001194577116,0.1453637869,0.003439629108,0.0392,0.006505382387,,,TabICL_regression03/runs/distribution_baselines_rows500_bins10_library_defaults_2fold/results.json,TabICL_regression03/runs/distribution_baselines_rows500_bins10_library_defaults_2fold/results.json,
ex3-1_rows500_rows1000,500,gaussian_process,socmob,0.1601811458,0.1166162709,0.1279891254,0.01831167638,0.0647456446,0.01932343699,0.076,0.02771858582,,,TabICL_regression03/runs/distribution_baselines_rows500_bins10_library_defaults_2fold/results.json,TabICL_regression03/runs/distribution_baselines_rows500_bins10_library_defaults_2fold/results.json,
ex3-1_rows500_rows1000,500,gaussian_process,space_ga,-0.001273207621,1.711853652e-05,0.1730570892,0.006491434027,0.1374134019,0.006451147819,0.014,0.0002828427125,,,TabICL_regression03/runs/distribution_baselines_rows500_bins10_library_defaults_2fold/results.json,TabICL_regression03/runs/distribution_baselines_rows500_bins10_library_defaults_2fold/results.json,
ex3-1_rows500_rows1000,500,gaussian_process,student_performance,0.2097147755,0.008368458557,0.1534700679,0.002989582395,0.110704081,0.00338104644,0.016,0.0002828427125,,,TabICL_regression03/runs/distribution_baselines_rows500_bins10_library_defaults_2fold/results.json,TabICL_regression03/runs/distribution_baselines_rows500_bins10_library_defaults_2fold/results.json,
ex3-1_rows500_rows1000,500,conformal_quantile,abalone,0.3021731879,0.07468772229,0.1386085274,0.008422020908,0.09950136561,0.004842207626,0.0268,0.003959797975,,,TabICL_regression03/runs/distribution_baselines_rows500_bins10_library_defaults_2fold/results.json,TabICL_regression03/runs/distribution_baselines_rows500_bins10_library_defaults_2fold/results.json,
ex3-1_rows500_rows1000,500,conformal_quantile,airfoil_self_noise,0.7745066908,0.0002749355917,0.09315544152,0.003350536646,0.06703248675,0.00229074384,0.0176,0.0022627417,,,TabICL_regression03/runs/distribution_baselines_rows500_bins10_library_defaults_2fold/results.json,TabICL_regression03/runs/distribution_baselines_rows500_bins10_library_defaults_2fold/results.json,
ex3-1_rows500_rows1000,500,conformal_quantile,auction_verification,0.8951481775,0.02179603036,0.08043355408,0.01026584805,0.0390409067,0.004630210035,0.0244,0.006788225099,,,TabICL_regression03/runs/distribution_baselines_rows500_bins10_library_defaults_2fold/results.json,TabICL_regression03/runs/distribution_baselines_rows500_bins10_library_defaults_2fold/results.json,
ex3-1_rows500_rows1000,500,conformal_quantile,boston,0.8231336568,0.006190650846,0.08829659445,0.001254535231,0.05754504073,0.001074897542,0.0192,0.0005656854249,,,TabICL_regression03/runs/distribution_baselines_rows500_bins10_library_defaults_2fold/results.json,TabICL_regression03/runs/distribution_baselines_rows500_bins10_library_defaults_2fold/results.json,
ex3-1_rows500_rows1000,500,conformal_quantile,cars,0.8659450206,0.006048744992,0.06176439515,0.0007575821966,0.04109092171,4.472400963e-05,0.0272,0.003111269837,,,TabICL_regression03/runs/distribution_baselines_rows500_bins10_library_defaults_2fold/results.json,TabICL_regression03/runs/distribution_baselines_rows500_bins10_library_defaults_2fold/results.json,
ex3-1_rows500_rows1000,500,conformal_quantile,concrete_compressive_strength,0.8336585067,0.01042367574,0.08777254088,0.001575837879,0.06745934777,0.001253915018,0.0232,0.0002828427125,,,TabICL_regression03/runs/distribution_baselines_rows500_bins10_library_defaults_2fold/results.json,TabICL_regression03/runs/distribution_baselines_rows500_bins10_library_defaults_2fold/results.json,
ex3-1_rows500_rows1000,500,conformal_quantile,cpu_activity,0.8293817144,0.01524011532,0.06822601872,0.004515384631,0.03470234809,0.002341451831,0.0304,0.003676955262,,,TabICL_regression03/runs/distribution_baselines_rows500_bins10_library_defaults_2fold/results.json,TabICL_regression03/runs/distribution_baselines_rows500_bins10_library_defaults_2fold/results.json,
ex3-1_rows500_rows1000,500,conformal_quantile,energy_efficiency,0.989053799,0.0008828999411,0.02905089068,0.002139520795,0.01837158206,0.001435292227,0.0448,0.0002828427125,,,TabICL_regression03/runs/distribution_baselines_rows500_bins10_library_defaults_2fold/results.json,TabICL_regression03/runs/distribution_baselines_rows500_bins10_library_defaults_2fold/results.json,
ex3-1_rows500_rows1000,500,conformal_quantile,grid_stability,0.61374396,0.03104810534,0.137365537,0.00739594398,0.1100011775,0.004112419201,0.0264,0.001414213562,,,TabICL_regression03/runs/distribution_baselines_rows500_bins10_library_defaults_2fold/results.json,TabICL_regression03/runs/distribution_baselines_rows500_bins10_library_defaults_2fold/results.json,
ex3-1_rows500_rows1000,500,conformal_quantile,kin8nm,0.3158911223,0.05177106972,0.1812392264,0.004908389837,0.1405132821,2.662044596e-05,0.0196,0.004808326112,,,TabICL_regression03/runs/distribution_baselines_rows500_bins10_library_defaults_2fold/results.json,TabICL_regression03/runs/distribution_baselines_rows500_bins10_library_defaults_2fold/results.json,
ex3-1_rows500_rows1000,500,conformal_quantile,Moneyball,0.8932738896,0.006021447332,0.0603578717,0.00259755906,0.04739147335,0.002520665404,0.0244,0.003959797975,,,TabICL_regression03/runs/distribution_baselines_rows500_bins10_library_defaults_2fold/results.json,TabICL_regression03/runs/distribution_baselines_rows500_bins10_library_defaults_2fold/results.json,
ex3-1_rows500_rows1000,500,conformal_quantile,pumadyn32nh,0.141483808,0.06123214635,0.1767707776,0.009747216539,0.1365214109,0.009284972084,0.0144,0.005374011537,,,TabICL_regression03/runs/distribution_baselines_rows500_bins10_library_defaults_2fold/results.json,TabICL_regression03/runs/distribution_baselines_rows500_bins10_library_defaults_2fold/results.json,
ex3-1_rows500_rows1000,500,conformal_quantile,QSAR_fish_toxicity,0.4994720178,0.01501719978,0.1114342905,0.001830272922,0.08020970936,0.001234166759,0.0188,0.0008485281374,,,TabICL_regression03/runs/distribution_baselines_rows500_bins10_library_defaults_2fold/results.json,TabICL_regression03/runs/distribution_baselines_rows500_bins10_library_defaults_2fold/results.json,
ex3-1_rows500_rows1000,500,conformal_quantile,quake,-0.3954252456,0.09872765565,0.271803931,0.01689927342,0.206381925,0.01281578497,0.03,0.001697056275,,,TabICL_regression03/runs/distribution_baselines_rows500_bins10_library_defaults_2fold/results.json,TabICL_regression03/runs/distribution_baselines_rows500_bins10_library_defaults_2fold/results.json,
ex3-1_rows500_rows1000,500,conformal_quantile,sensory,0.0009210451972,0.02096627748,0.1863965456,0.003884358447,0.1489920858,0.002124563216,0.0292,0.004808326112,,,TabICL_regression03/runs/distribution_baselines_rows500_bins10_library_defaults_2fold/results.json,TabICL_regression03/runs/distribution_baselines_rows500_bins10_library_defaults_2fold/results.json,
ex3-1_rows500_rows1000,500,conformal_quantile,socmob,0.5692651024,0.1345435333,0.09096060054,0.02122826279,0.03657306472,0.009199384035,0.04,0.005656854249,,,TabICL_regression03/runs/distribution_baselines_rows500_bins10_library_defaults_2fold/results.json,TabICL_regression03/runs/distribution_baselines_rows500_bins10_library_defaults_2fold/results.json,
ex3-1_rows500_rows1000,500,conformal_quantile,space_ga,0.4755307112,0.0789744451,0.1238169316,0.004814453519,0.09046197509,0.001151044226,0.0304,0.0045254834,,,TabICL_regression03/runs/distribution_baselines_rows500_bins10_library_defaults_2fold/results.json,TabICL_regression03/runs/distribution_baselines_rows500_bins10_library_defaults_2fold/results.json,
ex3-1_rows500_rows1000,500,conformal_quantile,student_performance,0.1272029884,0.1054083192,0.1603923965,0.007494331325,0.1152339443,0.002696726718,0.0308,0.0008485281374,,,TabICL_regression03/runs/distribution_baselines_rows500_bins10_library_defaults_2fold/results.json,TabICL_regression03/runs/distribution_baselines_rows500_bins10_library_defaults_2fold/results.json,
ex3-1_rows500_rows1000,1000,Diffusion_DDPM500_repeats100,abalone,0.5524184827,0.002940284289,0.1016708843,0.007018851082,0.07011520731,0.006350839084,0.0246,0.005798275606,1.813376013,0.07229089068,TabICL_regression03/runs/6M/step-120000_ddpm500_rows1000_repeats100_adaptive_parallel100_2fold_minrows1000.json,TabICL_regression03/runs/6M/step-120000_ddpm500_rows1000_repeats100_adaptive_parallel100_2fold_minrows1000_bins10-uncertainty.json,
ex3-1_rows500_rows1000,1000,Diffusion_DDPM500_repeats100,airfoil_self_noise,0.681654464,0.02148612433,0.1080325496,0.002116733496,0.08242881581,0.0002022508127,0.018,0.001838477631,2.01880591,0.04312724123,TabICL_regression03/runs/6M/step-120000_ddpm500_rows1000_repeats100_adaptive_parallel100_2fold_minrows1000.json,TabICL_regression03/runs/6M/step-120000_ddpm500_rows1000_repeats100_adaptive_parallel100_2fold_minrows1000_bins10-uncertainty.json,
ex3-1_rows500_rows1000,1000,Diffusion_DDPM500_repeats100,auction_verification,0.9003278201,0.009512787598,0.08020884389,0.00575538297,0.03350691326,0.0003860313681,0.0348,0.009616652224,0.377085802,0.04001164785,TabICL_regression03/runs/6M/step-120000_ddpm500_rows1000_repeats100_adaptive_parallel100_2fold_minrows1000.json,TabICL_regression03/runs/6M/step-120000_ddpm500_rows1000_repeats100_adaptive_parallel100_2fold_minrows1000_bins10-uncertainty.json,
ex3-1_rows500_rows1000,1000,Diffusion_DDPM500_repeats100,concrete_compressive_strength,0.8274156812,0.004556912629,0.08915986682,0.001738255403,0.06841236865,0.0004089575997,0.0098,0.0002828427125,1.195942697,0.03136270907,TabICL_regression03/runs/6M/step-120000_ddpm500_rows1000_repeats100_adaptive_parallel100_2fold_minrows1000.json,TabICL_regression03/runs/6M/step-120000_ddpm500_rows1000_repeats100_adaptive_parallel100_2fold_minrows1000_bins10-uncertainty.json,
ex3-1_rows500_rows1000,1000,Diffusion_DDPM500_repeats100,cpu_activity,0.9743321914,0.0009390308753,0.0316170075,0.001098045299,0.02254055276,0.0004466828711,0.016,0.0005656854249,0.3789130599,0.03649397077,TabICL_regression03/runs/6M/step-120000_ddpm500_rows1000_repeats100_adaptive_parallel100_2fold_minrows1000.json,TabICL_regression03/runs/6M/step-120000_ddpm500_rows1000_repeats100_adaptive_parallel100_2fold_minrows1000_bins10-uncertainty.json,
ex3-1_rows500_rows1000,1000,Diffusion_DDPM500_repeats100,grid_stability,0.6745576507,0.009815200247,0.1247210755,0.00402494258,0.1007698637,0.005048252803,0.0132,0.0007071067812,2.070400873,0.1107156331,TabICL_regression03/runs/6M/step-120000_ddpm500_rows1000_repeats100_adaptive_parallel100_2fold_minrows1000.json,TabICL_regression03/runs/6M/step-120000_ddpm500_rows1000_repeats100_adaptive_parallel100_2fold_minrows1000_bins10-uncertainty.json,
ex3-1_rows500_rows1000,1000,Diffusion_DDPM500_repeats100,kin8nm,0.2830031197,0.007158244538,0.1783354852,0.0004796716475,0.1453689681,0.0005619151045,0.0068,0.001838477631,2.756723904,0.1116847096,TabICL_regression03/runs/6M/step-120000_ddpm500_rows1000_repeats100_adaptive_parallel100_2fold_minrows1000.json,TabICL_regression03/runs/6M/step-120000_ddpm500_rows1000_repeats100_adaptive_parallel100_2fold_minrows1000_bins10-uncertainty.json,
ex3-1_rows500_rows1000,1000,Diffusion_DDPM500_repeats100,Moneyball,0.9308945567,0.001375803636,0.04509582752,0.0009085656938,0.03533832742,0.001042328409,0.011,0.0022627417,0.8286243294,0.03608366802,TabICL_regression03/runs/6M/step-120000_ddpm500_rows1000_repeats100_adaptive_parallel100_2fold_minrows1000.json,TabICL_regression03/runs/6M/step-120000_ddpm500_rows1000_repeats100_adaptive_parallel100_2fold_minrows1000_bins10-uncertainty.json,
ex3-1_rows500_rows1000,1000,Diffusion_DDPM500_repeats100,pumadyn32nh,0.002044045134,0.0108491376,0.1701747593,0.0005770807864,0.1359117803,0.0005083037103,0.0072,0.00113137085,3.160030132,0.02425286638,TabICL_regression03/runs/6M/step-120000_ddpm500_rows1000_repeats100_adaptive_parallel100_2fold_minrows1000.json,TabICL_regression03/runs/6M/step-120000_ddpm500_rows1000_repeats100_adaptive_parallel100_2fold_minrows1000_bins10-uncertainty.json,
ex3-1_rows500_rows1000,1000,Diffusion_DDPM500_repeats100,quake,-0.0345630327,0.002028973124,0.1905794792,0.01698601951,0.1460442699,0.01222335002,0.0262,0.0004242640687,2.604583221,0.08420402393,TabICL_regression03/runs/6M/step-120000_ddpm500_rows1000_repeats100_adaptive_parallel100_2fold_minrows1000.json,TabICL_regression03/runs/6M/step-120000_ddpm500_rows1000_repeats100_adaptive_parallel100_2fold_minrows1000_bins10-uncertainty.json,
ex3-1_rows500_rows1000,1000,Diffusion_DDPM500_repeats100,socmob,0.7147964835,0.02880616161,0.05847856908,0.0002718146082,0.02308224715,0.0002526118123,0.038,0.004384062043,0.4510552781,0.0112386803,TabICL_regression03/runs/6M/step-120000_ddpm500_rows1000_repeats100_adaptive_parallel100_2fold_minrows1000.json,TabICL_regression03/runs/6M/step-120000_ddpm500_rows1000_repeats100_adaptive_parallel100_2fold_minrows1000_bins10-uncertainty.json,
ex3-1_rows500_rows1000,1000,Diffusion_DDPM500_repeats100,space_ga,0.5405806493,0.02406501391,0.1065777862,0.006273012192,0.08136230931,0.005749818114,0.012,0.001697056275,2.114296,0.06861905209,TabICL_regression03/runs/6M/step-120000_ddpm500_rows1000_repeats100_adaptive_parallel100_2fold_minrows1000.json,TabICL_regression03/runs/6M/step-120000_ddpm500_rows1000_repeats100_adaptive_parallel100_2fold_minrows1000_bins10-uncertainty.json,
ex3-1_rows500_rows1000,1000,nanoTabPFN,abalone,0.5079043315,0.01072772292,0.1067021621,0.008170498085,0.07386162618,0.006945955676,0.008,0.0005656854249,2.008977768,0.1997678591,nanoTabPFN_version10_original02/6M/model_step_0120000_rows1000_bins10_2fold_eval_minrows1000.json,nanoTabPFN_version10_original02/6M/model_step_0120000_rows1000_bins10_2fold_eval_minrows1000.json,
ex3-1_rows500_rows1000,1000,nanoTabPFN,airfoil_self_noise,0.8173263884,0.01392458526,0.08179961863,0.001963325464,0.05897559511,0.0001680092001,0.0482,0.003818376618,2.010341614,0.03581961066,nanoTabPFN_version10_original02/6M/model_step_0120000_rows1000_bins10_2fold_eval_minrows1000.json,nanoTabPFN_version10_original02/6M/model_step_0120000_rows1000_bins10_2fold_eval_minrows1000.json,
ex3-1_rows500_rows1000,1000,nanoTabPFN,auction_verification,0.8875505591,0.006326770826,0.08524213688,0.004439933356,0.03673636293,0.001007653258,0.0302,0.0008485281374,0.7056675612,0.009490722413,nanoTabPFN_version10_original02/6M/model_step_0120000_rows1000_bins10_2fold_eval_minrows1000.json,nanoTabPFN_version10_original02/6M/model_step_0120000_rows1000_bins10_2fold_eval_minrows1000.json,
ex3-1_rows500_rows1000,1000,nanoTabPFN,concrete_compressive_strength,0.8668951485,0.004884964066,0.0782930497,0.001929870761,0.05896583549,0.0008916008467,0.0336,0.001272792206,1.56420201,0.04842625336,nanoTabPFN_version10_original02/6M/model_step_0120000_rows1000_bins10_2fold_eval_minrows1000.json,nanoTabPFN_version10_original02/6M/model_step_0120000_rows1000_bins10_2fold_eval_minrows1000.json,
ex3-1_rows500_rows1000,1000,nanoTabPFN,cpu_activity,0.9545164537,0.01054686239,0.04212158456,0.007163063199,0.02717211798,0.002611252612,0.0242,0.00339411255,0.662107905,0.01553997777,nanoTabPFN_version10_original02/6M/model_step_0120000_rows1000_bins10_2fold_eval_minrows1000.json,nanoTabPFN_version10_original02/6M/model_step_0120000_rows1000_bins10_2fold_eval_minrows1000.json,
ex3-1_rows500_rows1000,1000,nanoTabPFN,grid_stability,0.8159625279,0.01210888309,0.09355456372,0.001476819063,0.07114868595,0.001506712947,0.0394,0.001979898987,2.001385947,0.02685645016,nanoTabPFN_version10_original02/6M/model_step_0120000_rows1000_bins10_2fold_eval_minrows1000.json,nanoTabPFN_version10_original02/6M/model_step_0120000_rows1000_bins10_2fold_eval_minrows1000.json,
ex3-1_rows500_rows1000,1000,nanoTabPFN,kin8nm,0.3615808343,0.03431384358,0.1682447103,0.005817949997,0.1373209476,0.004585628913,0.0156,0.0022627417,2.812797293,0.08632846658,nanoTabPFN_version10_original02/6M/model_step_0120000_rows1000_bins10_2fold_eval_minrows1000.json,nanoTabPFN_version10_original02/6M/model_step_0120000_rows1000_bins10_2fold_eval_minrows1000.json,
ex3-1_rows500_rows1000,1000,nanoTabPFN,Moneyball,0.9406274453,0.002584667593,0.04175423887,0.0003472051308,0.03303564868,0.0004325655481,0.014,0.001979898987,0.9012867624,0.01093963755,nanoTabPFN_version10_original02/6M/model_step_0120000_rows1000_bins10_2fold_eval_minrows1000.json,nanoTabPFN_version10_original02/6M/model_step_0120000_rows1000_bins10_2fold_eval_minrows1000.json,
ex3-1_rows500_rows1000,1000,nanoTabPFN,pumadyn32nh,0.2797981886,0.1903767947,0.1415957517,0.01821278688,0.1134364799,0.01534574769,0.01,0.004242640687,3.026396067,0.196810292,nanoTabPFN_version10_original02/6M/model_step_0120000_rows1000_bins10_2fold_eval_minrows1000.json,nanoTabPFN_version10_original02/6M/model_step_0120000_rows1000_bins10_2fold_eval_minrows1000.json,
ex3-1_rows500_rows1000,1000,nanoTabPFN,quake,-0.005410377253,0.004600784186,0.187830079,0.01649923772,0.1489109992,0.01253374125,0.0516,0.01343502884,3.427039914,0.0504734171,nanoTabPFN_version10_original02/6M/model_step_0120000_rows1000_bins10_2fold_eval_minrows1000.json,nanoTabPFN_version10_original02/6M/model_step_0120000_rows1000_bins10_2fold_eval_minrows1000.json,
ex3-1_rows500_rows1000,1000,nanoTabPFN,socmob,0.4756006887,0.02926396665,0.07960589357,0.001451697217,0.02602019109,0.0006594537956,0.038,0.0004242640687,0.9947176406,0.03635495219,nanoTabPFN_version10_original02/6M/model_step_0120000_rows1000_bins10_2fold_eval_minrows1000.json,nanoTabPFN_version10_original02/6M/model_step_0120000_rows1000_bins10_2fold_eval_minrows1000.json,
ex3-1_rows500_rows1000,1000,nanoTabPFN,space_ga,0.591838133,0.03418390386,0.1004521671,0.007488820207,0.07519385627,0.005936482416,0.0228,0.005798275606,2.362317545,0.06308651638,nanoTabPFN_version10_original02/6M/model_step_0120000_rows1000_bins10_2fold_eval_minrows1000.json,nanoTabPFN_version10_original02/6M/model_step_0120000_rows1000_bins10_2fold_eval_minrows1000.json,
ex3-1_rows500_rows1000,1000,ngboost,abalone,0.5489700257,0.002881377358,0.1020606481,0.007036617574,0.07082510775,0.006117644353,0.0334,0.003535533906,,,TabICL_regression03/runs/distribution_baselines_rows1000_bins10_library_defaults_2fold/results_minrows1000.json,TabICL_regression03/runs/distribution_baselines_rows1000_bins10_library_defaults_2fold/results_minrows1000.json,
ex3-1_rows500_rows1000,1000,ngboost,airfoil_self_noise,0.7802965465,0.02299286364,0.0895546313,0.003441157239,0.0683609286,0.001633488526,0.0214,0.001272792206,,,TabICL_regression03/runs/distribution_baselines_rows1000_bins10_library_defaults_2fold/results_minrows1000.json,TabICL_regression03/runs/distribution_baselines_rows1000_bins10_library_defaults_2fold/results_minrows1000.json,
ex3-1_rows500_rows1000,1000,ngboost,auction_verification,0.9152127542,0.002679692357,0.07401498,0.002942867369,0.03698755846,0.001433066359,0.0282,0.0022627417,,,TabICL_regression03/runs/distribution_baselines_rows1000_bins10_library_defaults_2fold/results_minrows1000.json,TabICL_regression03/runs/distribution_baselines_rows1000_bins10_library_defaults_2fold/results_minrows1000.json,
ex3-1_rows500_rows1000,1000,ngboost,concrete_compressive_strength,0.8731424694,0.007530602001,0.07640280311,0.002751488663,0.05692083923,0.0007643302085,0.0224,0.0008485281374,,,TabICL_regression03/runs/distribution_baselines_rows1000_bins10_library_defaults_2fold/results_minrows1000.json,TabICL_regression03/runs/distribution_baselines_rows1000_bins10_library_defaults_2fold/results_minrows1000.json,
ex3-1_rows500_rows1000,1000,ngboost,cpu_activity,0.9773040926,0.002009649113,0.02959937075,0.0002533252545,0.02083441003,0.0003230603438,0.0378,0.002121320344,,,TabICL_regression03/runs/distribution_baselines_rows1000_bins10_library_defaults_2fold/results_minrows1000.json,TabICL_regression03/runs/distribution_baselines_rows1000_bins10_library_defaults_2fold/results_minrows1000.json,
ex3-1_rows500_rows1000,1000,ngboost,grid_stability,0.8134215469,0.002366636027,0.09438321822,0.001025125604,0.07593534473,0.00117490569,0.039,0.0008485281374,,,TabICL_regression03/runs/distribution_baselines_rows1000_bins10_library_defaults_2fold/results_minrows1000.json,TabICL_regression03/runs/distribution_baselines_rows1000_bins10_library_defaults_2fold/results_minrows1000.json,
ex3-1_rows500_rows1000,1000,ngboost,kin8nm,0.4648987981,0.02497451167,0.1540494594,0.004780488573,0.1223759202,0.005205096453,0.0398,0.009616652224,,,TabICL_regression03/runs/distribution_baselines_rows1000_bins10_library_defaults_2fold/results_minrows1000.json,TabICL_regression03/runs/distribution_baselines_rows1000_bins10_library_defaults_2fold/results_minrows1000.json,
ex3-1_rows500_rows1000,1000,ngboost,Moneyball,0.9313693205,0.00101424495,0.04494959946,0.001020889381,0.03503112996,0.00113321795,0.0436,0.0045254834,,,TabICL_regression03/runs/distribution_baselines_rows1000_bins10_library_defaults_2fold/results_minrows1000.json,TabICL_regression03/runs/distribution_baselines_rows1000_bins10_library_defaults_2fold/results_minrows1000.json,
ex3-1_rows500_rows1000,1000,ngboost,pumadyn32nh,0.5172626404,0.00311574959,0.1183641432,0.0006628232872,0.09375654396,0.0003394045149,0.0458,0.002121320344,,,TabICL_regression03/runs/distribution_baselines_rows1000_bins10_library_defaults_2fold/results_minrows1000.json,TabICL_regression03/runs/distribution_baselines_rows1000_bins10_library_defaults_2fold/results_minrows1000.json,
ex3-1_rows500_rows1000,1000,ngboost,quake,-0.01193774311,0.01337870339,0.1882847251,0.01573715122,0.1471047932,0.01165106755,0.043,0.001697056275,,,TabICL_regression03/runs/distribution_baselines_rows1000_bins10_library_defaults_2fold/results_minrows1000.json,TabICL_regression03/runs/distribution_baselines_rows1000_bins10_library_defaults_2fold/results_minrows1000.json,
ex3-1_rows500_rows1000,1000,ngboost,socmob,0.7384257369,0.04088126958,0.05565287455,0.001849386322,0.02262115127,0.000548805821,0.0256,0.001555634919,,,TabICL_regression03/runs/distribution_baselines_rows1000_bins10_library_defaults_2fold/results_minrows1000.json,TabICL_regression03/runs/distribution_baselines_rows1000_bins10_library_defaults_2fold/results_minrows1000.json,
ex3-1_rows500_rows1000,1000,ngboost,space_ga,0.5624542979,0.01775617022,0.1039980558,0.00550876021,0.07688909837,0.004375334558,0.0346,0.006081118318,,,TabICL_regression03/runs/distribution_baselines_rows1000_bins10_library_defaults_2fold/results_minrows1000.json,TabICL_regression03/runs/distribution_baselines_rows1000_bins10_library_defaults_2fold/results_minrows1000.json,
ex3-1_rows500_rows1000,1000,catboost,abalone,0.5483323201,0.01229914709,0.1022548811,0.008104561565,0.06977764987,0.006512787935,0.0628,0.007071067812,,,TabICL_regression03/runs/distribution_baselines_rows1000_bins10_library_defaults_2fold/results_minrows1000.json,TabICL_regression03/runs/distribution_baselines_rows1000_bins10_library_defaults_2fold/results_minrows1000.json,
ex3-1_rows500_rows1000,1000,catboost,airfoil_self_noise,0.9002111347,0.003176386127,0.06056952674,0.0001014658739,0.04318084536,0.0008216774469,0.0778,0.003535533906,,,TabICL_regression03/runs/distribution_baselines_rows1000_bins10_library_defaults_2fold/results_minrows1000.json,TabICL_regression03/runs/distribution_baselines_rows1000_bins10_library_defaults_2fold/results_minrows1000.json,
ex3-1_rows500_rows1000,1000,catboost,auction_verification,0.9401615573,0.002367293565,0.06218216758,0.00271953195,0.02667192405,0.0008969241646,0.059,0.003252691193,,,TabICL_regression03/runs/distribution_baselines_rows1000_bins10_library_defaults_2fold/results_minrows1000.json,TabICL_regression03/runs/distribution_baselines_rows1000_bins10_library_defaults_2fold/results_minrows1000.json,
ex3-1_rows500_rows1000,1000,catboost,concrete_compressive_strength,0.9122075631,0.001884007899,0.0635930261,0.001082522273,0.04208057945,6.50049707e-05,0.0692,0.001414213562,,,TabICL_regression03/runs/distribution_baselines_rows1000_bins10_library_defaults_2fold/results_minrows1000.json,TabICL_regression03/runs/distribution_baselines_rows1000_bins10_library_defaults_2fold/results_minrows1000.json,
ex3-1_rows500_rows1000,1000,catboost,cpu_activity,0.918004681,0.02519307879,0.05615921289,0.01185000287,0.03084743966,0.004033009548,0.0964,0.0022627417,,,TabICL_regression03/runs/distribution_baselines_rows1000_bins10_library_defaults_2fold/results_minrows1000.json,TabICL_regression03/runs/distribution_baselines_rows1000_bins10_library_defaults_2fold/results_minrows1000.json,
ex3-1_rows500_rows1000,1000,catboost,grid_stability,0.866521551,0.005244383348,0.07987441842,0.002942332411,0.06153850181,0.001873526854,0.113,0.004666904756,,,TabICL_regression03/runs/distribution_baselines_rows1000_bins10_library_defaults_2fold/results_minrows1000.json,TabICL_regression03/runs/distribution_baselines_rows1000_bins10_library_defaults_2fold/results_minrows1000.json,
ex3-1_rows500_rows1000,1000,catboost,kin8nm,0.6483364173,0.006971925664,0.1249138012,0.002197686964,0.09678643331,0.002744151296,0.1026,0.0004242640687,,,TabICL_regression03/runs/distribution_baselines_rows1000_bins10_library_defaults_2fold/results_minrows1000.json,TabICL_regression03/runs/distribution_baselines_rows1000_bins10_library_defaults_2fold/results_minrows1000.json,
ex3-1_rows500_rows1000,1000,catboost,Moneyball,0.9317111134,0.000688267262,0.04484518634,0.001123806486,0.03485121732,0.001216651144,0.0802,0.004101219331,,,TabICL_regression03/runs/distribution_baselines_rows1000_bins10_library_defaults_2fold/results_minrows1000.json,TabICL_regression03/runs/distribution_baselines_rows1000_bins10_library_defaults_2fold/results_minrows1000.json,
ex3-1_rows500_rows1000,1000,catboost,pumadyn32nh,0.4702341604,0.006476454559,0.1240128196,0.001852527108,0.09869053939,0.00114051257,0.124,0.0045254834,,,TabICL_regression03/runs/distribution_baselines_rows1000_bins10_library_defaults_2fold/results_minrows1000.json,TabICL_regression03/runs/distribution_baselines_rows1000_bins10_library_defaults_2fold/results_minrows1000.json,
ex3-1_rows500_rows1000,1000,catboost,quake,-0.1917501282,0.00167855413,0.2045559389,0.01828734672,0.1532021135,0.01255620323,0.073,0.0009899494937,,,TabICL_regression03/runs/distribution_baselines_rows1000_bins10_library_defaults_2fold/results_minrows1000.json,TabICL_regression03/runs/distribution_baselines_rows1000_bins10_library_defaults_2fold/results_minrows1000.json,
ex3-1_rows500_rows1000,1000,catboost,socmob,0.8397804361,0.0158752166,0.04383879142,0.0001608688335,0.01624493141,2.932845498e-05,0.0882,0.001272792206,,,TabICL_regression03/runs/distribution_baselines_rows1000_bins10_library_defaults_2fold/results_minrows1000.json,TabICL_regression03/runs/distribution_baselines_rows1000_bins10_library_defaults_2fold/results_minrows1000.json,
ex3-1_rows500_rows1000,1000,catboost,space_ga,0.6010079368,0.02681299172,0.09932581013,0.006581716582,0.0734747606,0.004749573504,0.0764,0.004242640687,,,TabICL_regression03/runs/distribution_baselines_rows1000_bins10_library_defaults_2fold/results_minrows1000.json,TabICL_regression03/runs/distribution_baselines_rows1000_bins10_library_defaults_2fold/results_minrows1000.json,
ex3-1_rows500_rows1000,1000,xgboost,abalone,0.5008956002,0.01348357129,0.1074893335,0.008508009646,0.07699030972,0.006673556354,0.0554,0.002687005769,,,TabICL_regression03/runs/distribution_baselines_rows1000_bins10_library_defaults_2fold/results_minrows1000.json,TabICL_regression03/runs/distribution_baselines_rows1000_bins10_library_defaults_2fold/results_minrows1000.json,
ex3-1_rows500_rows1000,1000,xgboost,airfoil_self_noise,0.8234956283,0.006916887518,0.08053569212,0.0004319124384,0.05804734309,0.0007336862908,0.0576,0.00339411255,,,TabICL_regression03/runs/distribution_baselines_rows1000_bins10_library_defaults_2fold/results_minrows1000.json,TabICL_regression03/runs/distribution_baselines_rows1000_bins10_library_defaults_2fold/results_minrows1000.json,
ex3-1_rows500_rows1000,1000,xgboost,auction_verification,0.9568125554,0.001172161139,0.05275329322,0.0005492346532,0.02568948991,0.0002413029636,0.0574,0.006363961031,,,TabICL_regression03/runs/distribution_baselines_rows1000_bins10_library_defaults_2fold/results_minrows1000.json,TabICL_regression03/runs/distribution_baselines_rows1000_bins10_library_defaults_2fold/results_minrows1000.json,
ex3-1_rows500_rows1000,1000,xgboost,concrete_compressive_strength,0.8817464392,0.003100330596,0.07380340761,0.001431986677,0.05237105225,0.0005068891281,0.0564,0.0001414213562,,,TabICL_regression03/runs/distribution_baselines_rows1000_bins10_library_defaults_2fold/results_minrows1000.json,TabICL_regression03/runs/distribution_baselines_rows1000_bins10_library_defaults_2fold/results_minrows1000.json,
ex3-1_rows500_rows1000,1000,xgboost,cpu_activity,0.8782497615,0.02792663702,0.06892663014,0.01163032328,0.03491346898,0.003826749932,0.0618,0.002404163056,,,TabICL_regression03/runs/distribution_baselines_rows1000_bins10_library_defaults_2fold/results_minrows1000.json,TabICL_regression03/runs/distribution_baselines_rows1000_bins10_library_defaults_2fold/results_minrows1000.json,
ex3-1_rows500_rows1000,1000,xgboost,grid_stability,0.7350547614,3.265386358e-05,0.1125002334,0.001928261407,0.08483609709,0.001920691755,0.0572,0.00339411255,,,TabICL_regression03/runs/distribution_baselines_rows1000_bins10_library_defaults_2fold/results_minrows1000.json,TabICL_regression03/runs/distribution_baselines_rows1000_bins10_library_defaults_2fold/results_minrows1000.json,
ex3-1_rows500_rows1000,1000,xgboost,kin8nm,0.4488204504,0.04675524796,0.1561953935,0.007843548091,0.1198882511,0.006845634369,0.0612,0.007919595949,,,TabICL_regression03/runs/distribution_baselines_rows1000_bins10_library_defaults_2fold/results_minrows1000.json,TabICL_regression03/runs/distribution_baselines_rows1000_bins10_library_defaults_2fold/results_minrows1000.json,
ex3-1_rows500_rows1000,1000,xgboost,Moneyball,0.9062285438,0.002416957048,0.05251817978,0.0009040116528,0.04143370624,0.0007162045245,0.0534,0.001555634919,,,TabICL_regression03/runs/distribution_baselines_rows1000_bins10_library_defaults_2fold/results_minrows1000.json,TabICL_regression03/runs/distribution_baselines_rows1000_bins10_library_defaults_2fold/results_minrows1000.json,
ex3-1_rows500_rows1000,1000,xgboost,pumadyn32nh,0.4088742402,0.004774021698,0.1309772505,0.0006272390158,0.1043984353,0.0003989143651,0.0564,0.002969848481,,,TabICL_regression03/runs/distribution_baselines_rows1000_bins10_library_defaults_2fold/results_minrows1000.json,TabICL_regression03/runs/distribution_baselines_rows1000_bins10_library_defaults_2fold/results_minrows1000.json,
ex3-1_rows500_rows1000,1000,xgboost,quake,-0.2174156746,0.02047230629,0.2064452972,0.01688883311,0.1580366538,0.01177352158,0.0576,0,,,TabICL_regression03/runs/distribution_baselines_rows1000_bins10_library_defaults_2fold/results_minrows1000.json,TabICL_regression03/runs/distribution_baselines_rows1000_bins10_library_defaults_2fold/results_minrows1000.json,
ex3-1_rows500_rows1000,1000,xgboost,socmob,0.788606089,0.02072385813,0.05036064473,0.0001578433503,0.02057183446,0.000193236714,0.0698,0.0002828427125,,,TabICL_regression03/runs/distribution_baselines_rows1000_bins10_library_defaults_2fold/results_minrows1000.json,TabICL_regression03/runs/distribution_baselines_rows1000_bins10_library_defaults_2fold/results_minrows1000.json,
ex3-1_rows500_rows1000,1000,xgboost,space_ga,0.5475380585,0.01704703881,0.1057518411,0.005448416747,0.07738903754,0.00438379591,0.0614,0.0007071067812,,,TabICL_regression03/runs/distribution_baselines_rows1000_bins10_library_defaults_2fold/results_minrows1000.json,TabICL_regression03/runs/distribution_baselines_rows1000_bins10_library_defaults_2fold/results_minrows1000.json,
ex3-1_rows500_rows1000,1000,gaussian_process,abalone,-0.0004211134834,1.274534249e-06,0.1519388967,0.009994466215,0.1098774678,0.009365015375,0.0322,0.0007071067812,,,TabICL_regression03/runs/distribution_baselines_rows1000_bins10_library_defaults_2fold/results_minrows1000.json,TabICL_regression03/runs/distribution_baselines_rows1000_bins10_library_defaults_2fold/results_minrows1000.json,
ex3-1_rows500_rows1000,1000,gaussian_process,airfoil_self_noise,-8.166263918e-05,3.844161479e-07,0.1918837009,0.002734146311,0.1560425087,0.002726111375,0.0174,0.002687005769,,,TabICL_regression03/runs/distribution_baselines_rows1000_bins10_library_defaults_2fold/results_minrows1000.json,TabICL_regression03/runs/distribution_baselines_rows1000_bins10_library_defaults_2fold/results_minrows1000.json,
ex3-1_rows500_rows1000,1000,gaussian_process,auction_verification,0.3829934043,0.2717847232,0.1861534526,0.04204242012,0.1366897391,0.0422558628,0.0658,0.01258650071,,,TabICL_regression03/runs/distribution_baselines_rows1000_bins10_library_defaults_2fold/results_minrows1000.json,TabICL_regression03/runs/distribution_baselines_rows1000_bins10_library_defaults_2fold/results_minrows1000.json,
ex3-1_rows500_rows1000,1000,gaussian_process,concrete_compressive_strength,0.8690409758,0.000349451743,0.07766878943,0.0005923538458,0.05684635091,0.0001215666117,0.0142,0.0002828427125,,,TabICL_regression03/runs/distribution_baselines_rows1000_bins10_library_defaults_2fold/results_minrows1000.json,TabICL_regression03/runs/distribution_baselines_rows1000_bins10_library_defaults_2fold/results_minrows1000.json,
ex3-1_rows500_rows1000,1000,gaussian_process,cpu_activity,0.9201075795,0.005570757429,0.05563227918,0.001006062704,0.02990353657,0.0002465864922,0.0204,0.0002828427125,,,TabICL_regression03/runs/distribution_baselines_rows1000_bins10_library_defaults_2fold/results_minrows1000.json,TabICL_regression03/runs/distribution_baselines_rows1000_bins10_library_defaults_2fold/results_minrows1000.json,
ex3-1_rows500_rows1000,1000,gaussian_process,grid_stability,0.8999725205,0.006799265203,0.06896412961,0.001164390614,0.05065095993,0.0002051053609,0.0132,0.0002828427125,,,TabICL_regression03/runs/distribution_baselines_rows1000_bins10_library_defaults_2fold/results_minrows1000.json,TabICL_regression03/runs/distribution_baselines_rows1000_bins10_library_defaults_2fold/results_minrows1000.json,
ex3-1_rows500_rows1000,1000,gaussian_process,kin8nm,0.8045764633,0.005540832947,0.09307428986,0.0006051700257,0.06866687751,8.457324042e-06,0.013,0.002687005769,,,TabICL_regression03/runs/distribution_baselines_rows1000_bins10_library_defaults_2fold/results_minrows1000.json,TabICL_regression03/runs/distribution_baselines_rows1000_bins10_library_defaults_2fold/results_minrows1000.json,
ex3-1_rows500_rows1000,1000,gaussian_process,Moneyball,0.9445355765,0.0003467183898,0.04042079906,0.001090195245,0.03177868406,0.001239696114,0.0072,0.0005656854249,,,TabICL_regression03/runs/distribution_baselines_rows1000_bins10_library_defaults_2fold/results_minrows1000.json,TabICL_regression03/runs/distribution_baselines_rows1000_bins10_library_defaults_2fold/results_minrows1000.json,
ex3-1_rows500_rows1000,1000,gaussian_process,pumadyn32nh,-8.8270193e-05,1.010571614e-06,0.1703778528,0.00150397427,0.135944871,0.0001475436025,0.0042,0.0004242640687,,,TabICL_regression03/runs/distribution_baselines_rows1000_bins10_library_defaults_2fold/results_minrows1000.json,TabICL_regression03/runs/distribution_baselines_rows1000_bins10_library_defaults_2fold/results_minrows1000.json,
ex3-1_rows500_rows1000,1000,gaussian_process,quake,0.01021776202,0.007960304953,0.1863042751,0.01604716244,0.1464471188,0.01182017743,0.0856,0.00113137085,,,TabICL_regression03/runs/distribution_baselines_rows1000_bins10_library_defaults_2fold/results_minrows1000.json,TabICL_regression03/runs/distribution_baselines_rows1000_bins10_library_defaults_2fold/results_minrows1000.json,
ex3-1_rows500_rows1000,1000,gaussian_process,socmob,-0.001295265774,4.96458129e-05,0.1103713755,0.005094705816,0.05997422595,0.004041387814,0.1158,0.003252691193,,,TabICL_regression03/runs/distribution_baselines_rows1000_bins10_library_defaults_2fold/results_minrows1000.json,TabICL_regression03/runs/distribution_baselines_rows1000_bins10_library_defaults_2fold/results_minrows1000.json,
ex3-1_rows500_rows1000,1000,gaussian_process,space_ga,-0.0002207207404,1.452506983e-06,0.1570954093,0.005142298508,0.1253560043,0.005054373175,0.0084,0.002828427125,,,TabICL_regression03/runs/distribution_baselines_rows1000_bins10_library_defaults_2fold/results_minrows1000.json,TabICL_regression03/runs/distribution_baselines_rows1000_bins10_library_defaults_2fold/results_minrows1000.json,
ex3-1_rows500_rows1000,1000,conformal_quantile,abalone,0.508551787,0.01430152712,0.1066732097,0.008553393215,0.07609990803,0.006143128797,0.0168,0.006363961031,,,TabICL_regression03/runs/distribution_baselines_rows1000_bins10_library_defaults_2fold/results_minrows1000.json,TabICL_regression03/runs/distribution_baselines_rows1000_bins10_library_defaults_2fold/results_minrows1000.json,
ex3-1_rows500_rows1000,1000,conformal_quantile,airfoil_self_noise,0.8164397987,0.00254105064,0.08218699985,0.0006022973907,0.05856885085,0.0006211786439,0.0248,0.004666904756,,,TabICL_regression03/runs/distribution_baselines_rows1000_bins10_library_defaults_2fold/results_minrows1000.json,TabICL_regression03/runs/distribution_baselines_rows1000_bins10_library_defaults_2fold/results_minrows1000.json,
ex3-1_rows500_rows1000,1000,conformal_quantile,auction_verification,0.9440960383,0.01696371742,0.05815046764,0.007937476124,0.02954116202,0.002145682656,0.0432,0.004808326112,,,TabICL_regression03/runs/distribution_baselines_rows1000_bins10_library_defaults_2fold/results_minrows1000.json,TabICL_regression03/runs/distribution_baselines_rows1000_bins10_library_defaults_2fold/results_minrows1000.json,
ex3-1_rows500_rows1000,1000,conformal_quantile,concrete_compressive_strength,0.8802981155,0.001270307588,0.07424745347,7.322451404e-05,0.05339614352,0.0006620069903,0.0256,0.005939696962,,,TabICL_regression03/runs/distribution_baselines_rows1000_bins10_library_defaults_2fold/results_minrows1000.json,TabICL_regression03/runs/distribution_baselines_rows1000_bins10_library_defaults_2fold/results_minrows1000.json,
ex3-1_rows500_rows1000,1000,conformal_quantile,cpu_activity,0.8310403765,0.03005961079,0.08141879257,0.0115627369,0.03742299222,0.004021699348,0.0228,0.00113137085,,,TabICL_regression03/runs/distribution_baselines_rows1000_bins10_library_defaults_2fold/results_minrows1000.json,TabICL_regression03/runs/distribution_baselines_rows1000_bins10_library_defaults_2fold/results_minrows1000.json,
ex3-1_rows500_rows1000,1000,conformal_quantile,grid_stability,0.7222476969,0.02254545583,0.1151580166,0.006660827022,0.08833905844,0.004957007559,0.03,0.0045254834,,,TabICL_regression03/runs/distribution_baselines_rows1000_bins10_library_defaults_2fold/results_minrows1000.json,TabICL_regression03/runs/distribution_baselines_rows1000_bins10_library_defaults_2fold/results_minrows1000.json,
ex3-1_rows500_rows1000,1000,conformal_quantile,kin8nm,0.4418943418,0.01840952777,0.1573523875,0.003804356552,0.1240849104,0.004721674081,0.0212,0.004101219331,,,TabICL_regression03/runs/distribution_baselines_rows1000_bins10_library_defaults_2fold/results_minrows1000.json,TabICL_regression03/runs/distribution_baselines_rows1000_bins10_library_defaults_2fold/results_minrows1000.json,
ex3-1_rows500_rows1000,1000,conformal_quantile,Moneyball,0.9137002429,0.002483794543,0.05037579757,0.0007913465428,0.03970895706,0.0008880868039,0.021,0.0008485281374,,,TabICL_regression03/runs/distribution_baselines_rows1000_bins10_library_defaults_2fold/results_minrows1000.json,TabICL_regression03/runs/distribution_baselines_rows1000_bins10_library_defaults_2fold/results_minrows1000.json,
ex3-1_rows500_rows1000,1000,conformal_quantile,pumadyn32nh,0.3789153558,0.0270571498,0.1341515898,0.001741435066,0.1066294794,0.002667564606,0.0124,0.003535533906,,,TabICL_regression03/runs/distribution_baselines_rows1000_bins10_library_defaults_2fold/results_minrows1000.json,TabICL_regression03/runs/distribution_baselines_rows1000_bins10_library_defaults_2fold/results_minrows1000.json,
ex3-1_rows500_rows1000,1000,conformal_quantile,quake,-0.3767995252,0.04289250287,0.219221658,0.01637990961,0.1644429666,0.01093816413,0.0462,0.003111269837,,,TabICL_regression03/runs/distribution_baselines_rows1000_bins10_library_defaults_2fold/results_minrows1000.json,TabICL_regression03/runs/distribution_baselines_rows1000_bins10_library_defaults_2fold/results_minrows1000.json,
ex3-1_rows500_rows1000,1000,conformal_quantile,socmob,0.7488097764,0.006665022774,0.05520356407,0.00181640243,0.02172414866,0.0008748832604,0.0338,0.003818376618,,,TabICL_regression03/runs/distribution_baselines_rows1000_bins10_library_defaults_2fold/results_minrows1000.json,TabICL_regression03/runs/distribution_baselines_rows1000_bins10_library_defaults_2fold/results_minrows1000.json,
ex3-1_rows500_rows1000,1000,conformal_quantile,space_ga,0.5315668316,0.01912094391,0.1076065247,0.005712656601,0.07904586439,0.003555134575,0.0128,0.002121320344,,,TabICL_regression03/runs/distribution_baselines_rows1000_bins10_library_defaults_2fold/results_minrows1000.json,TabICL_regression03/runs/distribution_baselines_rows1000_bins10_library_defaults_2fold/results_minrows1000.json,
ex3-2_features33_120,features33_120,TabICL_6M_DDIM10_repeats100,colleges,0.4028109937,0.05809005644,0.1798717567,0.006919372252,0.137435958,0.00622532758,0.021,0.003898717738,2.08839574,0.08980396854,TabICL_regression03/runs/6M/features_gt32/step-120000_ddim10_rows200_repeats100_features33_120.json,TabICL_regression03/runs/6M/features_gt32/step-120000_ddim10_rows200_repeats100_features33_120_bins10-uncertainty.json,
ex3-2_features33_120,features33_120,TabICL_6M_DDIM10_repeats100,house_prices_nominal,0.6346809172,0.2129708043,0.1089445649,0.02898860948,0.06234259089,0.008378095571,0.031,0.005403702434,0.803705969,0.0541697212,TabICL_regression03/runs/6M/features_gt32/step-120000_ddim10_rows200_repeats100_features33_120.json,TabICL_regression03/runs/6M/features_gt32/step-120000_ddim10_rows200_repeats100_features33_120_bins10-uncertainty.json,
ex3-2_features33_120,features33_120,TabICL_6M_DDIM10_repeats100,SAT11-HAND-runtime-regression,0.271853576,0.03375923938,0.3813033737,0.009517844723,0.2361155,0.007779106721,0.039,0.001788854382,1.038551542,0.1148306561,TabICL_regression03/runs/6M/features_gt32/step-120000_ddim10_rows200_repeats100_features33_120.json,TabICL_regression03/runs/6M/features_gt32/step-120000_ddim10_rows200_repeats100_features33_120_bins10-uncertainty.json,
ex3-2_features33_120,features33_120,TabICL_6M_DDIM10_repeats100,MIP-2016-regression,0.04706815803,0.05217056406,0.3697226054,0.02142569479,0.2150489082,0.01726013774,0.08,0.005366563146,1.278432208,0.06261054016,TabICL_regression03/runs/6M/features_gt32/step-120000_ddim10_rows200_repeats100_features33_120.json,TabICL_regression03/runs/6M/features_gt32/step-120000_ddim10_rows200_repeats100_features33_120_bins10-uncertainty.json,
ex3-2_features33_120,features33_120,TabICL_6M_DDIM10_repeats100,geographical_origin_of_music,0.1486925011,0.07636717548,0.2296719399,0.01504454109,0.1831485703,0.01263709392,0.024,0.00228035085,2.363726808,0.07272045655,TabICL_regression03/runs/6M/features_gt32/step-120000_ddim10_rows200_repeats100_features33_120.json,TabICL_regression03/runs/6M/features_gt32/step-120000_ddim10_rows200_repeats100_features33_120_bins10-uncertainty.json,
ex3-2_features33_120,features33_120,TabICL_6M_DDPM500_repeats100,colleges,0.3960216024,0.05654224549,0.1811477866,0.007409170559,0.1377765456,0.005899428333,0.017,0.004098780306,2.333441283,0.0883062094,TabICL_regression03/runs/6M/features_gt32/step-120000_ddpm500_rows200_repeats100_features33_120.json,TabICL_regression03/runs/6M/features_gt32/step-120000_ddpm500_rows200_repeats100_features33_120_bins10-uncertainty.json,
ex3-2_features33_120,features33_120,TabICL_6M_DDPM500_repeats100,house_prices_nominal,0.7003723596,0.1526539565,0.1021621317,0.02309991893,0.06020968209,0.006709637419,0.024,0.005099019514,0.9390937632,0.05515978346,TabICL_regression03/runs/6M/features_gt32/step-120000_ddpm500_rows200_repeats100_features33_120.json,TabICL_regression03/runs/6M/features_gt32/step-120000_ddpm500_rows200_repeats100_features33_120_bins10-uncertainty.json,
ex3-2_features33_120,features33_120,TabICL_6M_DDPM500_repeats100,SAT11-HAND-runtime-regression,0.2678951166,0.05133187181,0.3814679189,0.01249326817,0.2442937493,0.01012867447,0.025,0.004604345773,1.201358617,0.1276985513,TabICL_regression03/runs/6M/features_gt32/step-120000_ddpm500_rows200_repeats100_features33_120.json,TabICL_regression03/runs/6M/features_gt32/step-120000_ddpm500_rows200_repeats100_features33_120_bins10-uncertainty.json,
ex3-2_features33_120,features33_120,TabICL_6M_DDPM500_repeats100,MIP-2016-regression,0.1018820779,0.06084973715,0.3584394059,0.02162516105,0.2290728686,0.01777899227,0.067,0.004335896678,1.583884131,0.09079342211,TabICL_regression03/runs/6M/features_gt32/step-120000_ddpm500_rows200_repeats100_features33_120.json,TabICL_regression03/runs/6M/features_gt32/step-120000_ddpm500_rows200_repeats100_features33_120_bins10-uncertainty.json,
ex3-2_features33_120,features33_120,TabICL_6M_DDPM500_repeats100,geographical_origin_of_music,0.1613729477,0.09869097302,0.2271112176,0.0166350868,0.1775921442,0.0136295531,0.016,0.002607680962,2.692202215,0.06207171598,TabICL_regression03/runs/6M/features_gt32/step-120000_ddpm500_rows200_repeats100_features33_120.json,TabICL_regression03/runs/6M/features_gt32/step-120000_ddpm500_rows200_repeats100_features33_120_bins10-uncertainty.json,
ex3-2_features33_120,features33_120,self_nanoTabPFN_6M,colleges,0.400352926,0.05984949951,0.1804346355,0.008116165209,0.1378681396,0.007932592262,0.017,0.004472135955,2.60808788,0.06113777629,nanoTabPFN_version10_original02/6M/features_gt32/model_step_0120000_rows200_bins10_features33_120_eval.json,nanoTabPFN_version10_original02/6M/features_gt32/model_step_0120000_rows200_bins10_features33_120_eval.json,
ex3-2_features33_120,features33_120,self_nanoTabPFN_6M,house_prices_nominal,0.8073937297,0.07427973675,0.08620961368,0.01433901935,0.05477868809,0.005194378706,0.012,0.005403702434,1.025735044,0.08072732876,nanoTabPFN_version10_original02/6M/features_gt32/model_step_0120000_rows200_bins10_features33_120_eval.json,nanoTabPFN_version10_original02/6M/features_gt32/model_step_0120000_rows200_bins10_features33_120_eval.json,
ex3-2_features33_120,features33_120,self_nanoTabPFN_6M,SAT11-HAND-runtime-regression,0.3509642102,0.06059306709,0.357835161,0.011788076,0.2749701768,0.008948562946,0.043,0.007127411872,1.835784323,0.08388820434,nanoTabPFN_version10_original02/6M/features_gt32/model_step_0120000_rows200_bins10_features33_120_eval.json,nanoTabPFN_version10_original02/6M/features_gt32/model_step_0120000_rows200_bins10_features33_120_eval.json,
ex3-2_features33_120,features33_120,self_nanoTabPFN_6M,MIP-2016-regression,0.2167555625,0.02910741764,0.3349382076,0.01561670592,0.2208148048,0.0152824955,0.044,0.006228964601,1.488118243,0.1019917569,nanoTabPFN_version10_original02/6M/features_gt32/model_step_0120000_rows200_bins10_features33_120_eval.json,nanoTabPFN_version10_original02/6M/features_gt32/model_step_0120000_rows200_bins10_features33_120_eval.json,
ex3-2_features33_120,features33_120,self_nanoTabPFN_6M,geographical_origin_of_music,0.1940021647,0.0381976441,0.2233301948,0.008857465543,0.1856186211,0.008379810817,0.014,0.002966479395,2.790079712,0.07350886938,nanoTabPFN_version10_original02/6M/features_gt32/model_step_0120000_rows200_bins10_features33_120_eval.json,nanoTabPFN_version10_original02/6M/features_gt32/model_step_0120000_rows200_bins10_features33_120_eval.json,
ex3-2_features33_120,features33_120,ngboost,colleges,0.3437418263,0.03629535775,0.1895818774,0.005049754502,0.1464087731,0.004029943101,0.091,0.003033150178,,,TabICL_regression03/runs/distribution_baselines_features_gt32/distribution_baselines_rows200_bins10_features33_120.json,TabICL_regression03/runs/distribution_baselines_features_gt32/distribution_baselines_rows200_bins10_features33_120.json,
ex3-2_features33_120,features33_120,ngboost,house_prices_nominal,0.7314050157,0.05906152566,0.10763376,0.01209382783,0.07298023192,0.007576931745,0.111,0.006542170894,,,TabICL_regression03/runs/distribution_baselines_features_gt32/distribution_baselines_rows200_bins10_features33_120.json,TabICL_regression03/runs/distribution_baselines_features_gt32/distribution_baselines_rows200_bins10_features33_120.json,
ex3-2_features33_120,features33_120,ngboost,SAT11-HAND-runtime-regression,0.3952634991,0.06198569584,0.3448467918,0.01324371831,0.229368866,0.01458418892,0.072,0.004898979486,,,TabICL_regression03/runs/distribution_baselines_features_gt32/distribution_baselines_rows200_bins10_features33_120.json,TabICL_regression03/runs/distribution_baselines_features_gt32/distribution_baselines_rows200_bins10_features33_120.json,
ex3-2_features33_120,features33_120,ngboost,MIP-2016-regression,-0.1026056882,0.1051149279,0.3940368614,0.01921804909,0.2750406885,0.02011723015,0.078,0.00554977477,,,TabICL_regression03/runs/distribution_baselines_features_gt32/distribution_baselines_rows200_bins10_features33_120.json,TabICL_regression03/runs/distribution_baselines_features_gt32/distribution_baselines_rows200_bins10_features33_120.json,
ex3-2_features33_120,features33_120,ngboost,geographical_origin_of_music,0.1051761093,0.03448110117,0.2363443517,0.01254484297,0.1893524093,0.01004035438,0.106,0.002607680962,,,TabICL_regression03/runs/distribution_baselines_features_gt32/distribution_baselines_rows200_bins10_features33_120.json,TabICL_regression03/runs/distribution_baselines_features_gt32/distribution_baselines_rows200_bins10_features33_120.json,
ex3-2_features33_120,features33_120,catboost,colleges,0.3736914674,0.06414661388,0.1844163261,0.009243499261,0.1425921706,0.006772285222,0.139,0.00219089023,,,TabICL_regression03/runs/distribution_baselines_features_gt32/distribution_baselines_rows200_bins10_features33_120.json,TabICL_regression03/runs/distribution_baselines_features_gt32/distribution_baselines_rows200_bins10_features33_120.json,
ex3-2_features33_120,features33_120,catboost,house_prices_nominal,0.7642092623,0.03475811118,0.1021705954,0.007862847633,0.06613133287,0.006138380969,0.12,0.002828427125,,,TabICL_regression03/runs/distribution_baselines_features_gt32/distribution_baselines_rows200_bins10_features33_120.json,TabICL_regression03/runs/distribution_baselines_features_gt32/distribution_baselines_rows200_bins10_features33_120.json,
ex3-2_features33_120,features33_120,catboost,SAT11-HAND-runtime-regression,0.3623216231,0.05674314308,0.3545857277,0.01200537413,0.2330437007,0.0125121013,0.133,0.003633180425,,,TabICL_regression03/runs/distribution_baselines_features_gt32/distribution_baselines_rows200_bins10_features33_120.json,TabICL_regression03/runs/distribution_baselines_features_gt32/distribution_baselines_rows200_bins10_features33_120.json,
ex3-2_features33_120,features33_120,catboost,MIP-2016-regression,-0.2641340992,0.09313554082,0.423388292,0.0199891039,0.2949087134,0.02046687401,0.157,0.001095445115,,,TabICL_regression03/runs/distribution_baselines_features_gt32/distribution_baselines_rows200_bins10_features33_120.json,TabICL_regression03/runs/distribution_baselines_features_gt32/distribution_baselines_rows200_bins10_features33_120.json,
ex3-2_features33_120,features33_120,catboost,geographical_origin_of_music,0.1732481555,0.02287853232,0.2269768672,0.01059567671,0.1804247247,0.01006469206,0.146,0.002966479395,,,TabICL_regression03/runs/distribution_baselines_features_gt32/distribution_baselines_rows200_bins10_features33_120.json,TabICL_regression03/runs/distribution_baselines_features_gt32/distribution_baselines_rows200_bins10_features33_120.json,
ex3-2_features33_120,features33_120,xgboost,colleges,0.2183124955,0.07268595886,0.2057074584,0.006477736442,0.1591220617,0.004636365802,0.073,0.005176871642,,,TabICL_regression03/runs/distribution_baselines_features_gt32/distribution_baselines_rows200_bins10_features33_120.json,TabICL_regression03/runs/distribution_baselines_features_gt32/distribution_baselines_rows200_bins10_features33_120.json,
ex3-2_features33_120,features33_120,xgboost,house_prices_nominal,0.6844142207,0.02767169322,0.1210536573,0.01105886815,0.08631669888,0.01032967916,0.067,0.003286335345,,,TabICL_regression03/runs/distribution_baselines_features_gt32/distribution_baselines_rows200_bins10_features33_120.json,TabICL_regression03/runs/distribution_baselines_features_gt32/distribution_baselines_rows200_bins10_features33_120.json,
ex3-2_features33_120,features33_120,xgboost,SAT11-HAND-runtime-regression,0.2807083433,0.07107421507,0.376585234,0.01887948593,0.2310679568,0.01840940085,0.053,0.004147288271,,,TabICL_regression03/runs/distribution_baselines_features_gt32/distribution_baselines_rows200_bins10_features33_120.json,TabICL_regression03/runs/distribution_baselines_features_gt32/distribution_baselines_rows200_bins10_features33_120.json,
ex3-2_features33_120,features33_120,xgboost,MIP-2016-regression,-0.4825107679,0.127340892,0.4561807702,0.0132527343,0.3410104543,0.01245879463,0.098,0.004098780306,,,TabICL_regression03/runs/distribution_baselines_features_gt32/distribution_baselines_rows200_bins10_features33_120.json,TabICL_regression03/runs/distribution_baselines_features_gt32/distribution_baselines_rows200_bins10_features33_120.json,
ex3-2_features33_120,features33_120,xgboost,geographical_origin_of_music,-0.09567757586,0.05721922701,0.2617113253,0.0160093505,0.1972942162,0.01601587929,0.079,0.003847076812,,,TabICL_regression03/runs/distribution_baselines_features_gt32/distribution_baselines_rows200_bins10_features33_120.json,TabICL_regression03/runs/distribution_baselines_features_gt32/distribution_baselines_rows200_bins10_features33_120.json,
ex3-2_features33_120,features33_120,gaussian_process,colleges,0.0805043119,0.05902388073,0.2245714508,0.008909260108,0.1866243563,0.009461735446,0.017,0.002449489743,,,TabICL_regression03/runs/distribution_baselines_features_gt32/distribution_baselines_rows200_bins10_features33_120.json,TabICL_regression03/runs/distribution_baselines_features_gt32/distribution_baselines_rows200_bins10_features33_120.json,
ex3-2_features33_120,features33_120,gaussian_process,house_prices_nominal,0.7131849961,0.08483627592,0.1077999577,0.01349284874,0.06754831602,0.004719594148,0.023,0.004098780306,,,TabICL_regression03/runs/distribution_baselines_features_gt32/distribution_baselines_rows200_bins10_features33_120.json,TabICL_regression03/runs/distribution_baselines_features_gt32/distribution_baselines_rows200_bins10_features33_120.json,
ex3-2_features33_120,features33_120,gaussian_process,SAT11-HAND-runtime-regression,0.1742054134,0.03577656285,0.4057932069,0.00654304268,0.3513752966,0.01084806356,0.07,0.01013903348,,,TabICL_regression03/runs/distribution_baselines_features_gt32/distribution_baselines_rows200_bins10_features33_120.json,TabICL_regression03/runs/distribution_baselines_features_gt32/distribution_baselines_rows200_bins10_features33_120.json,
ex3-2_features33_120,features33_120,gaussian_process,MIP-2016-regression,-0.0761612315,0.043195945,0.392192592,0.0170840053,0.3045708184,0.01161599039,0.146,0.007668115805,,,TabICL_regression03/runs/distribution_baselines_features_gt32/distribution_baselines_rows200_bins10_features33_120.json,TabICL_regression03/runs/distribution_baselines_features_gt32/distribution_baselines_rows200_bins10_features33_120.json,
ex3-2_features33_120,features33_120,gaussian_process,geographical_origin_of_music,0.04891985116,0.05871211771,0.2425866238,0.01211249045,0.2012851703,0.01307325182,0.035,0.003577708764,,,TabICL_regression03/runs/distribution_baselines_features_gt32/distribution_baselines_rows200_bins10_features33_120.json,TabICL_regression03/runs/distribution_baselines_features_gt32/distribution_baselines_rows200_bins10_features33_120.json,
ex3-2_features33_120,features33_120,conformal_quantile,colleges,0.2432125931,0.04817699918,0.2038749139,0.008597536726,0.1579788919,0.008470328702,0.028,0.007823042886,,,TabICL_regression03/runs/distribution_baselines_features_gt32/distribution_baselines_rows200_bins10_features33_120.json,TabICL_regression03/runs/distribution_baselines_features_gt32/distribution_baselines_rows200_bins10_features33_120.json,
ex3-2_features33_120,features33_120,conformal_quantile,house_prices_nominal,0.6486922719,0.05613742742,0.127862449,0.01685171409,0.08781076215,0.01328606469,0.031,0.005403702434,,,TabICL_regression03/runs/distribution_baselines_features_gt32/distribution_baselines_rows200_bins10_features33_120.json,TabICL_regression03/runs/distribution_baselines_features_gt32/distribution_baselines_rows200_bins10_features33_120.json,
ex3-2_features33_120,features33_120,conformal_quantile,SAT11-HAND-runtime-regression,0.2676534932,0.04864139446,0.3814973856,0.01057887881,0.2317721453,0.01128134019,0.029,0.005403702434,,,TabICL_regression03/runs/distribution_baselines_features_gt32/distribution_baselines_rows200_bins10_features33_120.json,TabICL_regression03/runs/distribution_baselines_features_gt32/distribution_baselines_rows200_bins10_features33_120.json,
ex3-2_features33_120,features33_120,conformal_quantile,MIP-2016-regression,-0.2835617468,0.0850401907,0.4265078538,0.01655587903,0.3117134575,0.01381604238,0.034,0.003346640106,,,TabICL_regression03/runs/distribution_baselines_features_gt32/distribution_baselines_rows200_bins10_features33_120.json,TabICL_regression03/runs/distribution_baselines_features_gt32/distribution_baselines_rows200_bins10_features33_120.json,
ex3-2_features33_120,features33_120,conformal_quantile,geographical_origin_of_music,-0.04754662778,0.05176949221,0.255113371,0.01261500544,0.1973833338,0.01040181227,0.023,0.004098780306,,,TabICL_regression03/runs/distribution_baselines_features_gt32/distribution_baselines_rows200_bins10_features33_120.json,TabICL_regression03/runs/distribution_baselines_features_gt32/distribution_baselines_rows200_bins10_features33_120.json,
ex3-3_context_ratio,5%,Diffusion_DDPM500_repeats100,abalone,0.05561661513,0.04853609379,0.2363947336,0.01050521768,0.1830081572,0.008281949705,0.047,0.007293833012,5.333294281,0.8104717037,TabICL_regression03/runs/6M/context_ratio_ddpm500_repeats100/step-120000_ddpm500_rows200_repeats100_ctx05pct_5fold.json,TabICL_regression03/runs/6M/context_ratio_ddpm500_repeats100/step-120000_ddpm500_rows200_repeats100_ctx05pct_5fold_bins10-uncertainty.json,
ex3-3_context_ratio,5%,Diffusion_DDPM500_repeats100,airfoil_self_noise,-0.1406267123,0.04868975737,0.2475137379,0.01178868523,0.1988105011,0.01444467255,0.036,0.003033150178,5.067998642,0.6994652973,TabICL_regression03/runs/6M/context_ratio_ddpm500_repeats100/step-120000_ddpm500_rows200_repeats100_ctx05pct_5fold.json,TabICL_regression03/runs/6M/context_ratio_ddpm500_repeats100/step-120000_ddpm500_rows200_repeats100_ctx05pct_5fold_bins10-uncertainty.json,
ex3-3_context_ratio,5%,Diffusion_DDPM500_repeats100,auction_verification,-0.1193383731,0.03226473313,0.3213667153,0.01129126213,0.2333905302,0.01379592679,0.077,0.005215361924,3.977881075,0.9262552301,TabICL_regression03/runs/6M/context_ratio_ddpm500_repeats100/step-120000_ddpm500_rows200_repeats100_ctx05pct_5fold.json,TabICL_regression03/runs/6M/context_ratio_ddpm500_repeats100/step-120000_ddpm500_rows200_repeats100_ctx05pct_5fold_bins10-uncertainty.json,
ex3-3_context_ratio,5%,Diffusion_DDPM500_repeats100,boston,-0.1429971483,0.07898018775,0.2504978359,0.01370422737,0.1806562385,0.008647003997,0.054,0.00692820323,4.616260743,0.5944554918,TabICL_regression03/runs/6M/context_ratio_ddpm500_repeats100/step-120000_ddpm500_rows200_repeats100_ctx05pct_5fold.json,TabICL_regression03/runs/6M/context_ratio_ddpm500_repeats100/step-120000_ddpm500_rows200_repeats100_ctx05pct_5fold_bins10-uncertainty.json,
ex3-3_context_ratio,5%,Diffusion_DDPM500_repeats100,cars,-0.1676354362,0.0665717633,0.2588489608,0.01689897049,0.1828054601,0.01711604432,0.058,0.009899494937,5.292223254,1.450152696,TabICL_regression03/runs/6M/context_ratio_ddpm500_repeats100/step-120000_ddpm500_rows200_repeats100_ctx05pct_5fold.json,TabICL_regression03/runs/6M/context_ratio_ddpm500_repeats100/step-120000_ddpm500_rows200_repeats100_ctx05pct_5fold_bins10-uncertainty.json,
ex3-3_context_ratio,5%,Diffusion_DDPM500_repeats100,concrete_compressive_strength,-0.2121877553,0.154018262,0.2771678637,0.02518844808,0.2241295471,0.0221643171,0.035,0.008555699854,5.226228735,0.8970348218,TabICL_regression03/runs/6M/context_ratio_ddpm500_repeats100/step-120000_ddpm500_rows200_repeats100_ctx05pct_5fold.json,TabICL_regression03/runs/6M/context_ratio_ddpm500_repeats100/step-120000_ddpm500_rows200_repeats100_ctx05pct_5fold_bins10-uncertainty.json,
ex3-3_context_ratio,5%,Diffusion_DDPM500_repeats100,cpu_activity,-0.04227562751,0.01661372537,0.2051871747,0.01558984414,0.109359466,0.01216317782,0.066,0.01148912529,3.429502583,0.7465459593,TabICL_regression03/runs/6M/context_ratio_ddpm500_repeats100/step-120000_ddpm500_rows200_repeats100_ctx05pct_5fold.json,TabICL_regression03/runs/6M/context_ratio_ddpm500_repeats100/step-120000_ddpm500_rows200_repeats100_ctx05pct_5fold_bins10-uncertainty.json,
ex3-3_context_ratio,5%,Diffusion_DDPM500_repeats100,energy_efficiency,0.04346541565,0.08900546677,0.3031961263,0.01863004742,0.2664199471,0.01509759421,0.047,0.006,4.887415068,0.4638165133,TabICL_regression03/runs/6M/context_ratio_ddpm500_repeats100/step-120000_ddpm500_rows200_repeats100_ctx05pct_5fold.json,TabICL_regression03/runs/6M/context_ratio_ddpm500_repeats100/step-120000_ddpm500_rows200_repeats100_ctx05pct_5fold_bins10-uncertainty.json,
ex3-3_context_ratio,5%,Diffusion_DDPM500_repeats100,grid_stability,-0.229919928,0.08863916632,0.2954997793,0.01506854988,0.2477689059,0.01225003757,0.03,0.0045607017,4.798734044,0.3735668261,TabICL_regression03/runs/6M/context_ratio_ddpm500_repeats100/step-120000_ddpm500_rows200_repeats100_ctx05pct_5fold.json,TabICL_regression03/runs/6M/context_ratio_ddpm500_repeats100/step-120000_ddpm500_rows200_repeats100_ctx05pct_5fold_bins10-uncertainty.json,
ex3-3_context_ratio,5%,Diffusion_DDPM500_repeats100,kin8nm,-0.1080606483,0.04763920395,0.2586840859,0.01050648667,0.2116893399,0.0107355724,0.045,0.004979959839,5.494366151,0.3926899255,TabICL_regression03/runs/6M/context_ratio_ddpm500_repeats100/step-120000_ddpm500_rows200_repeats100_ctx05pct_5fold.json,TabICL_regression03/runs/6M/context_ratio_ddpm500_repeats100/step-120000_ddpm500_rows200_repeats100_ctx05pct_5fold_bins10-uncertainty.json,
ex3-3_context_ratio,5%,Diffusion_DDPM500_repeats100,Moneyball,-0.2337842589,0.08065552336,0.2536238901,0.009210980667,0.2032005661,0.008999160207,0.03,0.009011104261,4.547002848,0.5121823961,TabICL_regression03/runs/6M/context_ratio_ddpm500_repeats100/step-120000_ddpm500_rows200_repeats100_ctx05pct_5fold.json,TabICL_regression03/runs/6M/context_ratio_ddpm500_repeats100/step-120000_ddpm500_rows200_repeats100_ctx05pct_5fold_bins10-uncertainty.json,
ex3-3_context_ratio,5%,Diffusion_DDPM500_repeats100,pumadyn32nh,-0.2127265827,0.06913984287,0.2347092264,0.009631575002,0.1892982539,0.0092990885,0.022,0.005403702434,4.326508226,0.4759670166,TabICL_regression03/runs/6M/context_ratio_ddpm500_repeats100/step-120000_ddpm500_rows200_repeats100_ctx05pct_5fold.json,TabICL_regression03/runs/6M/context_ratio_ddpm500_repeats100/step-120000_ddpm500_rows200_repeats100_ctx05pct_5fold_bins10-uncertainty.json,
ex3-3_context_ratio,5%,Diffusion_DDPM500_repeats100,QSAR_fish_toxicity,-0.1536537199,0.1186120251,0.2189101818,0.009773578407,0.1731325774,0.008449112628,0.035,0.008648699324,5.112373494,0.9193701942,TabICL_regression03/runs/6M/context_ratio_ddpm500_repeats100/step-120000_ddpm500_rows200_repeats100_ctx05pct_5fold.json,TabICL_regression03/runs/6M/context_ratio_ddpm500_repeats100/step-120000_ddpm500_rows200_repeats100_ctx05pct_5fold_bins10-uncertainty.json,
ex3-3_context_ratio,5%,Diffusion_DDPM500_repeats100,quake,-0.140555873,0.02707806302,0.2867664602,0.01024520115,0.2291970399,0.01067719889,0.044,0.004098780306,5.015381789,0.4752035793,TabICL_regression03/runs/6M/context_ratio_ddpm500_repeats100/step-120000_ddpm500_rows200_repeats100_ctx05pct_5fold.json,TabICL_regression03/runs/6M/context_ratio_ddpm500_repeats100/step-120000_ddpm500_rows200_repeats100_ctx05pct_5fold_bins10-uncertainty.json,
ex3-3_context_ratio,5%,Diffusion_DDPM500_repeats100,sensory,-0.07391370667,0.04959524663,0.2542843078,0.01099268869,0.2009170025,0.009848363179,0.022,0.006633249581,4.243499935,0.7413021282,TabICL_regression03/runs/6M/context_ratio_ddpm500_repeats100/step-120000_ddpm500_rows200_repeats100_ctx05pct_5fold.json,TabICL_regression03/runs/6M/context_ratio_ddpm500_repeats100/step-120000_ddpm500_rows200_repeats100_ctx05pct_5fold_bins10-uncertainty.json,
ex3-3_context_ratio,5%,Diffusion_DDPM500_repeats100,socmob,-0.2892782171,0.1404300483,0.2089296904,0.02620725947,0.1268287889,0.03731581568,0.078,0.009121403401,3.882429019,3.583464994,TabICL_regression03/runs/6M/context_ratio_ddpm500_repeats100/step-120000_ddpm500_rows200_repeats100_ctx05pct_5fold.json,TabICL_regression03/runs/6M/context_ratio_ddpm500_repeats100/step-120000_ddpm500_rows200_repeats100_ctx05pct_5fold_bins10-uncertainty.json,
ex3-3_context_ratio,5%,Diffusion_DDPM500_repeats100,space_ga,-0.2293302719,0.1449419606,0.2673132394,0.03180981015,0.2160317056,0.02881958434,0.04,0.007155417528,5.238145081,1.04843133,TabICL_regression03/runs/6M/context_ratio_ddpm500_repeats100/step-120000_ddpm500_rows200_repeats100_ctx05pct_5fold.json,TabICL_regression03/runs/6M/context_ratio_ddpm500_repeats100/step-120000_ddpm500_rows200_repeats100_ctx05pct_5fold_bins10-uncertainty.json,
ex3-3_context_ratio,5%,Diffusion_DDPM500_repeats100,student_performance,-0.1292250048,0.0469209534,0.2127900891,0.0120132326,0.1631645777,0.01126588447,0.025,0.006782329983,3.813911618,0.4647544722,TabICL_regression03/runs/6M/context_ratio_ddpm500_repeats100/step-120000_ddpm500_rows200_repeats100_ctx05pct_5fold.json,TabICL_regression03/runs/6M/context_ratio_ddpm500_repeats100/step-120000_ddpm500_rows200_repeats100_ctx05pct_5fold_bins10-uncertainty.json,
ex3-3_context_ratio,5%,nanoTabPFN,abalone,-0.3256269932,0.254370875,0.2759973634,0.03002743659,0.2176036215,0.03134260421,0.076,0.01228006515,2.01380971,0.4139323661,nanoTabPFN_version10_original02/6M/context_ratio/model_step_0120000_rows200_bins10_ctx05pct_5fold_eval.json,nanoTabPFN_version10_original02/6M/context_ratio/model_step_0120000_rows200_bins10_ctx05pct_5fold_eval.json,
ex3-3_context_ratio,5%,nanoTabPFN,airfoil_self_noise,0.2191635657,0.07398477644,0.2042843478,0.01429669136,0.1658633007,0.01116582137,0.077,0.008555699854,1.628309977,0.2969576786,nanoTabPFN_version10_original02/6M/context_ratio/model_step_0120000_rows200_bins10_ctx05pct_5fold_eval.json,nanoTabPFN_version10_original02/6M/context_ratio/model_step_0120000_rows200_bins10_ctx05pct_5fold_eval.json,
ex3-3_context_ratio,5%,nanoTabPFN,auction_verification,0.02364054982,0.0960734505,0.2979487932,0.01452396398,0.2164295431,0.01643044792,0.034,0.007071067812,2.633685944,0.4630856868,nanoTabPFN_version10_original02/6M/context_ratio/model_step_0120000_rows200_bins10_ctx05pct_5fold_eval.json,nanoTabPFN_version10_original02/6M/context_ratio/model_step_0120000_rows200_bins10_ctx05pct_5fold_eval.json,
ex3-3_context_ratio,5%,nanoTabPFN,boston,0.5524807486,0.08713035884,0.1521559805,0.01710644995,0.1125920754,0.01289615846,0.018,0.003577708764,2.274394633,0.3823424084,nanoTabPFN_version10_original02/6M/context_ratio/model_step_0120000_rows200_bins10_ctx05pct_5fold_eval.json,nanoTabPFN_version10_original02/6M/context_ratio/model_step_0120000_rows200_bins10_ctx05pct_5fold_eval.json,
ex3-3_context_ratio,5%,nanoTabPFN,cars,0.02865862349,0.4694494149,0.2151552788,0.05204952826,0.1589564499,0.04153202484,0.058,0.01117139204,1.979147224,0.4360270171,nanoTabPFN_version10_original02/6M/context_ratio/model_step_0120000_rows200_bins10_ctx05pct_5fold_eval.json,nanoTabPFN_version10_original02/6M/context_ratio/model_step_0120000_rows200_bins10_ctx05pct_5fold_eval.json,
ex3-3_context_ratio,5%,nanoTabPFN,concrete_compressive_strength,0.1362918523,0.1125186851,0.2304240341,0.01257878193,0.1853685397,0.01200998129,0.061,0.008648699324,1.982002951,0.2581158324,nanoTabPFN_version10_original02/6M/context_ratio/model_step_0120000_rows200_bins10_ctx05pct_5fold_eval.json,nanoTabPFN_version10_original02/6M/context_ratio/model_step_0120000_rows200_bins10_ctx05pct_5fold_eval.json,
ex3-3_context_ratio,5%,nanoTabPFN,cpu_activity,0.1136638319,0.07277964714,0.1890362084,0.01757383819,0.07634324513,0.007656338335,0.046,0.008294576541,0.5894019286,0.01976798017,nanoTabPFN_version10_original02/6M/context_ratio/model_step_0120000_rows200_bins10_ctx05pct_5fold_eval.json,nanoTabPFN_version10_original02/6M/context_ratio/model_step_0120000_rows200_bins10_ctx05pct_5fold_eval.json,
ex3-3_context_ratio,5%,nanoTabPFN,energy_efficiency,0.7552532474,0.03564627114,0.1505975836,0.00853096203,0.1194412755,0.00793641534,0.056,0.01005982107,1.43077462,0.14324558,nanoTabPFN_version10_original02/6M/context_ratio/model_step_0120000_rows200_bins10_ctx05pct_5fold_eval.json,nanoTabPFN_version10_original02/6M/context_ratio/model_step_0120000_rows200_bins10_ctx05pct_5fold_eval.json,
ex3-3_context_ratio,5%,nanoTabPFN,grid_stability,-0.2205484987,0.06506183297,0.2936250218,0.006670536047,0.2441904842,0.00458287988,0.067,0.008532291603,2.013704945,0.2314628683,nanoTabPFN_version10_original02/6M/context_ratio/model_step_0120000_rows200_bins10_ctx05pct_5fold_eval.json,nanoTabPFN_version10_original02/6M/context_ratio/model_step_0120000_rows200_bins10_ctx05pct_5fold_eval.json,
ex3-3_context_ratio,5%,nanoTabPFN,kin8nm,-0.5286164323,0.2128213101,0.2990416098,0.02020645101,0.2419012982,0.01634050982,0.047,0.005477225575,2.710520174,0.2264844533,nanoTabPFN_version10_original02/6M/context_ratio/model_step_0120000_rows200_bins10_ctx05pct_5fold_eval.json,nanoTabPFN_version10_original02/6M/context_ratio/model_step_0120000_rows200_bins10_ctx05pct_5fold_eval.json,
ex3-3_context_ratio,5%,nanoTabPFN,Moneyball,0.7452851945,0.0397521442,0.1150145699,0.01146447557,0.08982773066,0.00782413198,0.024,0.00692820323,1.485394253,0.08663744518,nanoTabPFN_version10_original02/6M/context_ratio/model_step_0120000_rows200_bins10_ctx05pct_5fold_eval.json,nanoTabPFN_version10_original02/6M/context_ratio/model_step_0120000_rows200_bins10_ctx05pct_5fold_eval.json,
ex3-3_context_ratio,5%,nanoTabPFN,pumadyn32nh,-0.1902370553,0.08387658445,0.2326536786,0.01184196946,0.1843258057,0.01091907704,0.053,0.005899152482,2.140876267,0.4626498244,nanoTabPFN_version10_original02/6M/context_ratio/model_step_0120000_rows200_bins10_ctx05pct_5fold_eval.json,nanoTabPFN_version10_original02/6M/context_ratio/model_step_0120000_rows200_bins10_ctx05pct_5fold_eval.json,
ex3-3_context_ratio,5%,nanoTabPFN,QSAR_fish_toxicity,0.08635319396,0.124792757,0.1954416212,0.01725329736,0.1503751318,0.01391596133,0.067,0.009099450533,1.712980474,0.1697198327,nanoTabPFN_version10_original02/6M/context_ratio/model_step_0120000_rows200_bins10_ctx05pct_5fold_eval.json,nanoTabPFN_version10_original02/6M/context_ratio/model_step_0120000_rows200_bins10_ctx05pct_5fold_eval.json,
ex3-3_context_ratio,5%,nanoTabPFN,quake,-0.6570476431,0.1494346974,0.3431061806,0.01343209018,0.2796174072,0.01577860337,0.091,0.003847076812,1.500994623,0.2478693054,nanoTabPFN_version10_original02/6M/context_ratio/model_step_0120000_rows200_bins10_ctx05pct_5fold_eval.json,nanoTabPFN_version10_original02/6M/context_ratio/model_step_0120000_rows200_bins10_ctx05pct_5fold_eval.json,
ex3-3_context_ratio,5%,nanoTabPFN,sensory,-0.3258965125,0.1738533608,0.2827537963,0.02763639619,0.2308218269,0.02513343825,0.072,0.00593295879,1.851685738,0.309643774,nanoTabPFN_version10_original02/6M/context_ratio/model_step_0120000_rows200_bins10_ctx05pct_5fold_eval.json,nanoTabPFN_version10_original02/6M/context_ratio/model_step_0120000_rows200_bins10_ctx05pct_5fold_eval.json,
ex3-3_context_ratio,5%,nanoTabPFN,socmob,0.1858070867,0.09329065816,0.1618168423,0.01039162458,0.06375633555,0.01065312584,0.049,0.007924645102,0.4257496663,0.1724993336,nanoTabPFN_version10_original02/6M/context_ratio/model_step_0120000_rows200_bins10_ctx05pct_5fold_eval.json,nanoTabPFN_version10_original02/6M/context_ratio/model_step_0120000_rows200_bins10_ctx05pct_5fold_eval.json,
ex3-3_context_ratio,5%,nanoTabPFN,space_ga,-0.1716662081,0.2258034586,0.2568064047,0.0364652034,0.2011960401,0.02920203297,0.074,0.01268069399,2.005900962,0.6921044743,nanoTabPFN_version10_original02/6M/context_ratio/model_step_0120000_rows200_bins10_ctx05pct_5fold_eval.json,nanoTabPFN_version10_original02/6M/context_ratio/model_step_0120000_rows200_bins10_ctx05pct_5fold_eval.json,
ex3-3_context_ratio,5%,nanoTabPFN,student_performance,-0.6178840881,0.2491017867,0.2505983584,0.02183524112,0.1862142294,0.01959714959,0.042,0.00876356092,2.650439737,0.7678882509,nanoTabPFN_version10_original02/6M/context_ratio/model_step_0120000_rows200_bins10_ctx05pct_5fold_eval.json,nanoTabPFN_version10_original02/6M/context_ratio/model_step_0120000_rows200_bins10_ctx05pct_5fold_eval.json,
ex3-3_context_ratio,5%,ngboost,abalone,-0.5167543167,0.2763987589,0.2965085187,0.03481925086,0.2271791018,0.03103026241,0.152,0.003633180425,,,TabICL_regression03/runs/distribution_baselines_context_ratio/distribution_baselines_rows200_bins10_ctx05pct_5fold_library_defaults.json,TabICL_regression03/runs/distribution_baselines_context_ratio/distribution_baselines_rows200_bins10_ctx05pct_5fold_library_defaults.json,
ex3-3_context_ratio,5%,ngboost,airfoil_self_noise,-0.5863461249,0.3375557596,0.2852770522,0.03169139715,0.2272063001,0.02715945692,0.16,5.551115123e-18,,,TabICL_regression03/runs/distribution_baselines_context_ratio/distribution_baselines_rows200_bins10_ctx05pct_5fold_library_defaults.json,TabICL_regression03/runs/distribution_baselines_context_ratio/distribution_baselines_rows200_bins10_ctx05pct_5fold_library_defaults.json,
ex3-3_context_ratio,5%,ngboost,auction_verification,-0.2677756816,0.1479139572,0.339226398,0.02530843596,0.2283824476,0.02336030084,0.16,9.614813432e-18,,,TabICL_regression03/runs/distribution_baselines_context_ratio/distribution_baselines_rows200_bins10_ctx05pct_5fold_library_defaults.json,TabICL_regression03/runs/distribution_baselines_context_ratio/distribution_baselines_rows200_bins10_ctx05pct_5fold_library_defaults.json,
ex3-3_context_ratio,5%,ngboost,boston,0.4209994943,0.04072037597,0.1785080009,0.01046530894,0.1227281946,0.005836363787,0.16,5.551115123e-18,,,TabICL_regression03/runs/distribution_baselines_context_ratio/distribution_baselines_rows200_bins10_ctx05pct_5fold_library_defaults.json,TabICL_regression03/runs/distribution_baselines_context_ratio/distribution_baselines_rows200_bins10_ctx05pct_5fold_library_defaults.json,
ex3-3_context_ratio,5%,ngboost,cars,0.01059752012,0.1484649241,0.2346748321,0.02101360067,0.1531982621,0.01614747616,0.16,0,,,TabICL_regression03/runs/distribution_baselines_context_ratio/distribution_baselines_rows200_bins10_ctx05pct_5fold_library_defaults.json,TabICL_regression03/runs/distribution_baselines_context_ratio/distribution_baselines_rows200_bins10_ctx05pct_5fold_library_defaults.json,
ex3-3_context_ratio,5%,ngboost,concrete_compressive_strength,-0.4959735892,0.1678455043,0.3034523096,0.01817484416,0.2511790319,0.01624024348,0.16,5.551115123e-18,,,TabICL_regression03/runs/distribution_baselines_context_ratio/distribution_baselines_rows200_bins10_ctx05pct_5fold_library_defaults.json,TabICL_regression03/runs/distribution_baselines_context_ratio/distribution_baselines_rows200_bins10_ctx05pct_5fold_library_defaults.json,
ex3-3_context_ratio,5%,ngboost,cpu_activity,0.2855767452,0.07995299621,0.1658685837,0.01073337531,0.07204816079,0.005750539083,0.16,1.110223025e-17,,,TabICL_regression03/runs/distribution_baselines_context_ratio/distribution_baselines_rows200_bins10_ctx05pct_5fold_library_defaults.json,TabICL_regression03/runs/distribution_baselines_context_ratio/distribution_baselines_rows200_bins10_ctx05pct_5fold_library_defaults.json,
ex3-3_context_ratio,5%,ngboost,energy_efficiency,0.7134060986,0.06383346839,0.1606187346,0.01695468472,0.1147846173,0.0105537892,0.16,7.850462293e-18,,,TabICL_regression03/runs/distribution_baselines_context_ratio/distribution_baselines_rows200_bins10_ctx05pct_5fold_library_defaults.json,TabICL_regression03/runs/distribution_baselines_context_ratio/distribution_baselines_rows200_bins10_ctx05pct_5fold_library_defaults.json,
ex3-3_context_ratio,5%,ngboost,grid_stability,-0.4573101849,0.1456504645,0.3180706558,0.0120789431,0.2588018926,0.008622908773,0.16,7.850462293e-18,,,TabICL_regression03/runs/distribution_baselines_context_ratio/distribution_baselines_rows200_bins10_ctx05pct_5fold_library_defaults.json,TabICL_regression03/runs/distribution_baselines_context_ratio/distribution_baselines_rows200_bins10_ctx05pct_5fold_library_defaults.json,
ex3-3_context_ratio,5%,ngboost,kin8nm,-0.3275964431,0.179651449,0.27868899,0.01552799219,0.2268344768,0.01444070032,0.16,5.551115123e-18,,,TabICL_regression03/runs/distribution_baselines_context_ratio/distribution_baselines_rows200_bins10_ctx05pct_5fold_library_defaults.json,TabICL_regression03/runs/distribution_baselines_context_ratio/distribution_baselines_rows200_bins10_ctx05pct_5fold_library_defaults.json,
ex3-3_context_ratio,5%,ngboost,Moneyball,0.4826229965,0.05068440483,0.1647504019,0.01198095573,0.1266043303,0.009690461014,0.16,5.551115123e-18,,,TabICL_regression03/runs/distribution_baselines_context_ratio/distribution_baselines_rows200_bins10_ctx05pct_5fold_library_defaults.json,TabICL_regression03/runs/distribution_baselines_context_ratio/distribution_baselines_rows200_bins10_ctx05pct_5fold_library_defaults.json,
ex3-3_context_ratio,5%,ngboost,pumadyn32nh,-0.4408150515,0.07361344101,0.2561713195,0.0108420777,0.2077991763,0.008403722492,0.16,0,,,TabICL_regression03/runs/distribution_baselines_context_ratio/distribution_baselines_rows200_bins10_ctx05pct_5fold_library_defaults.json,TabICL_regression03/runs/distribution_baselines_context_ratio/distribution_baselines_rows200_bins10_ctx05pct_5fold_library_defaults.json,
ex3-3_context_ratio,5%,ngboost,QSAR_fish_toxicity,-0.4476638097,0.2494011922,0.2408784496,0.02119338526,0.181525077,0.01718119815,0.16,9.614813432e-18,,,TabICL_regression03/runs/distribution_baselines_context_ratio/distribution_baselines_rows200_bins10_ctx05pct_5fold_library_defaults.json,TabICL_regression03/runs/distribution_baselines_context_ratio/distribution_baselines_rows200_bins10_ctx05pct_5fold_library_defaults.json,
ex3-3_context_ratio,5%,ngboost,quake,-1.098322204,0.214702144,0.3872270928,0.02587354268,0.3018394957,0.02341936043,0.148,0.004098780306,,,TabICL_regression03/runs/distribution_baselines_context_ratio/distribution_baselines_rows200_bins10_ctx05pct_5fold_library_defaults.json,TabICL_regression03/runs/distribution_baselines_context_ratio/distribution_baselines_rows200_bins10_ctx05pct_5fold_library_defaults.json,
ex3-3_context_ratio,5%,ngboost,sensory,-0.9961751974,0.4305944151,0.3430232592,0.04480323195,0.2743689108,0.03621787567,0.152,0.003898717738,,,TabICL_regression03/runs/distribution_baselines_context_ratio/distribution_baselines_rows200_bins10_ctx05pct_5fold_library_defaults.json,TabICL_regression03/runs/distribution_baselines_context_ratio/distribution_baselines_rows200_bins10_ctx05pct_5fold_library_defaults.json,
ex3-3_context_ratio,5%,ngboost,socmob,0.1866167193,0.1413432847,0.1637354809,0.02546700119,0.06516858098,0.01421238729,0.16,5.551115123e-18,,,TabICL_regression03/runs/distribution_baselines_context_ratio/distribution_baselines_rows200_bins10_ctx05pct_5fold_library_defaults.json,TabICL_regression03/runs/distribution_baselines_context_ratio/distribution_baselines_rows200_bins10_ctx05pct_5fold_library_defaults.json,
ex3-3_context_ratio,5%,ngboost,space_ga,-0.6749810186,0.470693269,0.301378235,0.05255107417,0.2432812534,0.04395278555,0.16,0,,,TabICL_regression03/runs/distribution_baselines_context_ratio/distribution_baselines_rows200_bins10_ctx05pct_5fold_library_defaults.json,TabICL_regression03/runs/distribution_baselines_context_ratio/distribution_baselines_rows200_bins10_ctx05pct_5fold_library_defaults.json,
ex3-3_context_ratio,5%,ngboost,student_performance,-0.3761316941,0.1443191,0.2328026911,0.01517219501,0.1790180942,0.01575341033,0.16,7.850462293e-18,,,TabICL_regression03/runs/distribution_baselines_context_ratio/distribution_baselines_rows200_bins10_ctx05pct_5fold_library_defaults.json,TabICL_regression03/runs/distribution_baselines_context_ratio/distribution_baselines_rows200_bins10_ctx05pct_5fold_library_defaults.json,
ex3-3_context_ratio,5%,catboost,abalone,-0.3760713346,0.1916918216,0.2834600982,0.02657281697,0.2173117894,0.02530170664,0.144,0.005899152482,,,TabICL_regression03/runs/distribution_baselines_context_ratio/distribution_baselines_rows200_bins10_ctx05pct_5fold_library_defaults.json,TabICL_regression03/runs/distribution_baselines_context_ratio/distribution_baselines_rows200_bins10_ctx05pct_5fold_library_defaults.json,
ex3-3_context_ratio,5%,catboost,airfoil_self_noise,-0.1212036364,0.1566471998,0.2418816397,0.01749701741,0.1925856866,0.01458790082,0.111,0.00756306816,,,TabICL_regression03/runs/distribution_baselines_context_ratio/distribution_baselines_rows200_bins10_ctx05pct_5fold_library_defaults.json,TabICL_regression03/runs/distribution_baselines_context_ratio/distribution_baselines_rows200_bins10_ctx05pct_5fold_library_defaults.json,
ex3-3_context_ratio,5%,catboost,auction_verification,0.03397577237,0.0592854682,0.2986463778,0.01599205082,0.2002122958,0.01346303901,0.134,0.008648699324,,,TabICL_regression03/runs/distribution_baselines_context_ratio/distribution_baselines_rows200_bins10_ctx05pct_5fold_library_defaults.json,TabICL_regression03/runs/distribution_baselines_context_ratio/distribution_baselines_rows200_bins10_ctx05pct_5fold_library_defaults.json,
ex3-3_context_ratio,5%,catboost,boston,0.2681917741,0.06600863516,0.1995984356,0.01054593951,0.1306714016,0.002961433885,0.1,0.006418722614,,,TabICL_regression03/runs/distribution_baselines_context_ratio/distribution_baselines_rows200_bins10_ctx05pct_5fold_library_defaults.json,TabICL_regression03/runs/distribution_baselines_context_ratio/distribution_baselines_rows200_bins10_ctx05pct_5fold_library_defaults.json,
ex3-3_context_ratio,5%,catboost,cars,-0.185124869,0.08081857659,0.2623465678,0.02215992393,0.1729230068,0.01632175151,0.107,0.0045607017,,,TabICL_regression03/runs/distribution_baselines_context_ratio/distribution_baselines_rows200_bins10_ctx05pct_5fold_library_defaults.json,TabICL_regression03/runs/distribution_baselines_context_ratio/distribution_baselines_rows200_bins10_ctx05pct_5fold_library_defaults.json,
ex3-3_context_ratio,5%,catboost,concrete_compressive_strength,0.07780024947,0.1663603391,0.2413145005,0.02863992937,0.1948521117,0.02298002364,0.106,0.006260990337,,,TabICL_regression03/runs/distribution_baselines_context_ratio/distribution_baselines_rows200_bins10_ctx05pct_5fold_library_defaults.json,TabICL_regression03/runs/distribution_baselines_context_ratio/distribution_baselines_rows200_bins10_ctx05pct_5fold_library_defaults.json,
ex3-3_context_ratio,5%,catboost,cpu_activity,0.2184408648,0.08520216004,0.1729876324,0.009450801942,0.08220771288,0.00723412062,0.103,0.009011104261,,,TabICL_regression03/runs/distribution_baselines_context_ratio/distribution_baselines_rows200_bins10_ctx05pct_5fold_library_defaults.json,TabICL_regression03/runs/distribution_baselines_context_ratio/distribution_baselines_rows200_bins10_ctx05pct_5fold_library_defaults.json,
ex3-3_context_ratio,5%,catboost,energy_efficiency,0.5502060236,0.09327160326,0.2013591649,0.02331359131,0.1584564661,0.01852705595,0.098,0.005727128425,,,TabICL_regression03/runs/distribution_baselines_context_ratio/distribution_baselines_rows200_bins10_ctx05pct_5fold_library_defaults.json,TabICL_regression03/runs/distribution_baselines_context_ratio/distribution_baselines_rows200_bins10_ctx05pct_5fold_library_defaults.json,
ex3-3_context_ratio,5%,catboost,grid_stability,-0.07582924024,0.07931722955,0.2755817655,0.0117030894,0.2284141372,0.008744065338,0.109,0.002828427125,,,TabICL_regression03/runs/distribution_baselines_context_ratio/distribution_baselines_rows200_bins10_ctx05pct_5fold_library_defaults.json,TabICL_regression03/runs/distribution_baselines_context_ratio/distribution_baselines_rows200_bins10_ctx05pct_5fold_library_defaults.json,
ex3-3_context_ratio,5%,catboost,kin8nm,-0.01857784728,0.1128080174,0.2466508553,0.01589746986,0.1952137387,0.01639435997,0.089,0.007694153625,,,TabICL_regression03/runs/distribution_baselines_context_ratio/distribution_baselines_rows200_bins10_ctx05pct_5fold_library_defaults.json,TabICL_regression03/runs/distribution_baselines_context_ratio/distribution_baselines_rows200_bins10_ctx05pct_5fold_library_defaults.json,
ex3-3_context_ratio,5%,catboost,Moneyball,0.4631473193,0.02590390439,0.1675501462,0.00545916539,0.1243510217,0.002656502594,0.087,0.001414213562,,,TabICL_regression03/runs/distribution_baselines_context_ratio/distribution_baselines_rows200_bins10_ctx05pct_5fold_library_defaults.json,TabICL_regression03/runs/distribution_baselines_context_ratio/distribution_baselines_rows200_bins10_ctx05pct_5fold_library_defaults.json,
ex3-3_context_ratio,5%,catboost,pumadyn32nh,-0.2262508826,0.04351963778,0.2362363671,0.00766654294,0.1900601736,0.00671195338,0.103,0.007071067812,,,TabICL_regression03/runs/distribution_baselines_context_ratio/distribution_baselines_rows200_bins10_ctx05pct_5fold_library_defaults.json,TabICL_regression03/runs/distribution_baselines_context_ratio/distribution_baselines_rows200_bins10_ctx05pct_5fold_library_defaults.json,
ex3-3_context_ratio,5%,catboost,QSAR_fish_toxicity,-0.1248284934,0.1745520044,0.2128899574,0.01190662791,0.1641582023,0.009353249966,0.118,0.01113552873,,,TabICL_regression03/runs/distribution_baselines_context_ratio/distribution_baselines_rows200_bins10_ctx05pct_5fold_library_defaults.json,TabICL_regression03/runs/distribution_baselines_context_ratio/distribution_baselines_rows200_bins10_ctx05pct_5fold_library_defaults.json,
ex3-3_context_ratio,5%,catboost,quake,-0.5855230132,0.1271848511,0.335705745,0.01216509229,0.2610386666,0.01100218609,0.121,0.005585696018,,,TabICL_regression03/runs/distribution_baselines_context_ratio/distribution_baselines_rows200_bins10_ctx05pct_5fold_library_defaults.json,TabICL_regression03/runs/distribution_baselines_context_ratio/distribution_baselines_rows200_bins10_ctx05pct_5fold_library_defaults.json,
ex3-3_context_ratio,5%,catboost,sensory,-0.2187722545,0.0858466225,0.2717179308,0.01839523499,0.220379672,0.01833175725,0.103,0.006,,,TabICL_regression03/runs/distribution_baselines_context_ratio/distribution_baselines_rows200_bins10_ctx05pct_5fold_library_defaults.json,TabICL_regression03/runs/distribution_baselines_context_ratio/distribution_baselines_rows200_bins10_ctx05pct_5fold_library_defaults.json,
ex3-3_context_ratio,5%,catboost,socmob,-0.6682128446,0.7214182895,0.2290283996,0.06638324858,0.1197532658,0.05540988062,0.126,0.007293833012,,,TabICL_regression03/runs/distribution_baselines_context_ratio/distribution_baselines_rows200_bins10_ctx05pct_5fold_library_defaults.json,TabICL_regression03/runs/distribution_baselines_context_ratio/distribution_baselines_rows200_bins10_ctx05pct_5fold_library_defaults.json,
ex3-3_context_ratio,5%,catboost,space_ga,-0.2036996471,0.1787157308,0.2644802192,0.0353028368,0.2186369716,0.03465210492,0.135,0.00756306816,,,TabICL_regression03/runs/distribution_baselines_context_ratio/distribution_baselines_rows200_bins10_ctx05pct_5fold_library_defaults.json,TabICL_regression03/runs/distribution_baselines_context_ratio/distribution_baselines_rows200_bins10_ctx05pct_5fold_library_defaults.json,
ex3-3_context_ratio,5%,catboost,student_performance,-0.1894911352,0.07565865286,0.2176769591,0.01202078854,0.1678626169,0.01085869077,0.119,0.007429670248,,,TabICL_regression03/runs/distribution_baselines_context_ratio/distribution_baselines_rows200_bins10_ctx05pct_5fold_library_defaults.json,TabICL_regression03/runs/distribution_baselines_context_ratio/distribution_baselines_rows200_bins10_ctx05pct_5fold_library_defaults.json,
ex3-3_context_ratio,5%,xgboost,abalone,-0.8463574394,0.2368307498,0.3293515125,0.02973470353,0.254614145,0.02505085469,0.054,0.006870225615,,,TabICL_regression03/runs/distribution_baselines_context_ratio/distribution_baselines_rows200_bins10_ctx05pct_5fold_library_defaults.json,TabICL_regression03/runs/distribution_baselines_context_ratio/distribution_baselines_rows200_bins10_ctx05pct_5fold_library_defaults.json,
ex3-3_context_ratio,5%,xgboost,airfoil_self_noise,-0.3107740267,0.1496323517,0.2650861165,0.02292272644,0.2126006305,0.0203363447,0.069,0.003847076812,,,TabICL_regression03/runs/distribution_baselines_context_ratio/distribution_baselines_rows200_bins10_ctx05pct_5fold_library_defaults.json,TabICL_regression03/runs/distribution_baselines_context_ratio/distribution_baselines_rows200_bins10_ctx05pct_5fold_library_defaults.json,
ex3-3_context_ratio,5%,xgboost,auction_verification,-0.344079392,0.2006812724,0.3466008073,0.03055626445,0.233783346,0.02801294631,0.072,0.005099019514,,,TabICL_regression03/runs/distribution_baselines_context_ratio/distribution_baselines_rows200_bins10_ctx05pct_5fold_library_defaults.json,TabICL_regression03/runs/distribution_baselines_context_ratio/distribution_baselines_rows200_bins10_ctx05pct_5fold_library_defaults.json,
ex3-3_context_ratio,5%,xgboost,boston,0.2382478292,0.07098153884,0.2035742151,0.01194756198,0.1381430768,0.00634873081,0.056,0.005899152482,,,TabICL_regression03/runs/distribution_baselines_context_ratio/distribution_baselines_rows200_bins10_ctx05pct_5fold_library_defaults.json,TabICL_regression03/runs/distribution_baselines_context_ratio/distribution_baselines_rows200_bins10_ctx05pct_5fold_library_defaults.json,
ex3-3_context_ratio,5%,xgboost,cars,-0.4490913519,0.4802631034,0.2674456341,0.04735273786,0.1745546216,0.03125861634,0.062,0.007949842766,,,TabICL_regression03/runs/distribution_baselines_context_ratio/distribution_baselines_rows200_bins10_ctx05pct_5fold_library_defaults.json,TabICL_regression03/runs/distribution_baselines_context_ratio/distribution_baselines_rows200_bins10_ctx05pct_5fold_library_defaults.json,
ex3-3_context_ratio,5%,xgboost,concrete_compressive_strength,-0.1931604368,0.1693060521,0.2737267795,0.02580047289,0.2216914488,0.0195774775,0.042,0.008173126697,,,TabICL_regression03/runs/distribution_baselines_context_ratio/distribution_baselines_rows200_bins10_ctx05pct_5fold_library_defaults.json,TabICL_regression03/runs/distribution_baselines_context_ratio/distribution_baselines_rows200_bins10_ctx05pct_5fold_library_defaults.json,
ex3-3_context_ratio,5%,xgboost,cpu_activity,0.02101854407,0.04973009216,0.1988895297,0.01714049402,0.08780802939,0.008207474558,0.063,0.01196662024,,,TabICL_regression03/runs/distribution_baselines_context_ratio/distribution_baselines_rows200_bins10_ctx05pct_5fold_library_defaults.json,TabICL_regression03/runs/distribution_baselines_context_ratio/distribution_baselines_rows200_bins10_ctx05pct_5fold_library_defaults.json,
ex3-3_context_ratio,5%,xgboost,energy_efficiency,0.4838536397,0.1190071256,0.2150646769,0.02676983606,0.1562993856,0.01892103604,0.075,0.008318653737,,,TabICL_regression03/runs/distribution_baselines_context_ratio/distribution_baselines_rows200_bins10_ctx05pct_5fold_library_defaults.json,TabICL_regression03/runs/distribution_baselines_context_ratio/distribution_baselines_rows200_bins10_ctx05pct_5fold_library_defaults.json,
ex3-3_context_ratio,5%,xgboost,grid_stability,-0.6737780863,0.3192303951,0.3381802962,0.03117352046,0.2773391114,0.02670014803,0.079,0.005761944116,,,TabICL_regression03/runs/distribution_baselines_context_ratio/distribution_baselines_rows200_bins10_ctx05pct_5fold_library_defaults.json,TabICL_regression03/runs/distribution_baselines_context_ratio/distribution_baselines_rows200_bins10_ctx05pct_5fold_library_defaults.json,
ex3-3_context_ratio,5%,xgboost,kin8nm,-0.283777211,0.08239897809,0.2778830995,0.01260540018,0.2188350419,0.01134943482,0.048,0.00632455532,,,TabICL_regression03/runs/distribution_baselines_context_ratio/distribution_baselines_rows200_bins10_ctx05pct_5fold_library_defaults.json,TabICL_regression03/runs/distribution_baselines_context_ratio/distribution_baselines_rows200_bins10_ctx05pct_5fold_library_defaults.json,
ex3-3_context_ratio,5%,xgboost,Moneyball,0.5120246597,0.05347947154,0.1587772823,0.01116059873,0.1253060022,0.009951618294,0.046,0.003633180425,,,TabICL_regression03/runs/distribution_baselines_context_ratio/distribution_baselines_rows200_bins10_ctx05pct_5fold_library_defaults.json,TabICL_regression03/runs/distribution_baselines_context_ratio/distribution_baselines_rows200_bins10_ctx05pct_5fold_library_defaults.json,
ex3-3_context_ratio,5%,xgboost,pumadyn32nh,-0.5658863645,0.09113120879,0.2666991929,0.01101838016,0.2140564058,0.00799227281,0.078,0.00726636085,,,TabICL_regression03/runs/distribution_baselines_context_ratio/distribution_baselines_rows200_bins10_ctx05pct_5fold_library_defaults.json,TabICL_regression03/runs/distribution_baselines_context_ratio/distribution_baselines_rows200_bins10_ctx05pct_5fold_library_defaults.json,
ex3-3_context_ratio,5%,xgboost,QSAR_fish_toxicity,-0.3114266631,0.1647437576,0.2319319679,0.01378029217,0.1768778745,0.007821070638,0.067,0.008648699324,,,TabICL_regression03/runs/distribution_baselines_context_ratio/distribution_baselines_rows200_bins10_ctx05pct_5fold_library_defaults.json,TabICL_regression03/runs/distribution_baselines_context_ratio/distribution_baselines_rows200_bins10_ctx05pct_5fold_library_defaults.json,
ex3-3_context_ratio,5%,xgboost,quake,-1.380355344,0.4676810718,0.403883122,0.03839779244,0.3286745096,0.0374532045,0.075,0.006542170894,,,TabICL_regression03/runs/distribution_baselines_context_ratio/distribution_baselines_rows200_bins10_ctx05pct_5fold_library_defaults.json,TabICL_regression03/runs/distribution_baselines_context_ratio/distribution_baselines_rows200_bins10_ctx05pct_5fold_library_defaults.json,
ex3-3_context_ratio,5%,xgboost,sensory,-0.6178097123,0.227878838,0.3103612177,0.03033104814,0.2452348111,0.02849294451,0.063,0.006841052551,,,TabICL_regression03/runs/distribution_baselines_context_ratio/distribution_baselines_rows200_bins10_ctx05pct_5fold_library_defaults.json,TabICL_regression03/runs/distribution_baselines_context_ratio/distribution_baselines_rows200_bins10_ctx05pct_5fold_library_defaults.json,
ex3-3_context_ratio,5%,xgboost,socmob,0.1854239868,0.1615084211,0.1623076076,0.02850811427,0.07648958443,0.02499586617,0.055,0.006723094526,,,TabICL_regression03/runs/distribution_baselines_context_ratio/distribution_baselines_rows200_bins10_ctx05pct_5fold_library_defaults.json,TabICL_regression03/runs/distribution_baselines_context_ratio/distribution_baselines_rows200_bins10_ctx05pct_5fold_library_defaults.json,
ex3-3_context_ratio,5%,xgboost,space_ga,-0.2507091991,0.164162593,0.2657309123,0.02659086972,0.204253836,0.02408874986,0.079,0.002,,,TabICL_regression03/runs/distribution_baselines_context_ratio/distribution_baselines_rows200_bins10_ctx05pct_5fold_library_defaults.json,TabICL_regression03/runs/distribution_baselines_context_ratio/distribution_baselines_rows200_bins10_ctx05pct_5fold_library_defaults.json,
ex3-3_context_ratio,5%,xgboost,student_performance,-0.34132969,0.07222082281,0.2306833327,0.009415281424,0.177822754,0.008077689892,0.059,0.006260990337,,,TabICL_regression03/runs/distribution_baselines_context_ratio/distribution_baselines_rows200_bins10_ctx05pct_5fold_library_defaults.json,TabICL_regression03/runs/distribution_baselines_context_ratio/distribution_baselines_rows200_bins10_ctx05pct_5fold_library_defaults.json,
ex3-3_context_ratio,5%,gaussian_process,abalone,-0.2705126029,0.1116958782,0.2724129676,0.01131086665,0.2140000019,0.01266907186,0.036,0.006228964601,,,TabICL_regression03/runs/distribution_baselines_context_ratio/distribution_baselines_rows200_bins10_ctx05pct_5fold_library_defaults.json,TabICL_regression03/runs/distribution_baselines_context_ratio/distribution_baselines_rows200_bins10_ctx05pct_5fold_library_defaults.json,
ex3-3_context_ratio,5%,gaussian_process,airfoil_self_noise,-0.1759666441,0.1012367753,0.2494587204,0.01192467902,0.1962909737,0.01152078688,0.047,0.01334166406,,,TabICL_regression03/runs/distribution_baselines_context_ratio/distribution_baselines_rows200_bins10_ctx05pct_5fold_library_defaults.json,TabICL_regression03/runs/distribution_baselines_context_ratio/distribution_baselines_rows200_bins10_ctx05pct_5fold_library_defaults.json,
ex3-3_context_ratio,5%,gaussian_process,auction_verification,-0.1534931396,0.04783180441,0.3259441364,0.01174603087,0.2357592569,0.01365883113,0.066,0.008532291603,,,TabICL_regression03/runs/distribution_baselines_context_ratio/distribution_baselines_rows200_bins10_ctx05pct_5fold_library_defaults.json,TabICL_regression03/runs/distribution_baselines_context_ratio/distribution_baselines_rows200_bins10_ctx05pct_5fold_library_defaults.json,
ex3-3_context_ratio,5%,gaussian_process,boston,0.3745071319,0.03601072896,0.1850403485,0.007604417068,0.1269860358,0.005151380458,0.031,0.002966479395,,,TabICL_regression03/runs/distribution_baselines_context_ratio/distribution_baselines_rows200_bins10_ctx05pct_5fold_library_defaults.json,TabICL_regression03/runs/distribution_baselines_context_ratio/distribution_baselines_rows200_bins10_ctx05pct_5fold_library_defaults.json,
ex3-3_context_ratio,5%,gaussian_process,cars,0.05035447971,0.08737450253,0.2338940917,0.01945796586,0.1563861935,0.01473153911,0.039,0.008671793355,,,TabICL_regression03/runs/distribution_baselines_context_ratio/distribution_baselines_rows200_bins10_ctx05pct_5fold_library_defaults.json,TabICL_regression03/runs/distribution_baselines_context_ratio/distribution_baselines_rows200_bins10_ctx05pct_5fold_library_defaults.json,
ex3-3_context_ratio,5%,gaussian_process,concrete_compressive_strength,-0.1838174716,0.1867891283,0.2729088284,0.0289505811,0.2217413881,0.02523690206,0.024,0.01169615321,,,TabICL_regression03/runs/distribution_baselines_context_ratio/distribution_baselines_rows200_bins10_ctx05pct_5fold_library_defaults.json,TabICL_regression03/runs/distribution_baselines_context_ratio/distribution_baselines_rows200_bins10_ctx05pct_5fold_library_defaults.json,
ex3-3_context_ratio,5%,gaussian_process,cpu_activity,0.1865770889,0.1141465554,0.1736547381,0.0113783832,0.07904177597,0.003653890508,0.039,0.007536577473,,,TabICL_regression03/runs/distribution_baselines_context_ratio/distribution_baselines_rows200_bins10_ctx05pct_5fold_library_defaults.json,TabICL_regression03/runs/distribution_baselines_context_ratio/distribution_baselines_rows200_bins10_ctx05pct_5fold_library_defaults.json,
ex3-3_context_ratio,5%,gaussian_process,energy_efficiency,0.5907862377,0.05903970049,0.1967043006,0.01658748675,0.1480847649,0.01058447625,0.019,0.009316651759,,,TabICL_regression03/runs/distribution_baselines_context_ratio/distribution_baselines_rows200_bins10_ctx05pct_5fold_library_defaults.json,TabICL_regression03/runs/distribution_baselines_context_ratio/distribution_baselines_rows200_bins10_ctx05pct_5fold_library_defaults.json,
ex3-3_context_ratio,5%,gaussian_process,grid_stability,-0.1119122512,0.1642960443,0.27580219,0.02379231242,0.2303131543,0.02027432633,0.039,0.005899152482,,,TabICL_regression03/runs/distribution_baselines_context_ratio/distribution_baselines_rows200_bins10_ctx05pct_5fold_library_defaults.json,TabICL_regression03/runs/distribution_baselines_context_ratio/distribution_baselines_rows200_bins10_ctx05pct_5fold_library_defaults.json,
ex3-3_context_ratio,5%,gaussian_process,kin8nm,-0.03624093621,0.04256361088,0.2501822215,0.00981203556,0.2030054973,0.01060481238,0.028,0.005176871642,,,TabICL_regression03/runs/distribution_baselines_context_ratio/distribution_baselines_rows200_bins10_ctx05pct_5fold_library_defaults.json,TabICL_regression03/runs/distribution_baselines_context_ratio/distribution_baselines_rows200_bins10_ctx05pct_5fold_library_defaults.json,
ex3-3_context_ratio,5%,gaussian_process,Moneyball,0.452045863,0.1125118896,0.1621572422,0.01714544082,0.1208366504,0.01220147028,0.018,0.003033150178,,,TabICL_regression03/runs/distribution_baselines_context_ratio/distribution_baselines_rows200_bins10_ctx05pct_5fold_library_defaults.json,TabICL_regression03/runs/distribution_baselines_context_ratio/distribution_baselines_rows200_bins10_ctx05pct_5fold_library_defaults.json,
ex3-3_context_ratio,5%,gaussian_process,pumadyn32nh,-0.1947131687,0.06099179663,0.2332040655,0.01003116644,0.1894920844,0.009628858483,0.027,0.005215361924,,,TabICL_regression03/runs/distribution_baselines_context_ratio/distribution_baselines_rows200_bins10_ctx05pct_5fold_library_defaults.json,TabICL_regression03/runs/distribution_baselines_context_ratio/distribution_baselines_rows200_bins10_ctx05pct_5fold_library_defaults.json,
ex3-3_context_ratio,5%,gaussian_process,QSAR_fish_toxicity,-0.4566335968,0.3302420789,0.23869483,0.02464741246,0.1823408659,0.01585789105,0.049,0.01899473611,,,TabICL_regression03/runs/distribution_baselines_context_ratio/distribution_baselines_rows200_bins10_ctx05pct_5fold_library_defaults.json,TabICL_regression03/runs/distribution_baselines_context_ratio/distribution_baselines_rows200_bins10_ctx05pct_5fold_library_defaults.json,
ex3-3_context_ratio,5%,gaussian_process,quake,-0.03867144133,0.01467709378,0.2740354305,0.01112004642,0.2225514202,0.01130178678,0.075,0.005099019514,,,TabICL_regression03/runs/distribution_baselines_context_ratio/distribution_baselines_rows200_bins10_ctx05pct_5fold_library_defaults.json,TabICL_regression03/runs/distribution_baselines_context_ratio/distribution_baselines_rows200_bins10_ctx05pct_5fold_library_defaults.json,
ex3-3_context_ratio,5%,gaussian_process,sensory,-0.1691920561,0.1079063944,0.2652428121,0.0183553565,0.2113900575,0.017404296,0.041,0.01211610498,,,TabICL_regression03/runs/distribution_baselines_context_ratio/distribution_baselines_rows200_bins10_ctx05pct_5fold_library_defaults.json,TabICL_regression03/runs/distribution_baselines_context_ratio/distribution_baselines_rows200_bins10_ctx05pct_5fold_library_defaults.json,
ex3-3_context_ratio,5%,gaussian_process,socmob,-0.01611511039,0.1157764729,0.1789288061,0.006136294358,0.0872882256,0.01574419508,0.031,0.007823042886,,,TabICL_regression03/runs/distribution_baselines_context_ratio/distribution_baselines_rows200_bins10_ctx05pct_5fold_library_defaults.json,TabICL_regression03/runs/distribution_baselines_context_ratio/distribution_baselines_rows200_bins10_ctx05pct_5fold_library_defaults.json,
ex3-3_context_ratio,5%,gaussian_process,space_ga,-0.7997495587,0.3555070351,0.320647552,0.04819705808,0.2625102215,0.04524014909,0.059,0.01154123044,,,TabICL_regression03/runs/distribution_baselines_context_ratio/distribution_baselines_rows200_bins10_ctx05pct_5fold_library_defaults.json,TabICL_regression03/runs/distribution_baselines_context_ratio/distribution_baselines_rows200_bins10_ctx05pct_5fold_library_defaults.json,
ex3-3_context_ratio,5%,gaussian_process,student_performance,-0.1357244251,0.05080949453,0.213285487,0.01183175777,0.1626257839,0.01029093445,0.043,0.006228964601,,,TabICL_regression03/runs/distribution_baselines_context_ratio/distribution_baselines_rows200_bins10_ctx05pct_5fold_library_defaults.json,TabICL_regression03/runs/distribution_baselines_context_ratio/distribution_baselines_rows200_bins10_ctx05pct_5fold_library_defaults.json,
ex3-3_context_ratio,5%,conformal_quantile,abalone,-0.8463580703,0.2368310505,0.329351567,0.02973473796,0.2546141879,0.02505087725,0.064,0.004335896678,,,TabICL_regression03/runs/distribution_baselines_context_ratio/distribution_baselines_rows200_bins10_ctx05pct_5fold_library_defaults.json,TabICL_regression03/runs/distribution_baselines_context_ratio/distribution_baselines_rows200_bins10_ctx05pct_5fold_library_defaults.json,
ex3-3_context_ratio,5%,conformal_quantile,airfoil_self_noise,-0.310774219,0.1496321468,0.2650861418,0.02292271099,0.2126006871,0.02033634014,0.056,0.003464101615,,,TabICL_regression03/runs/distribution_baselines_context_ratio/distribution_baselines_rows200_bins10_ctx05pct_5fold_library_defaults.json,TabICL_regression03/runs/distribution_baselines_context_ratio/distribution_baselines_rows200_bins10_ctx05pct_5fold_library_defaults.json,
ex3-3_context_ratio,5%,conformal_quantile,auction_verification,-0.3440792164,0.2006811918,0.346600789,0.03055624974,0.2337834241,0.02801295657,0.072,0.006066300355,,,TabICL_regression03/runs/distribution_baselines_context_ratio/distribution_baselines_rows200_bins10_ctx05pct_5fold_library_defaults.json,TabICL_regression03/runs/distribution_baselines_context_ratio/distribution_baselines_rows200_bins10_ctx05pct_5fold_library_defaults.json,
ex3-3_context_ratio,5%,conformal_quantile,boston,0.2382496674,0.07098101731,0.2035739431,0.01194733208,0.1381425676,0.00634846404,0.055,0.006723094526,,,TabICL_regression03/runs/distribution_baselines_context_ratio/distribution_baselines_rows200_bins10_ctx05pct_5fold_library_defaults.json,TabICL_regression03/runs/distribution_baselines_context_ratio/distribution_baselines_rows200_bins10_ctx05pct_5fold_library_defaults.json,
ex3-3_context_ratio,5%,conformal_quantile,cars,-0.449091346,0.4802630967,0.2674456354,0.04735273593,0.174554619,0.0312586161,0.057,0.007797435476,,,TabICL_regression03/runs/distribution_baselines_context_ratio/distribution_baselines_rows200_bins10_ctx05pct_5fold_library_defaults.json,TabICL_regression03/runs/distribution_baselines_context_ratio/distribution_baselines_rows200_bins10_ctx05pct_5fold_library_defaults.json,
ex3-3_context_ratio,5%,conformal_quantile,concrete_compressive_strength,-0.1931542247,0.1693070906,0.2737259995,0.02580051697,0.2216910876,0.0195774154,0.042,0.008173126697,,,TabICL_regression03/runs/distribution_baselines_context_ratio/distribution_baselines_rows200_bins10_ctx05pct_5fold_library_defaults.json,TabICL_regression03/runs/distribution_baselines_context_ratio/distribution_baselines_rows200_bins10_ctx05pct_5fold_library_defaults.json,
ex3-3_context_ratio,5%,conformal_quantile,cpu_activity,0.02101848907,0.04973016067,0.1988895328,0.01714049388,0.087808007,0.008207489444,0.065,0.01044988038,,,TabICL_regression03/runs/distribution_baselines_context_ratio/distribution_baselines_rows200_bins10_ctx05pct_5fold_library_defaults.json,TabICL_regression03/runs/distribution_baselines_context_ratio/distribution_baselines_rows200_bins10_ctx05pct_5fold_library_defaults.json,
ex3-3_context_ratio,5%,conformal_quantile,energy_efficiency,0.4838536338,0.1190071198,0.2150646786,0.026769835,0.1562993877,0.01892103619,0.073,0.008485281374,,,TabICL_regression03/runs/distribution_baselines_context_ratio/distribution_baselines_rows200_bins10_ctx05pct_5fold_library_defaults.json,TabICL_regression03/runs/distribution_baselines_context_ratio/distribution_baselines_rows200_bins10_ctx05pct_5fold_library_defaults.json,
ex3-3_context_ratio,5%,conformal_quantile,grid_stability,-0.673792997,0.3192272747,0.3381818805,0.0311722998,0.2773405369,0.0266992146,0.072,0.00692820323,,,TabICL_regression03/runs/distribution_baselines_context_ratio/distribution_baselines_rows200_bins10_ctx05pct_5fold_library_defaults.json,TabICL_regression03/runs/distribution_baselines_context_ratio/distribution_baselines_rows200_bins10_ctx05pct_5fold_library_defaults.json,
ex3-3_context_ratio,5%,conformal_quantile,kin8nm,-0.2837064319,0.08235676288,0.2778760781,0.01260235022,0.2188271014,0.01134510626,0.037,0.008074651695,,,TabICL_regression03/runs/distribution_baselines_context_ratio/distribution_baselines_rows200_bins10_ctx05pct_5fold_library_defaults.json,TabICL_regression03/runs/distribution_baselines_context_ratio/distribution_baselines_rows200_bins10_ctx05pct_5fold_library_defaults.json,
ex3-3_context_ratio,5%,conformal_quantile,Moneyball,0.5120247676,0.05347958371,0.1587772536,0.01116061537,0.125305984,0.009951629233,0.047,0.002607680962,,,TabICL_regression03/runs/distribution_baselines_context_ratio/distribution_baselines_rows200_bins10_ctx05pct_5fold_library_defaults.json,TabICL_regression03/runs/distribution_baselines_context_ratio/distribution_baselines_rows200_bins10_ctx05pct_5fold_library_defaults.json,
ex3-3_context_ratio,5%,conformal_quantile,pumadyn32nh,-0.5659440949,0.09114491824,0.266703953,0.01101922466,0.2140582453,0.007992565578,0.078,0.006723094526,,,TabICL_regression03/runs/distribution_baselines_context_ratio/distribution_baselines_rows200_bins10_ctx05pct_5fold_library_defaults.json,TabICL_regression03/runs/distribution_baselines_context_ratio/distribution_baselines_rows200_bins10_ctx05pct_5fold_library_defaults.json,
ex3-3_context_ratio,5%,conformal_quantile,QSAR_fish_toxicity,-0.3114265915,0.1647432363,0.231931987,0.01378025387,0.1768778976,0.007821053494,0.067,0.009316651759,,,TabICL_regression03/runs/distribution_baselines_context_ratio/distribution_baselines_rows200_bins10_ctx05pct_5fold_library_defaults.json,TabICL_regression03/runs/distribution_baselines_context_ratio/distribution_baselines_rows200_bins10_ctx05pct_5fold_library_defaults.json,
ex3-3_context_ratio,5%,conformal_quantile,quake,-1.380354016,0.46767995,0.4038830418,0.03839773824,0.3286744924,0.03745313518,0.064,0.005215361924,,,TabICL_regression03/runs/distribution_baselines_context_ratio/distribution_baselines_rows200_bins10_ctx05pct_5fold_library_defaults.json,TabICL_regression03/runs/distribution_baselines_context_ratio/distribution_baselines_rows200_bins10_ctx05pct_5fold_library_defaults.json,
ex3-3_context_ratio,5%,conformal_quantile,sensory,-0.6178100437,0.2278790438,0.3103612453,0.03033106573,0.2452348351,0.02849295614,0.063,0.008786353055,,,TabICL_regression03/runs/distribution_baselines_context_ratio/distribution_baselines_rows200_bins10_ctx05pct_5fold_library_defaults.json,TabICL_regression03/runs/distribution_baselines_context_ratio/distribution_baselines_rows200_bins10_ctx05pct_5fold_library_defaults.json,
ex3-3_context_ratio,5%,conformal_quantile,socmob,0.1854179009,0.1615114425,0.1623082543,0.02850855817,0.07649100609,0.02499708913,0.055,0.006542170894,,,TabICL_regression03/runs/distribution_baselines_context_ratio/distribution_baselines_rows200_bins10_ctx05pct_5fold_library_defaults.json,TabICL_regression03/runs/distribution_baselines_context_ratio/distribution_baselines_rows200_bins10_ctx05pct_5fold_library_defaults.json,
ex3-3_context_ratio,5%,conformal_quantile,space_ga,-0.250717984,0.1641663909,0.2657318328,0.0265913618,0.204256046,0.02408953224,0.079,0.003633180425,,,TabICL_regression03/runs/distribution_baselines_context_ratio/distribution_baselines_rows200_bins10_ctx05pct_5fold_library_defaults.json,TabICL_regression03/runs/distribution_baselines_context_ratio/distribution_baselines_rows200_bins10_ctx05pct_5fold_library_defaults.json,
ex3-3_context_ratio,5%,conformal_quantile,student_performance,-0.3410674387,0.07235088354,0.230655116,0.009403664558,0.1778012584,0.008065666746,0.076,0.004604345773,,,TabICL_regression03/runs/distribution_baselines_context_ratio/distribution_baselines_rows200_bins10_ctx05pct_5fold_library_defaults.json,TabICL_regression03/runs/distribution_baselines_context_ratio/distribution_baselines_rows200_bins10_ctx05pct_5fold_library_defaults.json,
ex3-3_context_ratio,10%,Diffusion_DDPM500_repeats100,abalone,0.1318031606,0.0525018824,0.2260364968,0.00875786356,0.1685409648,0.00438439347,0.033,0.006480740698,3.867078615,0.5475355184,TabICL_regression03/runs/6M/context_ratio_ddpm500_repeats100/step-120000_ddpm500_rows200_repeats100_ctx10pct_5fold.json,TabICL_regression03/runs/6M/context_ratio_ddpm500_repeats100/step-120000_ddpm500_rows200_repeats100_ctx10pct_5fold_bins10-uncertainty.json,
ex3-3_context_ratio,10%,Diffusion_DDPM500_repeats100,airfoil_self_noise,-0.004463437276,0.04885046239,0.2319014448,0.01068662181,0.1864958721,0.01143785759,0.011,0.00316227766,3.955831985,0.211866543,TabICL_regression03/runs/6M/context_ratio_ddpm500_repeats100/step-120000_ddpm500_rows200_repeats100_ctx10pct_5fold.json,TabICL_regression03/runs/6M/context_ratio_ddpm500_repeats100/step-120000_ddpm500_rows200_repeats100_ctx10pct_5fold_bins10-uncertainty.json,
ex3-3_context_ratio,10%,Diffusion_DDPM500_repeats100,auction_verification,-0.0116898123,0.08338972822,0.3049297561,0.01740238998,0.2313946538,0.0146781721,0.061,0.006418722614,4.076719401,0.4714203286,TabICL_regression03/runs/6M/context_ratio_ddpm500_repeats100/step-120000_ddpm500_rows200_repeats100_ctx10pct_5fold.json,TabICL_regression03/runs/6M/context_ratio_ddpm500_repeats100/step-120000_ddpm500_rows200_repeats100_ctx10pct_5fold_bins10-uncertainty.json,
ex3-3_context_ratio,10%,Diffusion_DDPM500_repeats100,boston,0.1583365459,0.03972758659,0.2151865665,0.009572518642,0.165545549,0.008517612275,0.051,0.009011104261,4.78864109,0.7126806551,TabICL_regression03/runs/6M/context_ratio_ddpm500_repeats100/step-120000_ddpm500_rows200_repeats100_ctx10pct_5fold.json,TabICL_regression03/runs/6M/context_ratio_ddpm500_repeats100/step-120000_ddpm500_rows200_repeats100_ctx10pct_5fold_bins10-uncertainty.json,
ex3-3_context_ratio,10%,Diffusion_DDPM500_repeats100,cars,0.1545020183,0.03163039423,0.220671686,0.01409042593,0.1749261479,0.01400399321,0.058,0.008532291603,4.931928013,0.896180825,TabICL_regression03/runs/6M/context_ratio_ddpm500_repeats100/step-120000_ddpm500_rows200_repeats100_ctx10pct_5fold.json,TabICL_regression03/runs/6M/context_ratio_ddpm500_repeats100/step-120000_ddpm500_rows200_repeats100_ctx10pct_5fold_bins10-uncertainty.json,
ex3-3_context_ratio,10%,Diffusion_DDPM500_repeats100,concrete_compressive_strength,-0.06041622769,0.07267426231,0.2575494208,0.008037068234,0.2049621519,0.008315795794,0.037,0.005403702434,4.946381755,0.4318418423,TabICL_regression03/runs/6M/context_ratio_ddpm500_repeats100/step-120000_ddpm500_rows200_repeats100_ctx10pct_5fold.json,TabICL_regression03/runs/6M/context_ratio_ddpm500_repeats100/step-120000_ddpm500_rows200_repeats100_ctx10pct_5fold_bins10-uncertainty.json,
ex3-3_context_ratio,10%,Diffusion_DDPM500_repeats100,cpu_activity,0.03211503067,0.0282892673,0.1973981231,0.01459329597,0.1194290893,0.01860237742,0.09,0.01154123044,4.835134239,1.007944371,TabICL_regression03/runs/6M/context_ratio_ddpm500_repeats100/step-120000_ddpm500_rows200_repeats100_ctx10pct_5fold.json,TabICL_regression03/runs/6M/context_ratio_ddpm500_repeats100/step-120000_ddpm500_rows200_repeats100_ctx10pct_5fold_bins10-uncertainty.json,
ex3-3_context_ratio,10%,Diffusion_DDPM500_repeats100,energy_efficiency,0.2324247153,0.1845249716,0.2630163926,0.02628887689,0.2197427654,0.01532281311,0.047,0.004898979486,4.488386828,0.4941686715,TabICL_regression03/runs/6M/context_ratio_ddpm500_repeats100/step-120000_ddpm500_rows200_repeats100_ctx10pct_5fold.json,TabICL_regression03/runs/6M/context_ratio_ddpm500_repeats100/step-120000_ddpm500_rows200_repeats100_ctx10pct_5fold_bins10-uncertainty.json,
ex3-3_context_ratio,10%,Diffusion_DDPM500_repeats100,grid_stability,-0.02140215207,0.02663852489,0.2694843701,0.006908166015,0.2289046003,0.008298571401,0.041,0.007071067812,5.141877119,0.2488868323,TabICL_regression03/runs/6M/context_ratio_ddpm500_repeats100/step-120000_ddpm500_rows200_repeats100_ctx10pct_5fold.json,TabICL_regression03/runs/6M/context_ratio_ddpm500_repeats100/step-120000_ddpm500_rows200_repeats100_ctx10pct_5fold_bins10-uncertainty.json,
ex3-3_context_ratio,10%,Diffusion_DDPM500_repeats100,kin8nm,-0.000359110214,0.02689367458,0.2460728389,0.009903078838,0.1986863554,0.01105957687,0.045,0.003633180425,5.587920737,0.2488353168,TabICL_regression03/runs/6M/context_ratio_ddpm500_repeats100/step-120000_ddpm500_rows200_repeats100_ctx10pct_5fold.json,TabICL_regression03/runs/6M/context_ratio_ddpm500_repeats100/step-120000_ddpm500_rows200_repeats100_ctx10pct_5fold_bins10-uncertainty.json,
ex3-3_context_ratio,10%,Diffusion_DDPM500_repeats100,Moneyball,0.08477590131,0.05043255396,0.2193778222,0.01108689811,0.1780789941,0.01162391013,0.036,0.0045607017,4.691063442,0.4655611817,TabICL_regression03/runs/6M/context_ratio_ddpm500_repeats100/step-120000_ddpm500_rows200_repeats100_ctx10pct_5fold.json,TabICL_regression03/runs/6M/context_ratio_ddpm500_repeats100/step-120000_ddpm500_rows200_repeats100_ctx10pct_5fold_bins10-uncertainty.json,
ex3-3_context_ratio,10%,Diffusion_DDPM500_repeats100,pumadyn32nh,-0.1168024969,0.03399822674,0.2257736337,0.008723718759,0.1782167059,0.008722876461,0.042,0.008648699324,5.121864381,0.7538638686,TabICL_regression03/runs/6M/context_ratio_ddpm500_repeats100/step-120000_ddpm500_rows200_repeats100_ctx10pct_5fold.json,TabICL_regression03/runs/6M/context_ratio_ddpm500_repeats100/step-120000_ddpm500_rows200_repeats100_ctx10pct_5fold_bins10-uncertainty.json,
ex3-3_context_ratio,10%,Diffusion_DDPM500_repeats100,QSAR_fish_toxicity,0.08270493187,0.02271258366,0.1977324762,0.01079609692,0.1550639116,0.01195073474,0.046,0.006228964601,4.993468898,0.6139872477,TabICL_regression03/runs/6M/context_ratio_ddpm500_repeats100/step-120000_ddpm500_rows200_repeats100_ctx10pct_5fold.json,TabICL_regression03/runs/6M/context_ratio_ddpm500_repeats100/step-120000_ddpm500_rows200_repeats100_ctx10pct_5fold_bins10-uncertainty.json,
ex3-3_context_ratio,10%,Diffusion_DDPM500_repeats100,quake,-0.1153908122,0.03681536941,0.283330391,0.00956992508,0.2334046202,0.01111012398,0.034,0.004242640687,4.16565381,0.3678743136,TabICL_regression03/runs/6M/context_ratio_ddpm500_repeats100/step-120000_ddpm500_rows200_repeats100_ctx10pct_5fold.json,TabICL_regression03/runs/6M/context_ratio_ddpm500_repeats100/step-120000_ddpm500_rows200_repeats100_ctx10pct_5fold_bins10-uncertainty.json,
ex3-3_context_ratio,10%,Diffusion_DDPM500_repeats100,sensory,-0.1136457938,0.1064251881,0.258586615,0.01768450583,0.2058489795,0.013979609,0.032,0.00554977477,4.868183065,0.6395943597,TabICL_regression03/runs/6M/context_ratio_ddpm500_repeats100/step-120000_ddpm500_rows200_repeats100_ctx10pct_5fold.json,TabICL_regression03/runs/6M/context_ratio_ddpm500_repeats100/step-120000_ddpm500_rows200_repeats100_ctx10pct_5fold_bins10-uncertainty.json,
ex3-3_context_ratio,10%,Diffusion_DDPM500_repeats100,socmob,-0.09921689375,0.1886879927,0.1930187378,0.03060600152,0.1201746667,0.03973391555,0.088,0.004604345773,4.15955353,1.872641487,TabICL_regression03/runs/6M/context_ratio_ddpm500_repeats100/step-120000_ddpm500_rows200_repeats100_ctx10pct_5fold.json,TabICL_regression03/runs/6M/context_ratio_ddpm500_repeats100/step-120000_ddpm500_rows200_repeats100_ctx10pct_5fold_bins10-uncertainty.json,
ex3-3_context_ratio,10%,Diffusion_DDPM500_repeats100,space_ga,0.07426458402,0.01216256528,0.230408116,0.01667447943,0.1811954474,0.01910322607,0.04,0.007823042886,4.546899913,0.5445828872,TabICL_regression03/runs/6M/context_ratio_ddpm500_repeats100/step-120000_ddpm500_rows200_repeats100_ctx10pct_5fold.json,TabICL_regression03/runs/6M/context_ratio_ddpm500_repeats100/step-120000_ddpm500_rows200_repeats100_ctx10pct_5fold_bins10-uncertainty.json,
ex3-3_context_ratio,10%,Diffusion_DDPM500_repeats100,student_performance,-0.2445268974,0.1300612446,0.2228813418,0.01918480879,0.1692641112,0.01593773416,0.045,0.008786353055,5.173195141,0.9495649124,TabICL_regression03/runs/6M/context_ratio_ddpm500_repeats100/step-120000_ddpm500_rows200_repeats100_ctx10pct_5fold.json,TabICL_regression03/runs/6M/context_ratio_ddpm500_repeats100/step-120000_ddpm500_rows200_repeats100_ctx10pct_5fold_bins10-uncertainty.json,
ex3-3_context_ratio,10%,nanoTabPFN,abalone,-0.1974418948,0.2211815318,0.2598340582,0.0231984965,0.1974296253,0.01716493368,0.061,0.009899494937,1.87100579,0.1617879194,nanoTabPFN_version10_original02/6M/context_ratio/model_step_0120000_rows200_bins10_ctx10pct_5fold_eval.json,nanoTabPFN_version10_original02/6M/context_ratio/model_step_0120000_rows200_bins10_ctx10pct_5fold_eval.json,
ex3-3_context_ratio,10%,nanoTabPFN,airfoil_self_noise,0.1514598912,0.07586145451,0.2120131445,0.01225637002,0.1653307409,0.009921191869,0.053,0.00692820323,2.28490161,0.2348028753,nanoTabPFN_version10_original02/6M/context_ratio/model_step_0120000_rows200_bins10_ctx10pct_5fold_eval.json,nanoTabPFN_version10_original02/6M/context_ratio/model_step_0120000_rows200_bins10_ctx10pct_5fold_eval.json,
ex3-3_context_ratio,10%,nanoTabPFN,auction_verification,0.2934035565,0.08652579565,0.2530474987,0.01887975771,0.1570595888,0.009737302777,0.069,0.01033440855,1.263740286,0.1934652814,nanoTabPFN_version10_original02/6M/context_ratio/model_step_0120000_rows200_bins10_ctx10pct_5fold_eval.json,nanoTabPFN_version10_original02/6M/context_ratio/model_step_0120000_rows200_bins10_ctx10pct_5fold_eval.json,
ex3-3_context_ratio,10%,nanoTabPFN,boston,0.594204697,0.09264138813,0.1435592915,0.01528321938,0.1007755598,0.01040964926,0.048,0.01015874008,1.290994749,0.1777097798,nanoTabPFN_version10_original02/6M/context_ratio/model_step_0120000_rows200_bins10_ctx10pct_5fold_eval.json,nanoTabPFN_version10_original02/6M/context_ratio/model_step_0120000_rows200_bins10_ctx10pct_5fold_eval.json,
ex3-3_context_ratio,10%,nanoTabPFN,cars,0.66656046,0.04275498718,0.1382475536,0.01352154664,0.09589275003,0.01064423978,0.063,0.00438178046,1.136980945,0.08853771379,nanoTabPFN_version10_original02/6M/context_ratio/model_step_0120000_rows200_bins10_ctx10pct_5fold_eval.json,nanoTabPFN_version10_original02/6M/context_ratio/model_step_0120000_rows200_bins10_ctx10pct_5fold_eval.json,
ex3-3_context_ratio,10%,nanoTabPFN,concrete_compressive_strength,0.3176513149,0.09830218835,0.2041920872,0.0136882746,0.1595834457,0.01143919774,0.044,0.006,1.779922602,0.238067412,nanoTabPFN_version10_original02/6M/context_ratio/model_step_0120000_rows200_bins10_ctx10pct_5fold_eval.json,nanoTabPFN_version10_original02/6M/context_ratio/model_step_0120000_rows200_bins10_ctx10pct_5fold_eval.json,
ex3-3_context_ratio,10%,nanoTabPFN,cpu_activity,0.4066310028,0.1206718826,0.150774886,0.02178091336,0.06375489496,0.005016819145,0.045,0.007127411872,0.8838015257,0.1982087529,nanoTabPFN_version10_original02/6M/context_ratio/model_step_0120000_rows200_bins10_ctx10pct_5fold_eval.json,nanoTabPFN_version10_original02/6M/context_ratio/model_step_0120000_rows200_bins10_ctx10pct_5fold_eval.json,
ex3-3_context_ratio,10%,nanoTabPFN,energy_efficiency,0.7868780721,0.06057731636,0.1356166249,0.02050267516,0.09270981216,0.01276463074,0.051,0.005215361924,0.9724867653,0.1165712352,nanoTabPFN_version10_original02/6M/context_ratio/model_step_0120000_rows200_bins10_ctx10pct_5fold_eval.json,nanoTabPFN_version10_original02/6M/context_ratio/model_step_0120000_rows200_bins10_ctx10pct_5fold_eval.json,
ex3-3_context_ratio,10%,nanoTabPFN,grid_stability,0.1884798072,0.06572903335,0.2403451256,0.01446295007,0.1969277931,0.01129810731,0.031,0.003577708764,2.468542214,0.1291397481,nanoTabPFN_version10_original02/6M/context_ratio/model_step_0120000_rows200_bins10_ctx10pct_5fold_eval.json,nanoTabPFN_version10_original02/6M/context_ratio/model_step_0120000_rows200_bins10_ctx10pct_5fold_eval.json,
ex3-3_context_ratio,10%,nanoTabPFN,kin8nm,-0.07054153612,0.09174046593,0.2539491391,0.01582756702,0.2070553609,0.01496668729,0.038,0.005215361924,2.697002855,0.1421836499,nanoTabPFN_version10_original02/6M/context_ratio/model_step_0120000_rows200_bins10_ctx10pct_5fold_eval.json,nanoTabPFN_version10_original02/6M/context_ratio/model_step_0120000_rows200_bins10_ctx10pct_5fold_eval.json,
ex3-3_context_ratio,10%,nanoTabPFN,Moneyball,0.7979174945,0.03005760884,0.101398131,0.007525298216,0.07765464478,0.005553459174,0.037,0.01063954886,1.17942506,0.07967790268,nanoTabPFN_version10_original02/6M/context_ratio/model_step_0120000_rows200_bins10_ctx10pct_5fold_eval.json,nanoTabPFN_version10_original02/6M/context_ratio/model_step_0120000_rows200_bins10_ctx10pct_5fold_eval.json,
ex3-3_context_ratio,10%,nanoTabPFN,pumadyn32nh,-0.4448586296,0.06696075509,0.2558476829,0.006372626628,0.2055871552,0.004395830796,0.064,0.008786353055,2.088377785,0.1998752252,nanoTabPFN_version10_original02/6M/context_ratio/model_step_0120000_rows200_bins10_ctx10pct_5fold_eval.json,nanoTabPFN_version10_original02/6M/context_ratio/model_step_0120000_rows200_bins10_ctx10pct_5fold_eval.json,
ex3-3_context_ratio,10%,nanoTabPFN,QSAR_fish_toxicity,0.2079200334,0.07715020062,0.1810406803,0.007489241747,0.1343644114,0.006973350007,0.042,0.002607680962,1.898321227,0.1534958154,nanoTabPFN_version10_original02/6M/context_ratio/model_step_0120000_rows200_bins10_ctx10pct_5fold_eval.json,nanoTabPFN_version10_original02/6M/context_ratio/model_step_0120000_rows200_bins10_ctx10pct_5fold_eval.json,
ex3-3_context_ratio,10%,nanoTabPFN,quake,-0.7808240471,0.1924127318,0.3556922327,0.02127016089,0.2836001639,0.0209082494,0.075,0.007348469228,1.78414367,0.6306366167,nanoTabPFN_version10_original02/6M/context_ratio/model_step_0120000_rows200_bins10_ctx10pct_5fold_eval.json,nanoTabPFN_version10_original02/6M/context_ratio/model_step_0120000_rows200_bins10_ctx10pct_5fold_eval.json,
ex3-3_context_ratio,10%,nanoTabPFN,sensory,-0.1751069602,0.1471157053,0.26593093,0.02415737984,0.2107885379,0.02010377111,0.036,0.006723094526,2.589259388,0.3566412328,nanoTabPFN_version10_original02/6M/context_ratio/model_step_0120000_rows200_bins10_ctx10pct_5fold_eval.json,nanoTabPFN_version10_original02/6M/context_ratio/model_step_0120000_rows200_bins10_ctx10pct_5fold_eval.json,
ex3-3_context_ratio,10%,nanoTabPFN,socmob,0.3824513593,0.1402793392,0.1387331265,0.01841766246,0.05559260435,0.01013753079,0.07,0.01082589488,0.4240116313,0.1224157159,nanoTabPFN_version10_original02/6M/context_ratio/model_step_0120000_rows200_bins10_ctx10pct_5fold_eval.json,nanoTabPFN_version10_original02/6M/context_ratio/model_step_0120000_rows200_bins10_ctx10pct_5fold_eval.json,
ex3-3_context_ratio,10%,nanoTabPFN,space_ga,0.2709953958,0.07244994739,0.2021904976,0.01597006645,0.1569243606,0.01774395363,0.054,0.004,1.633154242,0.1116545537,nanoTabPFN_version10_original02/6M/context_ratio/model_step_0120000_rows200_bins10_ctx10pct_5fold_eval.json,nanoTabPFN_version10_original02/6M/context_ratio/model_step_0120000_rows200_bins10_ctx10pct_5fold_eval.json,
ex3-3_context_ratio,10%,nanoTabPFN,student_performance,-0.6218746167,0.2502477667,0.2491140457,0.0174369596,0.1857183495,0.01720904819,0.049,0.005176871642,2.561411908,0.3888323928,nanoTabPFN_version10_original02/6M/context_ratio/model_step_0120000_rows200_bins10_ctx10pct_5fold_eval.json,nanoTabPFN_version10_original02/6M/context_ratio/model_step_0120000_rows200_bins10_ctx10pct_5fold_eval.json,
ex3-3_context_ratio,10%,ngboost,abalone,0.1511877914,0.06854853879,0.2224736158,0.00775074602,0.1683126204,0.003948882974,0.151,0.001673320053,,,TabICL_regression03/runs/distribution_baselines_context_ratio/distribution_baselines_rows200_bins10_ctx10pct_5fold_library_defaults.json,TabICL_regression03/runs/distribution_baselines_context_ratio/distribution_baselines_rows200_bins10_ctx10pct_5fold_library_defaults.json,
ex3-3_context_ratio,10%,ngboost,airfoil_self_noise,0.162892033,0.1039657997,0.2077691443,0.009644289032,0.1692041541,0.01090416623,0.16,5.551115123e-18,,,TabICL_regression03/runs/distribution_baselines_context_ratio/distribution_baselines_rows200_bins10_ctx10pct_5fold_library_defaults.json,TabICL_regression03/runs/distribution_baselines_context_ratio/distribution_baselines_rows200_bins10_ctx10pct_5fold_library_defaults.json,
ex3-3_context_ratio,10%,ngboost,auction_verification,0.2430744769,0.2203883586,0.2533417533,0.0425311308,0.1576364192,0.03132299791,0.149,0.004335896678,,,TabICL_regression03/runs/distribution_baselines_context_ratio/distribution_baselines_rows200_bins10_ctx10pct_5fold_library_defaults.json,TabICL_regression03/runs/distribution_baselines_context_ratio/distribution_baselines_rows200_bins10_ctx10pct_5fold_library_defaults.json,
ex3-3_context_ratio,10%,ngboost,boston,0.6400363049,0.02782426397,0.1406160386,0.008693374817,0.1057124813,0.006856666311,0.16,9.614813432e-18,,,TabICL_regression03/runs/distribution_baselines_context_ratio/distribution_baselines_rows200_bins10_ctx10pct_5fold_library_defaults.json,TabICL_regression03/runs/distribution_baselines_context_ratio/distribution_baselines_rows200_bins10_ctx10pct_5fold_library_defaults.json,
ex3-3_context_ratio,10%,ngboost,cars,0.631640525,0.08649336872,0.1406152783,0.01851851278,0.08868994443,0.0128792295,0.148,0.003898717738,,,TabICL_regression03/runs/distribution_baselines_context_ratio/distribution_baselines_rows200_bins10_ctx10pct_5fold_library_defaults.json,TabICL_regression03/runs/distribution_baselines_context_ratio/distribution_baselines_rows200_bins10_ctx10pct_5fold_library_defaults.json,
ex3-3_context_ratio,10%,ngboost,concrete_compressive_strength,0.01279568599,0.08439993996,0.2487741812,0.01409263888,0.2050627838,0.01259720965,0.16,1.110223025e-17,,,TabICL_regression03/runs/distribution_baselines_context_ratio/distribution_baselines_rows200_bins10_ctx10pct_5fold_library_defaults.json,TabICL_regression03/runs/distribution_baselines_context_ratio/distribution_baselines_rows200_bins10_ctx10pct_5fold_library_defaults.json,
ex3-3_context_ratio,10%,ngboost,cpu_activity,0.4742372077,0.1340432873,0.1344256493,0.01758382598,0.06375771369,0.004863622235,0.16,5.551115123e-18,,,TabICL_regression03/runs/distribution_baselines_context_ratio/distribution_baselines_rows200_bins10_ctx10pct_5fold_library_defaults.json,TabICL_regression03/runs/distribution_baselines_context_ratio/distribution_baselines_rows200_bins10_ctx10pct_5fold_library_defaults.json,
ex3-3_context_ratio,10%,ngboost,energy_efficiency,0.7940498632,0.08272991888,0.1281807521,0.02307740752,0.08498560186,0.01674465322,0.159,0.000894427191,,,TabICL_regression03/runs/distribution_baselines_context_ratio/distribution_baselines_rows200_bins10_ctx10pct_5fold_library_defaults.json,TabICL_regression03/runs/distribution_baselines_context_ratio/distribution_baselines_rows200_bins10_ctx10pct_5fold_library_defaults.json,
ex3-3_context_ratio,10%,ngboost,grid_stability,-0.08556864333,0.1138722913,0.2754521013,0.01501729086,0.2246576919,0.01377970743,0.16,7.850462293e-18,,,TabICL_regression03/runs/distribution_baselines_context_ratio/distribution_baselines_rows200_bins10_ctx10pct_5fold_library_defaults.json,TabICL_regression03/runs/distribution_baselines_context_ratio/distribution_baselines_rows200_bins10_ctx10pct_5fold_library_defaults.json,
ex3-3_context_ratio,10%,ngboost,kin8nm,-0.2376144675,0.1020960048,0.270749248,0.006434815638,0.2171864859,0.00746777689,0.16,5.551115123e-18,,,TabICL_regression03/runs/distribution_baselines_context_ratio/distribution_baselines_rows200_bins10_ctx10pct_5fold_library_defaults.json,TabICL_regression03/runs/distribution_baselines_context_ratio/distribution_baselines_rows200_bins10_ctx10pct_5fold_library_defaults.json,
ex3-3_context_ratio,10%,ngboost,Moneyball,0.7154979642,0.02960587098,0.1219557535,0.008744121624,0.09821330951,0.006877137743,0.16,0,,,TabICL_regression03/runs/distribution_baselines_context_ratio/distribution_baselines_rows200_bins10_ctx10pct_5fold_library_defaults.json,TabICL_regression03/runs/distribution_baselines_context_ratio/distribution_baselines_rows200_bins10_ctx10pct_5fold_library_defaults.json,
ex3-3_context_ratio,10%,ngboost,pumadyn32nh,-0.7304210503,0.1765914943,0.279803541,0.01808643418,0.2235696952,0.01793154565,0.16,0,,,TabICL_regression03/runs/distribution_baselines_context_ratio/distribution_baselines_rows200_bins10_ctx10pct_5fold_library_defaults.json,TabICL_regression03/runs/distribution_baselines_context_ratio/distribution_baselines_rows200_bins10_ctx10pct_5fold_library_defaults.json,
ex3-3_context_ratio,10%,ngboost,QSAR_fish_toxicity,0.1210772128,0.09526558035,0.1909842983,0.0105613184,0.1500854328,0.01001288836,0.16,5.551115123e-18,,,TabICL_regression03/runs/distribution_baselines_context_ratio/distribution_baselines_rows200_bins10_ctx10pct_5fold_library_defaults.json,TabICL_regression03/runs/distribution_baselines_context_ratio/distribution_baselines_rows200_bins10_ctx10pct_5fold_library_defaults.json,
ex3-3_context_ratio,10%,ngboost,quake,-0.4856723514,0.1218804055,0.3245397751,0.008995692019,0.2599999323,0.0113178125,0.154,0.00219089023,,,TabICL_regression03/runs/distribution_baselines_context_ratio/distribution_baselines_rows200_bins10_ctx10pct_5fold_library_defaults.json,TabICL_regression03/runs/distribution_baselines_context_ratio/distribution_baselines_rows200_bins10_ctx10pct_5fold_library_defaults.json,
ex3-3_context_ratio,10%,ngboost,sensory,-0.7075525926,0.21701442,0.3199382597,0.02778294928,0.263350046,0.02392362305,0.16,1.110223025e-17,,,TabICL_regression03/runs/distribution_baselines_context_ratio/distribution_baselines_rows200_bins10_ctx10pct_5fold_library_defaults.json,TabICL_regression03/runs/distribution_baselines_context_ratio/distribution_baselines_rows200_bins10_ctx10pct_5fold_library_defaults.json,
ex3-3_context_ratio,10%,ngboost,socmob,-0.02806593612,0.4187011957,0.178559186,0.05077821507,0.07197693342,0.02486862685,0.147,0.006260990337,,,TabICL_regression03/runs/distribution_baselines_context_ratio/distribution_baselines_rows200_bins10_ctx10pct_5fold_library_defaults.json,TabICL_regression03/runs/distribution_baselines_context_ratio/distribution_baselines_rows200_bins10_ctx10pct_5fold_library_defaults.json,
ex3-3_context_ratio,10%,ngboost,space_ga,0.1449823881,0.1306011496,0.2161480058,0.02010841525,0.1687071256,0.01710085796,0.157,0.001095445115,,,TabICL_regression03/runs/distribution_baselines_context_ratio/distribution_baselines_rows200_bins10_ctx10pct_5fold_library_defaults.json,TabICL_regression03/runs/distribution_baselines_context_ratio/distribution_baselines_rows200_bins10_ctx10pct_5fold_library_defaults.json,
ex3-3_context_ratio,10%,ngboost,student_performance,-1.206070159,0.7694135426,0.2860221746,0.05898924678,0.208378038,0.04299680266,0.159,0.000894427191,,,TabICL_regression03/runs/distribution_baselines_context_ratio/distribution_baselines_rows200_bins10_ctx10pct_5fold_library_defaults.json,TabICL_regression03/runs/distribution_baselines_context_ratio/distribution_baselines_rows200_bins10_ctx10pct_5fold_library_defaults.json,
ex3-3_context_ratio,10%,catboost,abalone,0.1885350921,0.02878478271,0.2189745814,0.007135044643,0.1657200763,0.007805608308,0.135,0.00316227766,,,TabICL_regression03/runs/distribution_baselines_context_ratio/distribution_baselines_rows200_bins10_ctx10pct_5fold_library_defaults.json,TabICL_regression03/runs/distribution_baselines_context_ratio/distribution_baselines_rows200_bins10_ctx10pct_5fold_library_defaults.json,
ex3-3_context_ratio,10%,catboost,airfoil_self_noise,0.1406983729,0.07791793874,0.2127036553,0.008764308579,0.1709847728,0.008597336641,0.127,0.001095445115,,,TabICL_regression03/runs/distribution_baselines_context_ratio/distribution_baselines_rows200_bins10_ctx10pct_5fold_library_defaults.json,TabICL_regression03/runs/distribution_baselines_context_ratio/distribution_baselines_rows200_bins10_ctx10pct_5fold_library_defaults.json,
ex3-3_context_ratio,10%,catboost,auction_verification,0.1157989214,0.1376091515,0.2827482944,0.02653815808,0.1871557453,0.01779481666,0.127,0.004604345773,,,TabICL_regression03/runs/distribution_baselines_context_ratio/distribution_baselines_rows200_bins10_ctx10pct_5fold_library_defaults.json,TabICL_regression03/runs/distribution_baselines_context_ratio/distribution_baselines_rows200_bins10_ctx10pct_5fold_library_defaults.json,
ex3-3_context_ratio,10%,catboost,boston,0.4723531596,0.0536830546,0.1700181787,0.01295567728,0.1273753803,0.01023597758,0.103,0.005099019514,,,TabICL_regression03/runs/distribution_baselines_context_ratio/distribution_baselines_rows200_bins10_ctx10pct_5fold_library_defaults.json,TabICL_regression03/runs/distribution_baselines_context_ratio/distribution_baselines_rows200_bins10_ctx10pct_5fold_library_defaults.json,
ex3-3_context_ratio,10%,catboost,cars,0.4700820307,0.06836373004,0.1729879762,0.01487672366,0.1121082265,0.01142655709,0.108,0.000894427191,,,TabICL_regression03/runs/distribution_baselines_context_ratio/distribution_baselines_rows200_bins10_ctx10pct_5fold_library_defaults.json,TabICL_regression03/runs/distribution_baselines_context_ratio/distribution_baselines_rows200_bins10_ctx10pct_5fold_library_defaults.json,
ex3-3_context_ratio,10%,catboost,concrete_compressive_strength,0.07858206904,0.1189967659,0.2375261866,0.01189478354,0.1902771245,0.00852129514,0.098,0.005366563146,,,TabICL_regression03/runs/distribution_baselines_context_ratio/distribution_baselines_rows200_bins10_ctx10pct_5fold_library_defaults.json,TabICL_regression03/runs/distribution_baselines_context_ratio/distribution_baselines_rows200_bins10_ctx10pct_5fold_library_defaults.json,
ex3-3_context_ratio,10%,catboost,cpu_activity,0.2629849084,0.04410417835,0.1710088494,0.01035655552,0.07556775663,0.00700227417,0.097,0.007483314774,,,TabICL_regression03/runs/distribution_baselines_context_ratio/distribution_baselines_rows200_bins10_ctx10pct_5fold_library_defaults.json,TabICL_regression03/runs/distribution_baselines_context_ratio/distribution_baselines_rows200_bins10_ctx10pct_5fold_library_defaults.json,
ex3-3_context_ratio,10%,catboost,energy_efficiency,0.6676252846,0.1417338222,0.162131557,0.02949907751,0.1170099153,0.01990931201,0.096,0.006260990337,,,TabICL_regression03/runs/distribution_baselines_context_ratio/distribution_baselines_rows200_bins10_ctx10pct_5fold_library_defaults.json,TabICL_regression03/runs/distribution_baselines_context_ratio/distribution_baselines_rows200_bins10_ctx10pct_5fold_library_defaults.json,
ex3-3_context_ratio,10%,catboost,grid_stability,0.08294317226,0.05090784253,0.2548371325,0.008619393553,0.2164588521,0.008082601978,0.098,0.004,,,TabICL_regression03/runs/distribution_baselines_context_ratio/distribution_baselines_rows200_bins10_ctx10pct_5fold_library_defaults.json,TabICL_regression03/runs/distribution_baselines_context_ratio/distribution_baselines_rows200_bins10_ctx10pct_5fold_library_defaults.json,
ex3-3_context_ratio,10%,catboost,kin8nm,0.1369606855,0.03675885397,0.2288615445,0.01196275102,0.1856667895,0.0102714021,0.081,0.004147288271,,,TabICL_regression03/runs/distribution_baselines_context_ratio/distribution_baselines_rows200_bins10_ctx10pct_5fold_library_defaults.json,TabICL_regression03/runs/distribution_baselines_context_ratio/distribution_baselines_rows200_bins10_ctx10pct_5fold_library_defaults.json,
ex3-3_context_ratio,10%,catboost,Moneyball,0.6290431821,0.05270037625,0.138510003,0.0129591702,0.1059735693,0.0120920677,0.084,0.01331164903,,,TabICL_regression03/runs/distribution_baselines_context_ratio/distribution_baselines_rows200_bins10_ctx10pct_5fold_library_defaults.json,TabICL_regression03/runs/distribution_baselines_context_ratio/distribution_baselines_rows200_bins10_ctx10pct_5fold_library_defaults.json,
ex3-3_context_ratio,10%,catboost,pumadyn32nh,-0.03913341904,0.01993019883,0.2180026202,0.008908777607,0.1705242889,0.008246792647,0.067,0.004147288271,,,TabICL_regression03/runs/distribution_baselines_context_ratio/distribution_baselines_rows200_bins10_ctx10pct_5fold_library_defaults.json,TabICL_regression03/runs/distribution_baselines_context_ratio/distribution_baselines_rows200_bins10_ctx10pct_5fold_library_defaults.json,
ex3-3_context_ratio,10%,catboost,QSAR_fish_toxicity,0.3135633097,0.03915062956,0.1703759471,0.008455134819,0.1314912426,0.01023973219,0.094,0.008294576541,,,TabICL_regression03/runs/distribution_baselines_context_ratio/distribution_baselines_rows200_bins10_ctx10pct_5fold_library_defaults.json,TabICL_regression03/runs/distribution_baselines_context_ratio/distribution_baselines_rows200_bins10_ctx10pct_5fold_library_defaults.json,
ex3-3_context_ratio,10%,catboost,quake,-0.2697704447,0.0390643277,0.3022975688,0.01005328538,0.2400560921,0.009702679396,0.14,0.006164414003,,,TabICL_regression03/runs/distribution_baselines_context_ratio/distribution_baselines_rows200_bins10_ctx10pct_5fold_library_defaults.json,TabICL_regression03/runs/distribution_baselines_context_ratio/distribution_baselines_rows200_bins10_ctx10pct_5fold_library_defaults.json,
ex3-3_context_ratio,10%,catboost,sensory,-0.1352062526,0.08423321017,0.2612981566,0.0152443303,0.2080101862,0.01279089565,0.086,0.004242640687,,,TabICL_regression03/runs/distribution_baselines_context_ratio/distribution_baselines_rows200_bins10_ctx10pct_5fold_library_defaults.json,TabICL_regression03/runs/distribution_baselines_context_ratio/distribution_baselines_rows200_bins10_ctx10pct_5fold_library_defaults.json,
ex3-3_context_ratio,10%,catboost,socmob,0.1858634474,0.158592052,0.1651548683,0.02802565794,0.07674061983,0.02498149651,0.113,0.005403702434,,,TabICL_regression03/runs/distribution_baselines_context_ratio/distribution_baselines_rows200_bins10_ctx10pct_5fold_library_defaults.json,TabICL_regression03/runs/distribution_baselines_context_ratio/distribution_baselines_rows200_bins10_ctx10pct_5fold_library_defaults.json,
ex3-3_context_ratio,10%,catboost,space_ga,0.2421367884,0.04992819643,0.2073043151,0.01575247184,0.1656998695,0.01512633254,0.123,0.003633180425,,,TabICL_regression03/runs/distribution_baselines_context_ratio/distribution_baselines_rows200_bins10_ctx10pct_5fold_library_defaults.json,TabICL_regression03/runs/distribution_baselines_context_ratio/distribution_baselines_rows200_bins10_ctx10pct_5fold_library_defaults.json,
ex3-3_context_ratio,10%,catboost,student_performance,-0.2256254393,0.1342808572,0.2199435536,0.01566649637,0.1660243232,0.0147749043,0.094,0.008717797887,,,TabICL_regression03/runs/distribution_baselines_context_ratio/distribution_baselines_rows200_bins10_ctx10pct_5fold_library_defaults.json,TabICL_regression03/runs/distribution_baselines_context_ratio/distribution_baselines_rows200_bins10_ctx10pct_5fold_library_defaults.json,
ex3-3_context_ratio,10%,xgboost,abalone,-0.03834154692,0.06227023298,0.2481022113,0.0128607595,0.187215063,0.01074210832,0.046,0.003464101615,,,TabICL_regression03/runs/distribution_baselines_context_ratio/distribution_baselines_rows200_bins10_ctx10pct_5fold_library_defaults.json,TabICL_regression03/runs/distribution_baselines_context_ratio/distribution_baselines_rows200_bins10_ctx10pct_5fold_library_defaults.json,
ex3-3_context_ratio,10%,xgboost,airfoil_self_noise,0.2001612491,0.1058881245,0.2036672555,0.009379281071,0.1619209088,0.007604989157,0.073,0.002828427125,,,TabICL_regression03/runs/distribution_baselines_context_ratio/distribution_baselines_rows200_bins10_ctx10pct_5fold_library_defaults.json,TabICL_regression03/runs/distribution_baselines_context_ratio/distribution_baselines_rows200_bins10_ctx10pct_5fold_library_defaults.json,
ex3-3_context_ratio,10%,xgboost,auction_verification,-0.1828327434,0.1233848663,0.3287573061,0.02286867246,0.2391959715,0.01394762263,0.083,0.006542170894,,,TabICL_regression03/runs/distribution_baselines_context_ratio/distribution_baselines_rows200_bins10_ctx10pct_5fold_library_defaults.json,TabICL_regression03/runs/distribution_baselines_context_ratio/distribution_baselines_rows200_bins10_ctx10pct_5fold_library_defaults.json,
ex3-3_context_ratio,10%,xgboost,boston,0.2008760016,0.1226238268,0.205947055,0.0123148229,0.1578970599,0.005051716632,0.074,0.000894427191,,,TabICL_regression03/runs/distribution_baselines_context_ratio/distribution_baselines_rows200_bins10_ctx10pct_5fold_library_defaults.json,TabICL_regression03/runs/distribution_baselines_context_ratio/distribution_baselines_rows200_bins10_ctx10pct_5fold_library_defaults.json,
ex3-3_context_ratio,10%,xgboost,cars,0.3942952516,0.07493757764,0.1851930284,0.01545859359,0.1292102987,0.01142383091,0.063,0.006418722614,,,TabICL_regression03/runs/distribution_baselines_context_ratio/distribution_baselines_rows200_bins10_ctx10pct_5fold_library_defaults.json,TabICL_regression03/runs/distribution_baselines_context_ratio/distribution_baselines_rows200_bins10_ctx10pct_5fold_library_defaults.json,
ex3-3_context_ratio,10%,xgboost,concrete_compressive_strength,0.09123615829,0.07292680093,0.2414793225,0.01962006606,0.199585114,0.01540569406,0.081,0.003033150178,,,TabICL_regression03/runs/distribution_baselines_context_ratio/distribution_baselines_rows200_bins10_ctx10pct_5fold_library_defaults.json,TabICL_regression03/runs/distribution_baselines_context_ratio/distribution_baselines_rows200_bins10_ctx10pct_5fold_library_defaults.json,
ex3-3_context_ratio,10%,xgboost,cpu_activity,0.2213008537,0.1064631999,0.1729894993,0.01705987153,0.08191818441,0.007551168533,0.052,0.01108151614,,,TabICL_regression03/runs/distribution_baselines_context_ratio/distribution_baselines_rows200_bins10_ctx10pct_5fold_library_defaults.json,TabICL_regression03/runs/distribution_baselines_context_ratio/distribution_baselines_rows200_bins10_ctx10pct_5fold_library_defaults.json,
ex3-3_context_ratio,10%,xgboost,energy_efficiency,0.506642944,0.1537250922,0.2029113316,0.0313887958,0.1337285985,0.0184213627,0.066,0.007797435476,,,TabICL_regression03/runs/distribution_baselines_context_ratio/distribution_baselines_rows200_bins10_ctx10pct_5fold_library_defaults.json,TabICL_regression03/runs/distribution_baselines_context_ratio/distribution_baselines_rows200_bins10_ctx10pct_5fold_library_defaults.json,
ex3-3_context_ratio,10%,xgboost,grid_stability,-0.06201553812,0.1540257105,0.2697087961,0.01819447586,0.2167563096,0.01518087555,0.068,0.007071067812,,,TabICL_regression03/runs/distribution_baselines_context_ratio/distribution_baselines_rows200_bins10_ctx10pct_5fold_library_defaults.json,TabICL_regression03/runs/distribution_baselines_context_ratio/distribution_baselines_rows200_bins10_ctx10pct_5fold_library_defaults.json,
ex3-3_context_ratio,10%,xgboost,kin8nm,-0.2944518352,0.2056687539,0.2760583577,0.02355352653,0.2199606367,0.01995464479,0.059,0.009838699101,,,TabICL_regression03/runs/distribution_baselines_context_ratio/distribution_baselines_rows200_bins10_ctx10pct_5fold_library_defaults.json,TabICL_regression03/runs/distribution_baselines_context_ratio/distribution_baselines_rows200_bins10_ctx10pct_5fold_library_defaults.json,
ex3-3_context_ratio,10%,xgboost,Moneyball,0.6342552202,0.0718135371,0.1371005734,0.01575825377,0.1078494296,0.0119435533,0.057,0.009055385138,,,TabICL_regression03/runs/distribution_baselines_context_ratio/distribution_baselines_rows200_bins10_ctx10pct_5fold_library_defaults.json,TabICL_regression03/runs/distribution_baselines_context_ratio/distribution_baselines_rows200_bins10_ctx10pct_5fold_library_defaults.json,
ex3-3_context_ratio,10%,xgboost,pumadyn32nh,-0.5811903613,0.3477249432,0.2615081078,0.0268751802,0.202207712,0.02210551589,0.063,0.005830951895,,,TabICL_regression03/runs/distribution_baselines_context_ratio/distribution_baselines_rows200_bins10_ctx10pct_5fold_library_defaults.json,TabICL_regression03/runs/distribution_baselines_context_ratio/distribution_baselines_rows200_bins10_ctx10pct_5fold_library_defaults.json,
ex3-3_context_ratio,10%,xgboost,QSAR_fish_toxicity,0.2174503622,0.06732978368,0.1819815098,0.01215220901,0.142048743,0.01210231665,0.071,0.006841052551,,,TabICL_regression03/runs/distribution_baselines_context_ratio/distribution_baselines_rows200_bins10_ctx10pct_5fold_library_defaults.json,TabICL_regression03/runs/distribution_baselines_context_ratio/distribution_baselines_rows200_bins10_ctx10pct_5fold_library_defaults.json,
ex3-3_context_ratio,10%,xgboost,quake,-0.7610294298,0.2351414793,0.3512155159,0.01844643557,0.2833020389,0.01671824894,0.061,0.003286335345,,,TabICL_regression03/runs/distribution_baselines_context_ratio/distribution_baselines_rows200_bins10_ctx10pct_5fold_library_defaults.json,TabICL_regression03/runs/distribution_baselines_context_ratio/distribution_baselines_rows200_bins10_ctx10pct_5fold_library_defaults.json,
ex3-3_context_ratio,10%,xgboost,sensory,-0.402878107,0.1226349892,0.2900726316,0.017660176,0.2356473595,0.01701980827,0.053,0.005019960159,,,TabICL_regression03/runs/distribution_baselines_context_ratio/distribution_baselines_rows200_bins10_ctx10pct_5fold_library_defaults.json,TabICL_regression03/runs/distribution_baselines_context_ratio/distribution_baselines_rows200_bins10_ctx10pct_5fold_library_defaults.json,
ex3-3_context_ratio,10%,xgboost,socmob,0.04181119364,0.2446365669,0.1785580784,0.03543881717,0.07276038261,0.01712826829,0.066,0.007694153625,,,TabICL_regression03/runs/distribution_baselines_context_ratio/distribution_baselines_rows200_bins10_ctx10pct_5fold_library_defaults.json,TabICL_regression03/runs/distribution_baselines_context_ratio/distribution_baselines_rows200_bins10_ctx10pct_5fold_library_defaults.json,
ex3-3_context_ratio,10%,xgboost,space_ga,0.1132100201,0.10635664,0.2235474045,0.02288587127,0.1755987159,0.02018053434,0.072,0.01082589488,,,TabICL_regression03/runs/distribution_baselines_context_ratio/distribution_baselines_rows200_bins10_ctx10pct_5fold_library_defaults.json,TabICL_regression03/runs/distribution_baselines_context_ratio/distribution_baselines_rows200_bins10_ctx10pct_5fold_library_defaults.json,
ex3-3_context_ratio,10%,xgboost,student_performance,-0.5213734096,0.187588904,0.2451700767,0.021777084,0.179585786,0.01868860108,0.048,0.003633180425,,,TabICL_regression03/runs/distribution_baselines_context_ratio/distribution_baselines_rows200_bins10_ctx10pct_5fold_library_defaults.json,TabICL_regression03/runs/distribution_baselines_context_ratio/distribution_baselines_rows200_bins10_ctx10pct_5fold_library_defaults.json,
ex3-3_context_ratio,10%,gaussian_process,abalone,0.0352507204,0.03642658153,0.2383802817,0.005262289907,0.1794571415,0.003172035109,0.028,0.004,,,TabICL_regression03/runs/distribution_baselines_context_ratio/distribution_baselines_rows200_bins10_ctx10pct_5fold_library_defaults.json,TabICL_regression03/runs/distribution_baselines_context_ratio/distribution_baselines_rows200_bins10_ctx10pct_5fold_library_defaults.json,
ex3-3_context_ratio,10%,gaussian_process,airfoil_self_noise,0.1032480795,0.08668979882,0.2168853523,0.01086432476,0.1690784845,0.008813785893,0.035,0.003898717738,,,TabICL_regression03/runs/distribution_baselines_context_ratio/distribution_baselines_rows200_bins10_ctx10pct_5fold_library_defaults.json,TabICL_regression03/runs/distribution_baselines_context_ratio/distribution_baselines_rows200_bins10_ctx10pct_5fold_library_defaults.json,
ex3-3_context_ratio,10%,gaussian_process,auction_verification,0.03980850781,0.09528371142,0.2959362706,0.01712126143,0.2172974353,0.009627536602,0.055,0.01089954127,,,TabICL_regression03/runs/distribution_baselines_context_ratio/distribution_baselines_rows200_bins10_ctx10pct_5fold_library_defaults.json,TabICL_regression03/runs/distribution_baselines_context_ratio/distribution_baselines_rows200_bins10_ctx10pct_5fold_library_defaults.json,
ex3-3_context_ratio,10%,gaussian_process,boston,0.3375558598,0.1064080559,0.1888937803,0.01919508013,0.1421255285,0.01348173547,0.023,0.005656854249,,,TabICL_regression03/runs/distribution_baselines_context_ratio/distribution_baselines_rows200_bins10_ctx10pct_5fold_library_defaults.json,TabICL_regression03/runs/distribution_baselines_context_ratio/distribution_baselines_rows200_bins10_ctx10pct_5fold_library_defaults.json,
ex3-3_context_ratio,10%,gaussian_process,cars,0.425412134,0.1162364795,0.1706075247,0.01421224092,0.1250290346,0.01177627885,0.037,0.004604345773,,,TabICL_regression03/runs/distribution_baselines_context_ratio/distribution_baselines_rows200_bins10_ctx10pct_5fold_library_defaults.json,TabICL_regression03/runs/distribution_baselines_context_ratio/distribution_baselines_rows200_bins10_ctx10pct_5fold_library_defaults.json,
ex3-3_context_ratio,10%,gaussian_process,concrete_compressive_strength,0.1628912782,0.04607510693,0.2308232198,0.014195852,0.1859448973,0.01011024839,0.025,0.004147288271,,,TabICL_regression03/runs/distribution_baselines_context_ratio/distribution_baselines_rows200_bins10_ctx10pct_5fold_library_defaults.json,TabICL_regression03/runs/distribution_baselines_context_ratio/distribution_baselines_rows200_bins10_ctx10pct_5fold_library_defaults.json,
ex3-3_context_ratio,10%,gaussian_process,cpu_activity,0.3787937912,0.1042385461,0.1529339968,0.01235068054,0.06674463637,0.004759688512,0.029,0.006480740698,,,TabICL_regression03/runs/distribution_baselines_context_ratio/distribution_baselines_rows200_bins10_ctx10pct_5fold_library_defaults.json,TabICL_regression03/runs/distribution_baselines_context_ratio/distribution_baselines_rows200_bins10_ctx10pct_5fold_library_defaults.json,
ex3-3_context_ratio,10%,gaussian_process,energy_efficiency,0.7224989876,0.09879853874,0.1499747443,0.02466379764,0.1086738951,0.01552577993,0.024,0.007293833012,,,TabICL_regression03/runs/distribution_baselines_context_ratio/distribution_baselines_rows200_bins10_ctx10pct_5fold_library_defaults.json,TabICL_regression03/runs/distribution_baselines_context_ratio/distribution_baselines_rows200_bins10_ctx10pct_5fold_library_defaults.json,
ex3-3_context_ratio,10%,gaussian_process,grid_stability,0.1215525105,0.1175476637,0.2459448787,0.01318352715,0.2002774262,0.01028131523,0.029,0.008438009244,,,TabICL_regression03/runs/distribution_baselines_context_ratio/distribution_baselines_rows200_bins10_ctx10pct_5fold_library_defaults.json,TabICL_regression03/runs/distribution_baselines_context_ratio/distribution_baselines_rows200_bins10_ctx10pct_5fold_library_defaults.json,
ex3-3_context_ratio,10%,gaussian_process,kin8nm,0.145021937,0.04177568398,0.2269683455,0.008671287725,0.1833590706,0.007362159246,0.017,0.004335896678,,,TabICL_regression03/runs/distribution_baselines_context_ratio/distribution_baselines_rows200_bins10_ctx10pct_5fold_library_defaults.json,TabICL_regression03/runs/distribution_baselines_context_ratio/distribution_baselines_rows200_bins10_ctx10pct_5fold_library_defaults.json,
ex3-3_context_ratio,10%,gaussian_process,Moneyball,0.7792770685,0.0480514957,0.1051594717,0.01480465044,0.08374055528,0.01199735915,0.015,0.007536577473,,,TabICL_regression03/runs/distribution_baselines_context_ratio/distribution_baselines_rows200_bins10_ctx10pct_5fold_library_defaults.json,TabICL_regression03/runs/distribution_baselines_context_ratio/distribution_baselines_rows200_bins10_ctx10pct_5fold_library_defaults.json,
ex3-3_context_ratio,10%,gaussian_process,pumadyn32nh,-0.05788598783,0.03032384284,0.2194190786,0.006385845204,0.1712138089,0.006280113825,0.016,0.004604345773,,,TabICL_regression03/runs/distribution_baselines_context_ratio/distribution_baselines_rows200_bins10_ctx10pct_5fold_library_defaults.json,TabICL_regression03/runs/distribution_baselines_context_ratio/distribution_baselines_rows200_bins10_ctx10pct_5fold_library_defaults.json,
ex3-3_context_ratio,10%,gaussian_process,QSAR_fish_toxicity,0.2059661862,0.06979843087,0.182447263,0.009938465925,0.1354685252,0.01117526829,0.025,0.003898717738,,,TabICL_regression03/runs/distribution_baselines_context_ratio/distribution_baselines_rows200_bins10_ctx10pct_5fold_library_defaults.json,TabICL_regression03/runs/distribution_baselines_context_ratio/distribution_baselines_rows200_bins10_ctx10pct_5fold_library_defaults.json,
ex3-3_context_ratio,10%,gaussian_process,quake,-0.09080183261,0.05194122066,0.2802980691,0.01206245263,0.2335604844,0.01402844915,0.061,0.003033150178,,,TabICL_regression03/runs/distribution_baselines_context_ratio/distribution_baselines_rows200_bins10_ctx10pct_5fold_library_defaults.json,TabICL_regression03/runs/distribution_baselines_context_ratio/distribution_baselines_rows200_bins10_ctx10pct_5fold_library_defaults.json,
ex3-3_context_ratio,10%,gaussian_process,sensory,-0.1088609484,0.05141088699,0.2588947218,0.01352477551,0.2068555631,0.0132701926,0.03,0.009797958971,,,TabICL_regression03/runs/distribution_baselines_context_ratio/distribution_baselines_rows200_bins10_ctx10pct_5fold_library_defaults.json,TabICL_regression03/runs/distribution_baselines_context_ratio/distribution_baselines_rows200_bins10_ctx10pct_5fold_library_defaults.json,
ex3-3_context_ratio,10%,gaussian_process,socmob,-0.06833035526,0.3697369637,0.1835046371,0.04698526784,0.1018408111,0.04625155804,0.042,0.01109954954,,,TabICL_regression03/runs/distribution_baselines_context_ratio/distribution_baselines_rows200_bins10_ctx10pct_5fold_library_defaults.json,TabICL_regression03/runs/distribution_baselines_context_ratio/distribution_baselines_rows200_bins10_ctx10pct_5fold_library_defaults.json,
ex3-3_context_ratio,10%,gaussian_process,space_ga,0.111241883,0.05659402377,0.2256055573,0.0187080959,0.1802773792,0.01843358759,0.027,0.006782329983,,,TabICL_regression03/runs/distribution_baselines_context_ratio/distribution_baselines_rows200_bins10_ctx10pct_5fold_library_defaults.json,TabICL_regression03/runs/distribution_baselines_context_ratio/distribution_baselines_rows200_bins10_ctx10pct_5fold_library_defaults.json,
ex3-3_context_ratio,10%,gaussian_process,student_performance,-0.2057254822,0.1046675583,0.2193837727,0.016191973,0.1658668097,0.01411433408,0.02,0.006099180273,,,TabICL_regression03/runs/distribution_baselines_context_ratio/distribution_baselines_rows200_bins10_ctx10pct_5fold_library_defaults.json,TabICL_regression03/runs/distribution_baselines_context_ratio/distribution_baselines_rows200_bins10_ctx10pct_5fold_library_defaults.json,
ex3-3_context_ratio,10%,conformal_quantile,abalone,0.04425233412,0.0755149278,0.2373200592,0.0125462749,0.1811482951,0.008300710833,0.046,0.004147288271,,,TabICL_regression03/runs/distribution_baselines_context_ratio/distribution_baselines_rows200_bins10_ctx10pct_5fold_library_defaults.json,TabICL_regression03/runs/distribution_baselines_context_ratio/distribution_baselines_rows200_bins10_ctx10pct_5fold_library_defaults.json,
ex3-3_context_ratio,10%,conformal_quantile,airfoil_self_noise,-0.1144816975,0.1478200463,0.2420090945,0.02094753763,0.1940714928,0.02001330558,0.062,0.006099180273,,,TabICL_regression03/runs/distribution_baselines_context_ratio/distribution_baselines_rows200_bins10_ctx10pct_5fold_library_defaults.json,TabICL_regression03/runs/distribution_baselines_context_ratio/distribution_baselines_rows200_bins10_ctx10pct_5fold_library_defaults.json,
ex3-3_context_ratio,10%,conformal_quantile,auction_verification,-0.06209089834,0.158780638,0.3068802563,0.02421325077,0.2213572559,0.02363429903,0.053,0.01473770674,,,TabICL_regression03/runs/distribution_baselines_context_ratio/distribution_baselines_rows200_bins10_ctx10pct_5fold_library_defaults.json,TabICL_regression03/runs/distribution_baselines_context_ratio/distribution_baselines_rows200_bins10_ctx10pct_5fold_library_defaults.json,
ex3-3_context_ratio,10%,conformal_quantile,boston,0.3150001395,0.04433418328,0.1934419349,0.007719834639,0.1497401175,0.006374478933,0.057,0.008173126697,,,TabICL_regression03/runs/distribution_baselines_context_ratio/distribution_baselines_rows200_bins10_ctx10pct_5fold_library_defaults.json,TabICL_regression03/runs/distribution_baselines_context_ratio/distribution_baselines_rows200_bins10_ctx10pct_5fold_library_defaults.json,
ex3-3_context_ratio,10%,conformal_quantile,cars,0.3533377116,0.07001834878,0.1909997021,0.01425008943,0.1329464791,0.01396263083,0.039,0.006542170894,,,TabICL_regression03/runs/distribution_baselines_context_ratio/distribution_baselines_rows200_bins10_ctx10pct_5fold_library_defaults.json,TabICL_regression03/runs/distribution_baselines_context_ratio/distribution_baselines_rows200_bins10_ctx10pct_5fold_library_defaults.json,
ex3-3_context_ratio,10%,conformal_quantile,concrete_compressive_strength,0.01540314039,0.1273690692,0.2454074351,0.01115136348,0.2033590526,0.01033160591,0.055,0.004774934555,,,TabICL_regression03/runs/distribution_baselines_context_ratio/distribution_baselines_rows200_bins10_ctx10pct_5fold_library_defaults.json,TabICL_regression03/runs/distribution_baselines_context_ratio/distribution_baselines_rows200_bins10_ctx10pct_5fold_library_defaults.json,
ex3-3_context_ratio,10%,conformal_quantile,cpu_activity,0.06192539569,0.04699057472,0.195604452,0.01833021621,0.0858430032,0.01022562075,0.027,0.005830951895,,,TabICL_regression03/runs/distribution_baselines_context_ratio/distribution_baselines_rows200_bins10_ctx10pct_5fold_library_defaults.json,TabICL_regression03/runs/distribution_baselines_context_ratio/distribution_baselines_rows200_bins10_ctx10pct_5fold_library_defaults.json,
ex3-3_context_ratio,10%,conformal_quantile,energy_efficiency,-0.1244440359,0.3058991437,0.3097948837,0.04953683051,0.2407140901,0.04452395864,0.076,0.01005982107,,,TabICL_regression03/runs/distribution_baselines_context_ratio/distribution_baselines_rows200_bins10_ctx10pct_5fold_library_defaults.json,TabICL_regression03/runs/distribution_baselines_context_ratio/distribution_baselines_rows200_bins10_ctx10pct_5fold_library_defaults.json,
ex3-3_context_ratio,10%,conformal_quantile,grid_stability,-0.2675167423,0.1770258578,0.296011992,0.01878446945,0.2390614689,0.01370332248,0.035,0.006542170894,,,TabICL_regression03/runs/distribution_baselines_context_ratio/distribution_baselines_rows200_bins10_ctx10pct_5fold_library_defaults.json,TabICL_regression03/runs/distribution_baselines_context_ratio/distribution_baselines_rows200_bins10_ctx10pct_5fold_library_defaults.json,
ex3-3_context_ratio,10%,conformal_quantile,kin8nm,-0.6832939437,0.07239954304,0.3192712695,0.01445650154,0.2569030172,0.01376321742,0.055,0.008786353055,,,TabICL_regression03/runs/distribution_baselines_context_ratio/distribution_baselines_rows200_bins10_ctx10pct_5fold_library_defaults.json,TabICL_regression03/runs/distribution_baselines_context_ratio/distribution_baselines_rows200_bins10_ctx10pct_5fold_library_defaults.json,
ex3-3_context_ratio,10%,conformal_quantile,Moneyball,0.3697305944,0.08088735419,0.1791254814,0.009906117033,0.1450836232,0.01187658851,0.052,0.006164414003,,,TabICL_regression03/runs/distribution_baselines_context_ratio/distribution_baselines_rows200_bins10_ctx10pct_5fold_library_defaults.json,TabICL_regression03/runs/distribution_baselines_context_ratio/distribution_baselines_rows200_bins10_ctx10pct_5fold_library_defaults.json,
ex3-3_context_ratio,10%,conformal_quantile,pumadyn32nh,-0.6988502607,0.2704478049,0.2755712636,0.02450332088,0.2187908986,0.02345881312,0.035,0.01025670512,,,TabICL_regression03/runs/distribution_baselines_context_ratio/distribution_baselines_rows200_bins10_ctx10pct_5fold_library_defaults.json,TabICL_regression03/runs/distribution_baselines_context_ratio/distribution_baselines_rows200_bins10_ctx10pct_5fold_library_defaults.json,
ex3-3_context_ratio,10%,conformal_quantile,QSAR_fish_toxicity,-0.08839646987,0.1951982668,0.2143697927,0.02815938497,0.1709165991,0.02501854325,0.054,0.004774934555,,,TabICL_regression03/runs/distribution_baselines_context_ratio/distribution_baselines_rows200_bins10_ctx10pct_5fold_library_defaults.json,TabICL_regression03/runs/distribution_baselines_context_ratio/distribution_baselines_rows200_bins10_ctx10pct_5fold_library_defaults.json,
ex3-3_context_ratio,10%,conformal_quantile,quake,-0.6187124006,0.216149889,0.3372934139,0.01935605985,0.2736451839,0.01657497558,0.058,0.009316651759,,,TabICL_regression03/runs/distribution_baselines_context_ratio/distribution_baselines_rows200_bins10_ctx10pct_5fold_library_defaults.json,TabICL_regression03/runs/distribution_baselines_context_ratio/distribution_baselines_rows200_bins10_ctx10pct_5fold_library_defaults.json,
ex3-3_context_ratio,10%,conformal_quantile,sensory,-0.2195809667,0.09621200194,0.2699915559,0.01244598449,0.2156781874,0.01428731539,0.043,0.01204989627,,,TabICL_regression03/runs/distribution_baselines_context_ratio/distribution_baselines_rows200_bins10_ctx10pct_5fold_library_defaults.json,TabICL_regression03/runs/distribution_baselines_context_ratio/distribution_baselines_rows200_bins10_ctx10pct_5fold_library_defaults.json,
ex3-3_context_ratio,10%,conformal_quantile,socmob,0.1915752633,0.163014016,0.1654711212,0.02875060546,0.06995631726,0.01651405548,0.05,0.007949842766,,,TabICL_regression03/runs/distribution_baselines_context_ratio/distribution_baselines_rows200_bins10_ctx10pct_5fold_library_defaults.json,TabICL_regression03/runs/distribution_baselines_context_ratio/distribution_baselines_rows200_bins10_ctx10pct_5fold_library_defaults.json,
ex3-3_context_ratio,10%,conformal_quantile,space_ga,-0.05989666379,0.1526455775,0.2405659047,0.02168148989,0.1917253245,0.02032726967,0.068,0.005019960159,,,TabICL_regression03/runs/distribution_baselines_context_ratio/distribution_baselines_rows200_bins10_ctx10pct_5fold_library_defaults.json,TabICL_regression03/runs/distribution_baselines_context_ratio/distribution_baselines_rows200_bins10_ctx10pct_5fold_library_defaults.json,
ex3-3_context_ratio,10%,conformal_quantile,student_performance,-0.8314900623,0.1955979963,0.2682917301,0.01980593407,0.205432511,0.01584060956,0.056,0.01023718711,,,TabICL_regression03/runs/distribution_baselines_context_ratio/distribution_baselines_rows200_bins10_ctx10pct_5fold_library_defaults.json,TabICL_regression03/runs/distribution_baselines_context_ratio/distribution_baselines_rows200_bins10_ctx10pct_5fold_library_defaults.json,
ex3-3_context_ratio,20%,Diffusion_DDPM500_repeats100,abalone,0.2328835577,0.05996335905,0.2120237135,0.01076355847,0.1574214414,0.009691388175,0.035,0.005899152482,3.764529092,0.2224850441,TabICL_regression03/runs/6M/context_ratio_ddpm500_repeats100/step-120000_ddpm500_rows200_repeats100_ctx20pct_5fold.json,TabICL_regression03/runs/6M/context_ratio_ddpm500_repeats100/step-120000_ddpm500_rows200_repeats100_ctx20pct_5fold_bins10-uncertainty.json,
ex3-3_context_ratio,20%,Diffusion_DDPM500_repeats100,airfoil_self_noise,0.3614584488,0.06181172424,0.1838579925,0.01095908958,0.150209845,0.008261808733,0.04,0.0045607017,4.459245081,0.1941557352,TabICL_regression03/runs/6M/context_ratio_ddpm500_repeats100/step-120000_ddpm500_rows200_repeats100_ctx20pct_5fold.json,TabICL_regression03/runs/6M/context_ratio_ddpm500_repeats100/step-120000_ddpm500_rows200_repeats100_ctx20pct_5fold_bins10-uncertainty.json,
ex3-3_context_ratio,20%,Diffusion_DDPM500_repeats100,auction_verification,0.3797014896,0.06555612177,0.2372709877,0.01193095352,0.178925884,0.009032853631,0.065,0.00593295879,4.241508186,0.3800849491,TabICL_regression03/runs/6M/context_ratio_ddpm500_repeats100/step-120000_ddpm500_rows200_repeats100_ctx20pct_5fold.json,TabICL_regression03/runs/6M/context_ratio_ddpm500_repeats100/step-120000_ddpm500_rows200_repeats100_ctx20pct_5fold_bins10-uncertainty.json,
ex3-3_context_ratio,20%,Diffusion_DDPM500_repeats100,boston,0.6061718399,0.05428704978,0.1459322409,0.0124890333,0.112207345,0.0086673219,0.064,0.008197560613,3.862437892,0.3483272491,TabICL_regression03/runs/6M/context_ratio_ddpm500_repeats100/step-120000_ddpm500_rows200_repeats100_ctx20pct_5fold.json,TabICL_regression03/runs/6M/context_ratio_ddpm500_repeats100/step-120000_ddpm500_rows200_repeats100_ctx20pct_5fold_bins10-uncertainty.json,
ex3-3_context_ratio,20%,Diffusion_DDPM500_repeats100,cars,0.4943404222,0.0549066136,0.1681458809,0.01022942164,0.1165974758,0.009756161387,0.045,0.003577708764,3.390720505,0.2811139471,TabICL_regression03/runs/6M/context_ratio_ddpm500_repeats100/step-120000_ddpm500_rows200_repeats100_ctx20pct_5fold.json,TabICL_regression03/runs/6M/context_ratio_ddpm500_repeats100/step-120000_ddpm500_rows200_repeats100_ctx20pct_5fold_bins10-uncertainty.json,
ex3-3_context_ratio,20%,Diffusion_DDPM500_repeats100,concrete_compressive_strength,0.3441580324,0.05819695527,0.2023269206,0.01101077344,0.1613239069,0.0104295258,0.042,0.007155417528,4.499534862,0.40781951,TabICL_regression03/runs/6M/context_ratio_ddpm500_repeats100/step-120000_ddpm500_rows200_repeats100_ctx20pct_5fold.json,TabICL_regression03/runs/6M/context_ratio_ddpm500_repeats100/step-120000_ddpm500_rows200_repeats100_ctx20pct_5fold_bins10-uncertainty.json,
ex3-3_context_ratio,20%,Diffusion_DDPM500_repeats100,cpu_activity,0.2661768381,0.08985239753,0.1713646439,0.01817394035,0.08836324276,0.009717124089,0.079,0.006099180273,3.823727556,0.1944325824,TabICL_regression03/runs/6M/context_ratio_ddpm500_repeats100/step-120000_ddpm500_rows200_repeats100_ctx20pct_5fold.json,TabICL_regression03/runs/6M/context_ratio_ddpm500_repeats100/step-120000_ddpm500_rows200_repeats100_ctx20pct_5fold_bins10-uncertainty.json,
ex3-3_context_ratio,20%,Diffusion_DDPM500_repeats100,energy_efficiency,0.6831604833,0.1316044383,0.162516432,0.03588959887,0.1267795199,0.03007265621,0.065,0.008414273587,3.229523262,0.1512788438,TabICL_regression03/runs/6M/context_ratio_ddpm500_repeats100/step-120000_ddpm500_rows200_repeats100_ctx20pct_5fold.json,TabICL_regression03/runs/6M/context_ratio_ddpm500_repeats100/step-120000_ddpm500_rows200_repeats100_ctx20pct_5fold_bins10-uncertainty.json,
ex3-3_context_ratio,20%,Diffusion_DDPM500_repeats100,grid_stability,0.1537556965,0.03276097293,0.2451258646,0.007004097558,0.2065262338,0.007161537293,0.038,0.002966479395,4.713480003,0.137716725,TabICL_regression03/runs/6M/context_ratio_ddpm500_repeats100/step-120000_ddpm500_rows200_repeats100_ctx20pct_5fold.json,TabICL_regression03/runs/6M/context_ratio_ddpm500_repeats100/step-120000_ddpm500_rows200_repeats100_ctx20pct_5fold_bins10-uncertainty.json,
ex3-3_context_ratio,20%,Diffusion_DDPM500_repeats100,kin8nm,0.02288662785,0.02467300161,0.2431595437,0.009312321913,0.1991620037,0.01053121519,0.04,0.00219089023,4.950477069,0.2056301642,TabICL_regression03/runs/6M/context_ratio_ddpm500_repeats100/step-120000_ddpm500_rows200_repeats100_ctx20pct_5fold.json,TabICL_regression03/runs/6M/context_ratio_ddpm500_repeats100/step-120000_ddpm500_rows200_repeats100_ctx20pct_5fold_bins10-uncertainty.json,
ex3-3_context_ratio,20%,Diffusion_DDPM500_repeats100,Moneyball,0.4216592091,0.05049866732,0.1738327116,0.01070220949,0.1309441324,0.008292284377,0.063,0.005761944116,4.363355556,0.3800601892,TabICL_regression03/runs/6M/context_ratio_ddpm500_repeats100/step-120000_ddpm500_rows200_repeats100_ctx20pct_5fold.json,TabICL_regression03/runs/6M/context_ratio_ddpm500_repeats100/step-120000_ddpm500_rows200_repeats100_ctx20pct_5fold_bins10-uncertainty.json,
ex3-3_context_ratio,20%,Diffusion_DDPM500_repeats100,pumadyn32nh,-0.03497763029,0.02343101671,0.217180321,0.006857485572,0.1694960202,0.0077798778,0.037,0.004604345773,4.785909165,0.3521043003,TabICL_regression03/runs/6M/context_ratio_ddpm500_repeats100/step-120000_ddpm500_rows200_repeats100_ctx20pct_5fold.json,TabICL_regression03/runs/6M/context_ratio_ddpm500_repeats100/step-120000_ddpm500_rows200_repeats100_ctx20pct_5fold_bins10-uncertainty.json,
ex3-3_context_ratio,20%,Diffusion_DDPM500_repeats100,QSAR_fish_toxicity,0.1806234999,0.06730822839,0.1862695536,0.01252579184,0.1440026971,0.009579487607,0.032,0.009230384607,4.378826052,0.524075535,TabICL_regression03/runs/6M/context_ratio_ddpm500_repeats100/step-120000_ddpm500_rows200_repeats100_ctx20pct_5fold.json,TabICL_regression03/runs/6M/context_ratio_ddpm500_repeats100/step-120000_ddpm500_rows200_repeats100_ctx20pct_5fold_bins10-uncertainty.json,
ex3-3_context_ratio,20%,Diffusion_DDPM500_repeats100,quake,-0.1394593035,0.04835027369,0.2858481978,0.007835590889,0.2311909141,0.01194562324,0.033,0.0045607017,3.724317334,0.3102131829,TabICL_regression03/runs/6M/context_ratio_ddpm500_repeats100/step-120000_ddpm500_rows200_repeats100_ctx20pct_5fold.json,TabICL_regression03/runs/6M/context_ratio_ddpm500_repeats100/step-120000_ddpm500_rows200_repeats100_ctx20pct_5fold_bins10-uncertainty.json,
ex3-3_context_ratio,20%,Diffusion_DDPM500_repeats100,sensory,-0.1118519324,0.06082204488,0.2590191069,0.01365905212,0.2067237948,0.01263279558,0.035,0.005477225575,4.931512998,0.3329764241,TabICL_regression03/runs/6M/context_ratio_ddpm500_repeats100/step-120000_ddpm500_rows200_repeats100_ctx20pct_5fold.json,TabICL_regression03/runs/6M/context_ratio_ddpm500_repeats100/step-120000_ddpm500_rows200_repeats100_ctx20pct_5fold_bins10-uncertainty.json,
ex3-3_context_ratio,20%,Diffusion_DDPM500_repeats100,socmob,0.3330465709,0.1167543163,0.1431089265,0.01326367871,0.06903955469,0.01326131554,0.052,0.009338094024,2.751780423,0.8549972715,TabICL_regression03/runs/6M/context_ratio_ddpm500_repeats100/step-120000_ddpm500_rows200_repeats100_ctx20pct_5fold.json,TabICL_regression03/runs/6M/context_ratio_ddpm500_repeats100/step-120000_ddpm500_rows200_repeats100_ctx20pct_5fold_bins10-uncertainty.json,
ex3-3_context_ratio,20%,Diffusion_DDPM500_repeats100,space_ga,0.273878291,0.04589536637,0.203626942,0.01694991401,0.1598735061,0.01702552937,0.032,0.005403702434,3.684198611,0.3517367267,TabICL_regression03/runs/6M/context_ratio_ddpm500_repeats100/step-120000_ddpm500_rows200_repeats100_ctx20pct_5fold.json,TabICL_regression03/runs/6M/context_ratio_ddpm500_repeats100/step-120000_ddpm500_rows200_repeats100_ctx20pct_5fold_bins10-uncertainty.json,
ex3-3_context_ratio,20%,Diffusion_DDPM500_repeats100,student_performance,-0.1364005105,0.05290675655,0.2123221924,0.007991602889,0.1606846737,0.007625305298,0.055,0.00593295879,5.558150797,0.609312969,TabICL_regression03/runs/6M/context_ratio_ddpm500_repeats100/step-120000_ddpm500_rows200_repeats100_ctx20pct_5fold.json,TabICL_regression03/runs/6M/context_ratio_ddpm500_repeats100/step-120000_ddpm500_rows200_repeats100_ctx20pct_5fold_bins10-uncertainty.json,
ex3-3_context_ratio,20%,nanoTabPFN,abalone,0.1950752197,0.04637909594,0.2175672561,0.006602896696,0.1603140815,0.003912734545,0.06,0.00554977477,1.620356163,0.1974926723,nanoTabPFN_version10_original02/6M/context_ratio/model_step_0120000_rows200_bins10_ctx20pct_5fold_eval.json,nanoTabPFN_version10_original02/6M/context_ratio/model_step_0120000_rows200_bins10_ctx20pct_5fold_eval.json,
ex3-3_context_ratio,20%,nanoTabPFN,airfoil_self_noise,0.4011846474,0.03230028738,0.1793066748,0.009761907352,0.1387134496,0.009039146699,0.049,0.006260990337,1.814612126,0.1016551127,nanoTabPFN_version10_original02/6M/context_ratio/model_step_0120000_rows200_bins10_ctx20pct_5fold_eval.json,nanoTabPFN_version10_original02/6M/context_ratio/model_step_0120000_rows200_bins10_ctx20pct_5fold_eval.json,
ex3-3_context_ratio,20%,nanoTabPFN,auction_verification,0.7673880286,0.05418262553,0.1392431446,0.01591603063,0.08250873808,0.00951582468,0.054,0.004147288271,0.9053424301,0.1450197904,nanoTabPFN_version10_original02/6M/context_ratio/model_step_0120000_rows200_bins10_ctx20pct_5fold_eval.json,nanoTabPFN_version10_original02/6M/context_ratio/model_step_0120000_rows200_bins10_ctx20pct_5fold_eval.json,
ex3-3_context_ratio,20%,nanoTabPFN,boston,0.7527132753,0.04750001176,0.1150829163,0.01359497838,0.07880068718,0.006790346516,0.057,0.00756306816,0.9473459296,0.1152714089,nanoTabPFN_version10_original02/6M/context_ratio/model_step_0120000_rows200_bins10_ctx20pct_5fold_eval.json,nanoTabPFN_version10_original02/6M/context_ratio/model_step_0120000_rows200_bins10_ctx20pct_5fold_eval.json,
ex3-3_context_ratio,20%,nanoTabPFN,cars,0.7838304601,0.01215633649,0.1120839375,0.009443996869,0.07558163302,0.007692835652,0.063,0.01033440855,0.8850434727,0.1373776164,nanoTabPFN_version10_original02/6M/context_ratio/model_step_0120000_rows200_bins10_ctx20pct_5fold_eval.json,nanoTabPFN_version10_original02/6M/context_ratio/model_step_0120000_rows200_bins10_ctx20pct_5fold_eval.json,
ex3-3_context_ratio,20%,nanoTabPFN,concrete_compressive_strength,0.4675150282,0.0623199063,0.1826172718,0.01474047817,0.1408525099,0.01363883269,0.052,0.006480740698,1.632124632,0.05541287166,nanoTabPFN_version10_original02/6M/context_ratio/model_step_0120000_rows200_bins10_ctx20pct_5fold_eval.json,nanoTabPFN_version10_original02/6M/context_ratio/model_step_0120000_rows200_bins10_ctx20pct_5fold_eval.json,
ex3-3_context_ratio,20%,nanoTabPFN,cpu_activity,0.5347705044,0.1148880465,0.1330287234,0.02373139915,0.05843405456,0.006187817524,0.066,0.006542170894,0.8461871231,0.1586919161,nanoTabPFN_version10_original02/6M/context_ratio/model_step_0120000_rows200_bins10_ctx20pct_5fold_eval.json,nanoTabPFN_version10_original02/6M/context_ratio/model_step_0120000_rows200_bins10_ctx20pct_5fold_eval.json,
ex3-3_context_ratio,20%,nanoTabPFN,energy_efficiency,0.9636405651,0.009759938089,0.05708748791,0.008962821022,0.04021076224,0.005741765509,0.056,0.006870225615,0.4709686244,0.05430035118,nanoTabPFN_version10_original02/6M/context_ratio/model_step_0120000_rows200_bins10_ctx20pct_5fold_eval.json,nanoTabPFN_version10_original02/6M/context_ratio/model_step_0120000_rows200_bins10_ctx20pct_5fold_eval.json,
ex3-3_context_ratio,20%,nanoTabPFN,grid_stability,0.3832530104,0.0566172702,0.2085328937,0.01068185048,0.1722349384,0.009802326801,0.045,0.004774934555,1.899433725,0.08329609131,nanoTabPFN_version10_original02/6M/context_ratio/model_step_0120000_rows200_bins10_ctx20pct_5fold_eval.json,nanoTabPFN_version10_original02/6M/context_ratio/model_step_0120000_rows200_bins10_ctx20pct_5fold_eval.json,
ex3-3_context_ratio,20%,nanoTabPFN,kin8nm,0.1073428521,0.08802245066,0.2296733331,0.007505683397,0.185721566,0.008275314061,0.033,0.007924645102,2.287101983,0.09195154687,nanoTabPFN_version10_original02/6M/context_ratio/model_step_0120000_rows200_bins10_ctx20pct_5fold_eval.json,nanoTabPFN_version10_original02/6M/context_ratio/model_step_0120000_rows200_bins10_ctx20pct_5fold_eval.json,
ex3-3_context_ratio,20%,nanoTabPFN,Moneyball,0.8860915939,0.01979261493,0.075594472,0.005903469047,0.06093979392,0.004391742721,0.076,0.008246211251,0.5985333752,0.05190260136,nanoTabPFN_version10_original02/6M/context_ratio/model_step_0120000_rows200_bins10_ctx20pct_5fold_eval.json,nanoTabPFN_version10_original02/6M/context_ratio/model_step_0120000_rows200_bins10_ctx20pct_5fold_eval.json,
ex3-3_context_ratio,20%,nanoTabPFN,pumadyn32nh,-0.3425482174,0.08289186363,0.2460431895,0.00545877165,0.1971950373,0.007303680919,0.05,0.003286335345,2.298104235,0.2073428437,nanoTabPFN_version10_original02/6M/context_ratio/model_step_0120000_rows200_bins10_ctx20pct_5fold_eval.json,nanoTabPFN_version10_original02/6M/context_ratio/model_step_0120000_rows200_bins10_ctx20pct_5fold_eval.json,
ex3-3_context_ratio,20%,nanoTabPFN,QSAR_fish_toxicity,0.3398608211,0.0530312821,0.1667332341,0.00939384883,0.1316385081,0.008590880818,0.057,0.009121403401,1.805614423,0.2141487128,nanoTabPFN_version10_original02/6M/context_ratio/model_step_0120000_rows200_bins10_ctx20pct_5fold_eval.json,nanoTabPFN_version10_original02/6M/context_ratio/model_step_0120000_rows200_bins10_ctx20pct_5fold_eval.json,
ex3-3_context_ratio,20%,nanoTabPFN,quake,-0.3992756012,0.1394910898,0.3155314388,0.01708652171,0.2448082219,0.0158222688,0.072,0.006228964601,1.505077463,0.09110362938,nanoTabPFN_version10_original02/6M/context_ratio/model_step_0120000_rows200_bins10_ctx20pct_5fold_eval.json,nanoTabPFN_version10_original02/6M/context_ratio/model_step_0120000_rows200_bins10_ctx20pct_5fold_eval.json,
ex3-3_context_ratio,20%,nanoTabPFN,sensory,-0.4079440308,0.1284764647,0.2911913547,0.02059791326,0.2322419678,0.0192211371,0.058,0.008532291603,1.935048811,0.2669245296,nanoTabPFN_version10_original02/6M/context_ratio/model_step_0120000_rows200_bins10_ctx20pct_5fold_eval.json,nanoTabPFN_version10_original02/6M/context_ratio/model_step_0120000_rows200_bins10_ctx20pct_5fold_eval.json,
ex3-3_context_ratio,20%,nanoTabPFN,socmob,0.2757037394,0.1106985678,0.1555670351,0.02214342502,0.05682503942,0.01220434867,0.059,0.007014271167,0.6514001766,0.2238639113,nanoTabPFN_version10_original02/6M/context_ratio/model_step_0120000_rows200_bins10_ctx20pct_5fold_eval.json,nanoTabPFN_version10_original02/6M/context_ratio/model_step_0120000_rows200_bins10_ctx20pct_5fold_eval.json,
ex3-3_context_ratio,20%,nanoTabPFN,space_ga,0.3868500882,0.0871472066,0.1811132147,0.008430715932,0.14058319,0.007094089863,0.045,0.006723094526,1.76132958,0.1460237734,nanoTabPFN_version10_original02/6M/context_ratio/model_step_0120000_rows200_bins10_ctx20pct_5fold_eval.json,nanoTabPFN_version10_original02/6M/context_ratio/model_step_0120000_rows200_bins10_ctx20pct_5fold_eval.json,
ex3-3_context_ratio,20%,nanoTabPFN,student_performance,-0.2770583161,0.09512249034,0.2248838711,0.01334788876,0.1700955087,0.01276124086,0.05,0.009011104261,2.047006753,0.1824059507,nanoTabPFN_version10_original02/6M/context_ratio/model_step_0120000_rows200_bins10_ctx20pct_5fold_eval.json,nanoTabPFN_version10_original02/6M/context_ratio/model_step_0120000_rows200_bins10_ctx20pct_5fold_eval.json,
ex3-3_context_ratio,20%,ngboost,abalone,0.08114891949,0.1147995912,0.2307627827,0.01475443189,0.1756908772,0.01448401719,0.149,0.001673320053,,,TabICL_regression03/runs/distribution_baselines_context_ratio/distribution_baselines_rows200_bins10_ctx20pct_5fold_library_defaults.json,TabICL_regression03/runs/distribution_baselines_context_ratio/distribution_baselines_rows200_bins10_ctx20pct_5fold_library_defaults.json,
ex3-3_context_ratio,20%,ngboost,airfoil_self_noise,0.3311446699,0.07848134388,0.1863176829,0.008944838953,0.1465843503,0.007194720736,0.144,0.001673320053,,,TabICL_regression03/runs/distribution_baselines_context_ratio/distribution_baselines_rows200_bins10_ctx20pct_5fold_library_defaults.json,TabICL_regression03/runs/distribution_baselines_context_ratio/distribution_baselines_rows200_bins10_ctx20pct_5fold_library_defaults.json,
ex3-3_context_ratio,20%,ngboost,auction_verification,0.713904584,0.01884510669,0.1619552485,0.006508506351,0.09593017022,0.007326017191,0.109,0.01299230542,,,TabICL_regression03/runs/distribution_baselines_context_ratio/distribution_baselines_rows200_bins10_ctx20pct_5fold_library_defaults.json,TabICL_regression03/runs/distribution_baselines_context_ratio/distribution_baselines_rows200_bins10_ctx20pct_5fold_library_defaults.json,
ex3-3_context_ratio,20%,ngboost,boston,0.620690804,0.06152727129,0.1413340035,0.01432202757,0.09761289794,0.008088950296,0.153,0.003033150178,,,TabICL_regression03/runs/distribution_baselines_context_ratio/distribution_baselines_rows200_bins10_ctx20pct_5fold_library_defaults.json,TabICL_regression03/runs/distribution_baselines_context_ratio/distribution_baselines_rows200_bins10_ctx20pct_5fold_library_defaults.json,
ex3-3_context_ratio,20%,ngboost,cars,0.7515808156,0.04197290716,0.1152541718,0.008371567437,0.07848173163,0.007459129927,0.128,0.00756306816,,,TabICL_regression03/runs/distribution_baselines_context_ratio/distribution_baselines_rows200_bins10_ctx20pct_5fold_library_defaults.json,TabICL_regression03/runs/distribution_baselines_context_ratio/distribution_baselines_rows200_bins10_ctx20pct_5fold_library_defaults.json,
ex3-3_context_ratio,20%,ngboost,concrete_compressive_strength,0.4516642646,0.07642687187,0.1862558751,0.01959976939,0.1477237992,0.016717262,0.147,0.003346640106,,,TabICL_regression03/runs/distribution_baselines_context_ratio/distribution_baselines_rows200_bins10_ctx20pct_5fold_library_defaults.json,TabICL_regression03/runs/distribution_baselines_context_ratio/distribution_baselines_rows200_bins10_ctx20pct_5fold_library_defaults.json,
ex3-3_context_ratio,20%,ngboost,cpu_activity,0.8531241683,0.05186817598,0.0680966881,0.01062840108,0.03746379964,0.004806004699,0.152,0.00228035085,,,TabICL_regression03/runs/distribution_baselines_context_ratio/distribution_baselines_rows200_bins10_ctx20pct_5fold_library_defaults.json,TabICL_regression03/runs/distribution_baselines_context_ratio/distribution_baselines_rows200_bins10_ctx20pct_5fold_library_defaults.json,
ex3-3_context_ratio,20%,ngboost,energy_efficiency,0.9470160808,0.01145550165,0.06989495933,0.009159659278,0.0477243631,0.005524873043,0.128,0.006870225615,,,TabICL_regression03/runs/distribution_baselines_context_ratio/distribution_baselines_rows200_bins10_ctx20pct_5fold_library_defaults.json,TabICL_regression03/runs/distribution_baselines_context_ratio/distribution_baselines_rows200_bins10_ctx20pct_5fold_library_defaults.json,
ex3-3_context_ratio,20%,ngboost,grid_stability,0.188747394,0.08272779851,0.2401670483,0.0183745787,0.1965934301,0.01353426828,0.156,0.001673320053,,,TabICL_regression03/runs/distribution_baselines_context_ratio/distribution_baselines_rows200_bins10_ctx20pct_5fold_library_defaults.json,TabICL_regression03/runs/distribution_baselines_context_ratio/distribution_baselines_rows200_bins10_ctx20pct_5fold_library_defaults.json,
ex3-3_context_ratio,20%,ngboost,kin8nm,-0.1142094065,0.1358501944,0.2553595334,0.007872347313,0.1986251185,0.006817388788,0.152,0.001095445115,,,TabICL_regression03/runs/distribution_baselines_context_ratio/distribution_baselines_rows200_bins10_ctx20pct_5fold_library_defaults.json,TabICL_regression03/runs/distribution_baselines_context_ratio/distribution_baselines_rows200_bins10_ctx20pct_5fold_library_defaults.json,
ex3-3_context_ratio,20%,ngboost,Moneyball,0.8561977744,0.01172667977,0.08662027272,0.004264911619,0.06849486002,0.004100555117,0.157,0.001788854382,,,TabICL_regression03/runs/distribution_baselines_context_ratio/distribution_baselines_rows200_bins10_ctx20pct_5fold_library_defaults.json,TabICL_regression03/runs/distribution_baselines_context_ratio/distribution_baselines_rows200_bins10_ctx20pct_5fold_library_defaults.json,
ex3-3_context_ratio,20%,ngboost,pumadyn32nh,-0.1528608388,0.03764484881,0.2290214026,0.00703600977,0.1764544283,0.006593282288,0.155,0.001414213562,,,TabICL_regression03/runs/distribution_baselines_context_ratio/distribution_baselines_rows200_bins10_ctx20pct_5fold_library_defaults.json,TabICL_regression03/runs/distribution_baselines_context_ratio/distribution_baselines_rows200_bins10_ctx20pct_5fold_library_defaults.json,
ex3-3_context_ratio,20%,ngboost,QSAR_fish_toxicity,0.2086095418,0.1019304564,0.18065996,0.01167378154,0.1388680233,0.008639444705,0.148,0.005403702434,,,TabICL_regression03/runs/distribution_baselines_context_ratio/distribution_baselines_rows200_bins10_ctx20pct_5fold_library_defaults.json,TabICL_regression03/runs/distribution_baselines_context_ratio/distribution_baselines_rows200_bins10_ctx20pct_5fold_library_defaults.json,
ex3-3_context_ratio,20%,ngboost,quake,-0.6549487302,0.08469836223,0.3464816521,0.02070278201,0.2812540276,0.01923513902,0.142,0.005215361924,,,TabICL_regression03/runs/distribution_baselines_context_ratio/distribution_baselines_rows200_bins10_ctx20pct_5fold_library_defaults.json,TabICL_regression03/runs/distribution_baselines_context_ratio/distribution_baselines_rows200_bins10_ctx20pct_5fold_library_defaults.json,
ex3-3_context_ratio,20%,ngboost,sensory,-0.5489196353,0.1983931126,0.3034026115,0.02328981948,0.2386581009,0.01920935561,0.136,0.003847076812,,,TabICL_regression03/runs/distribution_baselines_context_ratio/distribution_baselines_rows200_bins10_ctx20pct_5fold_library_defaults.json,TabICL_regression03/runs/distribution_baselines_context_ratio/distribution_baselines_rows200_bins10_ctx20pct_5fold_library_defaults.json,
ex3-3_context_ratio,20%,ngboost,socmob,0.5037869765,0.03893982416,0.1276689526,0.009922496327,0.05543107789,0.009351091143,0.12,0.005656854249,,,TabICL_regression03/runs/distribution_baselines_context_ratio/distribution_baselines_rows200_bins10_ctx20pct_5fold_library_defaults.json,TabICL_regression03/runs/distribution_baselines_context_ratio/distribution_baselines_rows200_bins10_ctx20pct_5fold_library_defaults.json,
ex3-3_context_ratio,20%,ngboost,space_ga,0.3610805469,0.06925969374,0.1887692261,0.01523984123,0.1486456274,0.01491287035,0.147,0.003633180425,,,TabICL_regression03/runs/distribution_baselines_context_ratio/distribution_baselines_rows200_bins10_ctx20pct_5fold_library_defaults.json,TabICL_regression03/runs/distribution_baselines_context_ratio/distribution_baselines_rows200_bins10_ctx20pct_5fold_library_defaults.json,
ex3-3_context_ratio,20%,ngboost,student_performance,-0.4031506473,0.1748550928,0.2340079722,0.01619581051,0.1782444519,0.01213792266,0.15,0.00316227766,,,TabICL_regression03/runs/distribution_baselines_context_ratio/distribution_baselines_rows200_bins10_ctx20pct_5fold_library_defaults.json,TabICL_regression03/runs/distribution_baselines_context_ratio/distribution_baselines_rows200_bins10_ctx20pct_5fold_library_defaults.json,
ex3-3_context_ratio,20%,catboost,abalone,0.2300295895,0.08033480581,0.2114721064,0.01112872631,0.1620102487,0.0104220924,0.136,0.005176871642,,,TabICL_regression03/runs/distribution_baselines_context_ratio/distribution_baselines_rows200_bins10_ctx20pct_5fold_library_defaults.json,TabICL_regression03/runs/distribution_baselines_context_ratio/distribution_baselines_rows200_bins10_ctx20pct_5fold_library_defaults.json,
ex3-3_context_ratio,20%,catboost,airfoil_self_noise,0.474666375,0.04091194168,0.1661777073,0.004809799217,0.1341954674,0.004928605182,0.13,0.004,,,TabICL_regression03/runs/distribution_baselines_context_ratio/distribution_baselines_rows200_bins10_ctx20pct_5fold_library_defaults.json,TabICL_regression03/runs/distribution_baselines_context_ratio/distribution_baselines_rows200_bins10_ctx20pct_5fold_library_defaults.json,
ex3-3_context_ratio,20%,catboost,auction_verification,0.5856411823,0.06386644151,0.1923960249,0.01488545417,0.1233635217,0.008488104655,0.13,0.006542170894,,,TabICL_regression03/runs/distribution_baselines_context_ratio/distribution_baselines_rows200_bins10_ctx20pct_5fold_library_defaults.json,TabICL_regression03/runs/distribution_baselines_context_ratio/distribution_baselines_rows200_bins10_ctx20pct_5fold_library_defaults.json,
ex3-3_context_ratio,20%,catboost,boston,0.6713484174,0.05039921982,0.1332958538,0.01265798624,0.09498713646,0.006851111466,0.115,0.008717797887,,,TabICL_regression03/runs/distribution_baselines_context_ratio/distribution_baselines_rows200_bins10_ctx20pct_5fold_library_defaults.json,TabICL_regression03/runs/distribution_baselines_context_ratio/distribution_baselines_rows200_bins10_ctx20pct_5fold_library_defaults.json,
ex3-3_context_ratio,20%,catboost,cars,0.6362765153,0.05305407238,0.1406633549,0.008068668863,0.09006697504,0.007427643648,0.124,0.00554977477,,,TabICL_regression03/runs/distribution_baselines_context_ratio/distribution_baselines_rows200_bins10_ctx20pct_5fold_library_defaults.json,TabICL_regression03/runs/distribution_baselines_context_ratio/distribution_baselines_rows200_bins10_ctx20pct_5fold_library_defaults.json,
ex3-3_context_ratio,20%,catboost,concrete_compressive_strength,0.4648496566,0.06748831896,0.1829313745,0.01566517207,0.1417392497,0.01301861889,0.116,0.002607680962,,,TabICL_regression03/runs/distribution_baselines_context_ratio/distribution_baselines_rows200_bins10_ctx20pct_5fold_library_defaults.json,TabICL_regression03/runs/distribution_baselines_context_ratio/distribution_baselines_rows200_bins10_ctx20pct_5fold_library_defaults.json,
ex3-3_context_ratio,20%,catboost,cpu_activity,0.3113613765,0.08587593076,0.1644466204,0.01384622515,0.07219923912,0.004924108973,0.119,0.004774934555,,,TabICL_regression03/runs/distribution_baselines_context_ratio/distribution_baselines_rows200_bins10_ctx20pct_5fold_library_defaults.json,TabICL_regression03/runs/distribution_baselines_context_ratio/distribution_baselines_rows200_bins10_ctx20pct_5fold_library_defaults.json,
ex3-3_context_ratio,20%,catboost,energy_efficiency,0.8894680244,0.03152791157,0.09809897669,0.01694498164,0.06981558293,0.01096371952,0.074,0.005761944116,,,TabICL_regression03/runs/distribution_baselines_context_ratio/distribution_baselines_rows200_bins10_ctx20pct_5fold_library_defaults.json,TabICL_regression03/runs/distribution_baselines_context_ratio/distribution_baselines_rows200_bins10_ctx20pct_5fold_library_defaults.json,
ex3-3_context_ratio,20%,catboost,grid_stability,0.2149689373,0.04214087695,0.2362271261,0.00963822132,0.1950305279,0.01007529082,0.103,0.007949842766,,,TabICL_regression03/runs/distribution_baselines_context_ratio/distribution_baselines_rows200_bins10_ctx20pct_5fold_library_defaults.json,TabICL_regression03/runs/distribution_baselines_context_ratio/distribution_baselines_rows200_bins10_ctx20pct_5fold_library_defaults.json,
ex3-3_context_ratio,20%,catboost,kin8nm,0.09074170757,0.0395645832,0.2337932979,0.006340574036,0.1876951852,0.007137969213,0.117,0.006418722614,,,TabICL_regression03/runs/distribution_baselines_context_ratio/distribution_baselines_rows200_bins10_ctx20pct_5fold_library_defaults.json,TabICL_regression03/runs/distribution_baselines_context_ratio/distribution_baselines_rows200_bins10_ctx20pct_5fold_library_defaults.json,
ex3-3_context_ratio,20%,catboost,Moneyball,0.7588279537,0.01924475883,0.1121109609,0.005867549249,0.08300394006,0.00358214043,0.094,0.004774934555,,,TabICL_regression03/runs/distribution_baselines_context_ratio/distribution_baselines_rows200_bins10_ctx20pct_5fold_library_defaults.json,TabICL_regression03/runs/distribution_baselines_context_ratio/distribution_baselines_rows200_bins10_ctx20pct_5fold_library_defaults.json,
ex3-3_context_ratio,20%,catboost,pumadyn32nh,-0.0501567034,0.01667283399,0.2187661753,0.006420017868,0.1732130745,0.006768988388,0.1,0.005366563146,,,TabICL_regression03/runs/distribution_baselines_context_ratio/distribution_baselines_rows200_bins10_ctx20pct_5fold_library_defaults.json,TabICL_regression03/runs/distribution_baselines_context_ratio/distribution_baselines_rows200_bins10_ctx20pct_5fold_library_defaults.json,
ex3-3_context_ratio,20%,catboost,QSAR_fish_toxicity,0.3725634122,0.05666324007,0.1622019198,0.008415948003,0.1241202744,0.007545952382,0.126,0.006260990337,,,TabICL_regression03/runs/distribution_baselines_context_ratio/distribution_baselines_rows200_bins10_ctx20pct_5fold_library_defaults.json,TabICL_regression03/runs/distribution_baselines_context_ratio/distribution_baselines_rows200_bins10_ctx20pct_5fold_library_defaults.json,
ex3-3_context_ratio,20%,catboost,quake,-0.3754406771,0.02560181391,0.3154272073,0.01349797599,0.2548102514,0.01504766762,0.149,0.00219089023,,,TabICL_regression03/runs/distribution_baselines_context_ratio/distribution_baselines_rows200_bins10_ctx20pct_5fold_library_defaults.json,TabICL_regression03/runs/distribution_baselines_context_ratio/distribution_baselines_rows200_bins10_ctx20pct_5fold_library_defaults.json,
ex3-3_context_ratio,20%,catboost,sensory,-0.07609155363,0.05213002815,0.2549058079,0.01298889389,0.2022858672,0.01367298166,0.096,0.00593295879,,,TabICL_regression03/runs/distribution_baselines_context_ratio/distribution_baselines_rows200_bins10_ctx20pct_5fold_library_defaults.json,TabICL_regression03/runs/distribution_baselines_context_ratio/distribution_baselines_rows200_bins10_ctx20pct_5fold_library_defaults.json,
ex3-3_context_ratio,20%,catboost,socmob,0.1236113835,0.3201784301,0.1679978708,0.04268238759,0.06632107386,0.01905246198,0.126,0.005176871642,,,TabICL_regression03/runs/distribution_baselines_context_ratio/distribution_baselines_rows200_bins10_ctx20pct_5fold_library_defaults.json,TabICL_regression03/runs/distribution_baselines_context_ratio/distribution_baselines_rows200_bins10_ctx20pct_5fold_library_defaults.json,
ex3-3_context_ratio,20%,catboost,space_ga,0.403822717,0.04329192859,0.1829927248,0.01200845918,0.1408946442,0.01175039465,0.14,0.004242640687,,,TabICL_regression03/runs/distribution_baselines_context_ratio/distribution_baselines_rows200_bins10_ctx20pct_5fold_library_defaults.json,TabICL_regression03/runs/distribution_baselines_context_ratio/distribution_baselines_rows200_bins10_ctx20pct_5fold_library_defaults.json,
ex3-3_context_ratio,20%,catboost,student_performance,-0.07446438367,0.03728414156,0.2068102078,0.00851999911,0.1535980108,0.008786370911,0.106,0.006723094526,,,TabICL_regression03/runs/distribution_baselines_context_ratio/distribution_baselines_rows200_bins10_ctx20pct_5fold_library_defaults.json,TabICL_regression03/runs/distribution_baselines_context_ratio/distribution_baselines_rows200_bins10_ctx20pct_5fold_library_defaults.json,
ex3-3_context_ratio,20%,xgboost,abalone,0.05559620745,0.1186446807,0.2336592193,0.0140017328,0.184023356,0.01354620586,0.082,0.006782329983,,,TabICL_regression03/runs/distribution_baselines_context_ratio/distribution_baselines_rows200_bins10_ctx20pct_5fold_library_defaults.json,TabICL_regression03/runs/distribution_baselines_context_ratio/distribution_baselines_rows200_bins10_ctx20pct_5fold_library_defaults.json,
ex3-3_context_ratio,20%,xgboost,airfoil_self_noise,0.1341981643,0.119470524,0.2106034431,0.00752631897,0.1602839477,0.004365597707,0.078,0.008786353055,,,TabICL_regression03/runs/distribution_baselines_context_ratio/distribution_baselines_rows200_bins10_ctx20pct_5fold_library_defaults.json,TabICL_regression03/runs/distribution_baselines_context_ratio/distribution_baselines_rows200_bins10_ctx20pct_5fold_library_defaults.json,
ex3-3_context_ratio,20%,xgboost,auction_verification,0.4097074868,0.07242665113,0.2322275366,0.01945457164,0.1676567054,0.0163155614,0.088,0.007155417528,,,TabICL_regression03/runs/distribution_baselines_context_ratio/distribution_baselines_rows200_bins10_ctx20pct_5fold_library_defaults.json,TabICL_regression03/runs/distribution_baselines_context_ratio/distribution_baselines_rows200_bins10_ctx20pct_5fold_library_defaults.json,
ex3-3_context_ratio,20%,xgboost,boston,0.5517619619,0.04882021614,0.1563441296,0.01093371946,0.1177558647,0.005823029135,0.075,0.005403702434,,,TabICL_regression03/runs/distribution_baselines_context_ratio/distribution_baselines_rows200_bins10_ctx20pct_5fold_library_defaults.json,TabICL_regression03/runs/distribution_baselines_context_ratio/distribution_baselines_rows200_bins10_ctx20pct_5fold_library_defaults.json,
ex3-3_context_ratio,20%,xgboost,cars,0.2055622059,0.1990663076,0.2064609728,0.02637727131,0.1370614176,0.01144174609,0.093,0.005366563146,,,TabICL_regression03/runs/distribution_baselines_context_ratio/distribution_baselines_rows200_bins10_ctx20pct_5fold_library_defaults.json,TabICL_regression03/runs/distribution_baselines_context_ratio/distribution_baselines_rows200_bins10_ctx20pct_5fold_library_defaults.json,
ex3-3_context_ratio,20%,xgboost,concrete_compressive_strength,0.2985875129,0.08144764895,0.2091059271,0.01552954577,0.1664730827,0.01259913958,0.074,0.005899152482,,,TabICL_regression03/runs/distribution_baselines_context_ratio/distribution_baselines_rows200_bins10_ctx20pct_5fold_library_defaults.json,TabICL_regression03/runs/distribution_baselines_context_ratio/distribution_baselines_rows200_bins10_ctx20pct_5fold_library_defaults.json,
ex3-3_context_ratio,20%,xgboost,cpu_activity,0.1998413333,0.07007956221,0.1773824825,0.01114562577,0.08315008998,0.00460909688,0.066,0.00219089023,,,TabICL_regression03/runs/distribution_baselines_context_ratio/distribution_baselines_rows200_bins10_ctx20pct_5fold_library_defaults.json,TabICL_regression03/runs/distribution_baselines_context_ratio/distribution_baselines_rows200_bins10_ctx20pct_5fold_library_defaults.json,
ex3-3_context_ratio,20%,xgboost,energy_efficiency,0.8273378871,0.03520015521,0.1255189002,0.01206373196,0.0926378187,0.01137054115,0.076,0.01228006515,,,TabICL_regression03/runs/distribution_baselines_context_ratio/distribution_baselines_rows200_bins10_ctx20pct_5fold_library_defaults.json,TabICL_regression03/runs/distribution_baselines_context_ratio/distribution_baselines_rows200_bins10_ctx20pct_5fold_library_defaults.json,
ex3-3_context_ratio,20%,xgboost,grid_stability,0.03175018171,0.05491180909,0.2625623812,0.01208894837,0.2183842359,0.01177890498,0.084,0.001095445115,,,TabICL_regression03/runs/distribution_baselines_context_ratio/distribution_baselines_rows200_bins10_ctx20pct_5fold_library_defaults.json,TabICL_regression03/runs/distribution_baselines_context_ratio/distribution_baselines_rows200_bins10_ctx20pct_5fold_library_defaults.json,
ex3-3_context_ratio,20%,xgboost,kin8nm,-0.2136545517,0.2537093368,0.2644572527,0.02456302954,0.2087382934,0.02012204989,0.07,0.01118928058,,,TabICL_regression03/runs/distribution_baselines_context_ratio/distribution_baselines_rows200_bins10_ctx20pct_5fold_library_defaults.json,TabICL_regression03/runs/distribution_baselines_context_ratio/distribution_baselines_rows200_bins10_ctx20pct_5fold_library_defaults.json,
ex3-3_context_ratio,20%,xgboost,Moneyball,0.7027124342,0.06782522113,0.1217149869,0.01272634867,0.09803729406,0.009591272322,0.07,0.006542170894,,,TabICL_regression03/runs/distribution_baselines_context_ratio/distribution_baselines_rows200_bins10_ctx20pct_5fold_library_defaults.json,TabICL_regression03/runs/distribution_baselines_context_ratio/distribution_baselines_rows200_bins10_ctx20pct_5fold_library_defaults.json,
ex3-3_context_ratio,20%,xgboost,pumadyn32nh,-0.2967716812,0.1407188363,0.2418908149,0.01526011215,0.1900380044,0.01229108956,0.076,0.004604345773,,,TabICL_regression03/runs/distribution_baselines_context_ratio/distribution_baselines_rows200_bins10_ctx20pct_5fold_library_defaults.json,TabICL_regression03/runs/distribution_baselines_context_ratio/distribution_baselines_rows200_bins10_ctx20pct_5fold_library_defaults.json,
ex3-3_context_ratio,20%,xgboost,QSAR_fish_toxicity,0.1016226103,0.1004196629,0.1932782414,0.01166387963,0.1527122475,0.01041663887,0.09,0.008049844719,,,TabICL_regression03/runs/distribution_baselines_context_ratio/distribution_baselines_rows200_bins10_ctx20pct_5fold_library_defaults.json,TabICL_regression03/runs/distribution_baselines_context_ratio/distribution_baselines_rows200_bins10_ctx20pct_5fold_library_defaults.json,
ex3-3_context_ratio,20%,xgboost,quake,-0.8073936857,0.2060828537,0.3603969727,0.03004580683,0.2936520893,0.02937328083,0.075,0.00228035085,,,TabICL_regression03/runs/distribution_baselines_context_ratio/distribution_baselines_rows200_bins10_ctx20pct_5fold_library_defaults.json,TabICL_regression03/runs/distribution_baselines_context_ratio/distribution_baselines_rows200_bins10_ctx20pct_5fold_library_defaults.json,
ex3-3_context_ratio,20%,xgboost,sensory,-0.3488654111,0.1573674699,0.2835840342,0.01999553742,0.2262913583,0.01992374466,0.073,0.004979959839,,,TabICL_regression03/runs/distribution_baselines_context_ratio/distribution_baselines_rows200_bins10_ctx20pct_5fold_library_defaults.json,TabICL_regression03/runs/distribution_baselines_context_ratio/distribution_baselines_rows200_bins10_ctx20pct_5fold_library_defaults.json,
ex3-3_context_ratio,20%,xgboost,socmob,0.03464153077,0.5042714512,0.1681744622,0.05746369461,0.07880141748,0.03070339314,0.07,0.004472135955,,,TabICL_regression03/runs/distribution_baselines_context_ratio/distribution_baselines_rows200_bins10_ctx20pct_5fold_library_defaults.json,TabICL_regression03/runs/distribution_baselines_context_ratio/distribution_baselines_rows200_bins10_ctx20pct_5fold_library_defaults.json,
ex3-3_context_ratio,20%,xgboost,space_ga,0.303913447,0.05390198575,0.1974982747,0.01282546087,0.1510735938,0.01224189106,0.079,0.008246211251,,,TabICL_regression03/runs/distribution_baselines_context_ratio/distribution_baselines_rows200_bins10_ctx20pct_5fold_library_defaults.json,TabICL_regression03/runs/distribution_baselines_context_ratio/distribution_baselines_rows200_bins10_ctx20pct_5fold_library_defaults.json,
ex3-3_context_ratio,20%,xgboost,student_performance,-0.2901279558,0.1181899947,0.2267235172,0.01604647488,0.172001768,0.01345015675,0.069,0.002683281573,,,TabICL_regression03/runs/distribution_baselines_context_ratio/distribution_baselines_rows200_bins10_ctx20pct_5fold_library_defaults.json,TabICL_regression03/runs/distribution_baselines_context_ratio/distribution_baselines_rows200_bins10_ctx20pct_5fold_library_defaults.json,
ex3-3_context_ratio,20%,gaussian_process,abalone,0.1793511065,0.08472391021,0.2173283787,0.005873777703,0.1668107226,0.007714206994,0.03,0.003741657387,,,TabICL_regression03/runs/distribution_baselines_context_ratio/distribution_baselines_rows200_bins10_ctx20pct_5fold_library_defaults.json,TabICL_regression03/runs/distribution_baselines_context_ratio/distribution_baselines_rows200_bins10_ctx20pct_5fold_library_defaults.json,
ex3-3_context_ratio,20%,gaussian_process,airfoil_self_noise,0.4692805106,0.06114143073,0.167433485,0.01035747563,0.1356555161,0.01061088859,0.012,0.00438178046,,,TabICL_regression03/runs/distribution_baselines_context_ratio/distribution_baselines_rows200_bins10_ctx20pct_5fold_library_defaults.json,TabICL_regression03/runs/distribution_baselines_context_ratio/distribution_baselines_rows200_bins10_ctx20pct_5fold_library_defaults.json,
ex3-3_context_ratio,20%,gaussian_process,auction_verification,0.2100778992,0.02493260611,0.2699463051,0.009788596785,0.204984732,0.0105959217,0.039,0.004472135955,,,TabICL_regression03/runs/distribution_baselines_context_ratio/distribution_baselines_rows200_bins10_ctx20pct_5fold_library_defaults.json,TabICL_regression03/runs/distribution_baselines_context_ratio/distribution_baselines_rows200_bins10_ctx20pct_5fold_library_defaults.json,
ex3-3_context_ratio,20%,gaussian_process,boston,0.7130139897,0.03170069806,0.1247437719,0.007622712738,0.09061504968,0.002883242722,0.031,0.003741657387,,,TabICL_regression03/runs/distribution_baselines_context_ratio/distribution_baselines_rows200_bins10_ctx20pct_5fold_library_defaults.json,TabICL_regression03/runs/distribution_baselines_context_ratio/distribution_baselines_rows200_bins10_ctx20pct_5fold_library_defaults.json,
ex3-3_context_ratio,20%,gaussian_process,cars,0.7206671556,0.07357244367,0.1208952461,0.01513077362,0.07987014925,0.01156905177,0.028,0.00228035085,,,TabICL_regression03/runs/distribution_baselines_context_ratio/distribution_baselines_rows200_bins10_ctx20pct_5fold_library_defaults.json,TabICL_regression03/runs/distribution_baselines_context_ratio/distribution_baselines_rows200_bins10_ctx20pct_5fold_library_defaults.json,
ex3-3_context_ratio,20%,gaussian_process,concrete_compressive_strength,0.2124650862,0.1198588419,0.219350815,0.02226917687,0.1738281125,0.02012521579,0.018,0.006723094526,,,TabICL_regression03/runs/distribution_baselines_context_ratio/distribution_baselines_rows200_bins10_ctx20pct_5fold_library_defaults.json,TabICL_regression03/runs/distribution_baselines_context_ratio/distribution_baselines_rows200_bins10_ctx20pct_5fold_library_defaults.json,
ex3-3_context_ratio,20%,gaussian_process,cpu_activity,0.817706314,0.04263219366,0.08042744344,0.0100332266,0.0425789792,0.003351105594,0.034,0.01228006515,,,TabICL_regression03/runs/distribution_baselines_context_ratio/distribution_baselines_rows200_bins10_ctx20pct_5fold_library_defaults.json,TabICL_regression03/runs/distribution_baselines_context_ratio/distribution_baselines_rows200_bins10_ctx20pct_5fold_library_defaults.json,
ex3-3_context_ratio,20%,gaussian_process,energy_efficiency,0.894381405,0.0136302946,0.1000963706,0.00738265298,0.07218217377,0.004098435024,0.037,0.003898717738,,,TabICL_regression03/runs/distribution_baselines_context_ratio/distribution_baselines_rows200_bins10_ctx20pct_5fold_library_defaults.json,TabICL_regression03/runs/distribution_baselines_context_ratio/distribution_baselines_rows200_bins10_ctx20pct_5fold_library_defaults.json,
ex3-3_context_ratio,20%,gaussian_process,grid_stability,0.4888929745,0.02390882402,0.1904772807,0.006409306542,0.1550830006,0.005157374458,0.017,0.004335896678,,,TabICL_regression03/runs/distribution_baselines_context_ratio/distribution_baselines_rows200_bins10_ctx20pct_5fold_library_defaults.json,TabICL_regression03/runs/distribution_baselines_context_ratio/distribution_baselines_rows200_bins10_ctx20pct_5fold_library_defaults.json,
ex3-3_context_ratio,20%,gaussian_process,kin8nm,0.07970741208,0.05345585373,0.234490852,0.00482276308,0.1867595366,0.004122976704,0.017,0.005215361924,,,TabICL_regression03/runs/distribution_baselines_context_ratio/distribution_baselines_rows200_bins10_ctx20pct_5fold_library_defaults.json,TabICL_regression03/runs/distribution_baselines_context_ratio/distribution_baselines_rows200_bins10_ctx20pct_5fold_library_defaults.json,
ex3-3_context_ratio,20%,gaussian_process,Moneyball,0.9335060291,0.008186534509,0.05837588184,0.003237931928,0.04579449236,0.002374680144,0.02,0.007694153625,,,TabICL_regression03/runs/distribution_baselines_context_ratio/distribution_baselines_rows200_bins10_ctx20pct_5fold_library_defaults.json,TabICL_regression03/runs/distribution_baselines_context_ratio/distribution_baselines_rows200_bins10_ctx20pct_5fold_library_defaults.json,
ex3-3_context_ratio,20%,gaussian_process,pumadyn32nh,-0.02076046334,0.01023673517,0.2159313942,0.00761188006,0.1703939945,0.00744205575,0.016,0.002449489743,,,TabICL_regression03/runs/distribution_baselines_context_ratio/distribution_baselines_rows200_bins10_ctx20pct_5fold_library_defaults.json,TabICL_regression03/runs/distribution_baselines_context_ratio/distribution_baselines_rows200_bins10_ctx20pct_5fold_library_defaults.json,
ex3-3_context_ratio,20%,gaussian_process,QSAR_fish_toxicity,0.2545688108,0.07193152088,0.1763036598,0.008898443761,0.1346515641,0.009166300402,0.023,0.00756306816,,,TabICL_regression03/runs/distribution_baselines_context_ratio/distribution_baselines_rows200_bins10_ctx20pct_5fold_library_defaults.json,TabICL_regression03/runs/distribution_baselines_context_ratio/distribution_baselines_rows200_bins10_ctx20pct_5fold_library_defaults.json,
ex3-3_context_ratio,20%,gaussian_process,quake,-0.08099660859,0.021908033,0.2799184311,0.01342005101,0.2310738356,0.01602707752,0.054,0.004098780306,,,TabICL_regression03/runs/distribution_baselines_context_ratio/distribution_baselines_rows200_bins10_ctx20pct_5fold_library_defaults.json,TabICL_regression03/runs/distribution_baselines_context_ratio/distribution_baselines_rows200_bins10_ctx20pct_5fold_library_defaults.json,
ex3-3_context_ratio,20%,gaussian_process,sensory,-0.1017453546,0.04183332321,0.257497767,0.009863482971,0.2038253737,0.01062488532,0.03,0.007483314774,,,TabICL_regression03/runs/distribution_baselines_context_ratio/distribution_baselines_rows200_bins10_ctx20pct_5fold_library_defaults.json,TabICL_regression03/runs/distribution_baselines_context_ratio/distribution_baselines_rows200_bins10_ctx20pct_5fold_library_defaults.json,
ex3-3_context_ratio,20%,gaussian_process,socmob,0.1988689743,0.1646955167,0.1561143842,0.01812395924,0.07047275312,0.01011416028,0.029,0.004472135955,,,TabICL_regression03/runs/distribution_baselines_context_ratio/distribution_baselines_rows200_bins10_ctx20pct_5fold_library_defaults.json,TabICL_regression03/runs/distribution_baselines_context_ratio/distribution_baselines_rows200_bins10_ctx20pct_5fold_library_defaults.json,
ex3-3_context_ratio,20%,gaussian_process,space_ga,0.2455386971,0.09059764858,0.2076213531,0.02330747837,0.1652512809,0.02171495701,0.023,0.005176871642,,,TabICL_regression03/runs/distribution_baselines_context_ratio/distribution_baselines_rows200_bins10_ctx20pct_5fold_library_defaults.json,TabICL_regression03/runs/distribution_baselines_context_ratio/distribution_baselines_rows200_bins10_ctx20pct_5fold_library_defaults.json,
ex3-3_context_ratio,20%,gaussian_process,student_performance,-0.0717084672,0.06785267877,0.2061574825,0.009375821959,0.1548610345,0.01029635388,0.033,0.005019960159,,,TabICL_regression03/runs/distribution_baselines_context_ratio/distribution_baselines_rows200_bins10_ctx20pct_5fold_library_defaults.json,TabICL_regression03/runs/distribution_baselines_context_ratio/distribution_baselines_rows200_bins10_ctx20pct_5fold_library_defaults.json,
ex3-3_context_ratio,20%,conformal_quantile,abalone,-0.02413183605,0.09307014177,0.2445352318,0.01192713429,0.1881340684,0.009991420617,0.045,0.006782329983,,,TabICL_regression03/runs/distribution_baselines_context_ratio/distribution_baselines_rows200_bins10_ctx20pct_5fold_library_defaults.json,TabICL_regression03/runs/distribution_baselines_context_ratio/distribution_baselines_rows200_bins10_ctx20pct_5fold_library_defaults.json,
ex3-3_context_ratio,20%,conformal_quantile,airfoil_self_noise,0.2046898132,0.06501255086,0.2047880181,0.007521796718,0.1561507083,0.004982631207,0.034,0.00593295879,,,TabICL_regression03/runs/distribution_baselines_context_ratio/distribution_baselines_rows200_bins10_ctx20pct_5fold_library_defaults.json,TabICL_regression03/runs/distribution_baselines_context_ratio/distribution_baselines_rows200_bins10_ctx20pct_5fold_library_defaults.json,
ex3-3_context_ratio,20%,conformal_quantile,auction_verification,0.2604670744,0.2260114261,0.2510993044,0.04013371785,0.1845440635,0.03484799212,0.049,0.007536577473,,,TabICL_regression03/runs/distribution_baselines_context_ratio/distribution_baselines_rows200_bins10_ctx20pct_5fold_library_defaults.json,TabICL_regression03/runs/distribution_baselines_context_ratio/distribution_baselines_rows200_bins10_ctx20pct_5fold_library_defaults.json,
ex3-3_context_ratio,20%,conformal_quantile,boston,0.6624052523,0.07311734275,0.1331439419,0.0172417975,0.1011627982,0.01072083608,0.04,0.002607680962,,,TabICL_regression03/runs/distribution_baselines_context_ratio/distribution_baselines_rows200_bins10_ctx20pct_5fold_library_defaults.json,TabICL_regression03/runs/distribution_baselines_context_ratio/distribution_baselines_rows200_bins10_ctx20pct_5fold_library_defaults.json,
ex3-3_context_ratio,20%,conformal_quantile,cars,0.4570854107,0.07425755153,0.1729683745,0.01498821381,0.1194067381,0.01030697051,0.04,0.005727128425,,,TabICL_regression03/runs/distribution_baselines_context_ratio/distribution_baselines_rows200_bins10_ctx20pct_5fold_library_defaults.json,TabICL_regression03/runs/distribution_baselines_context_ratio/distribution_baselines_rows200_bins10_ctx20pct_5fold_library_defaults.json,
ex3-3_context_ratio,20%,conformal_quantile,concrete_compressive_strength,0.1027937822,0.1934916461,0.2338803559,0.03283691911,0.1851727264,0.02981315869,0.041,0.005403702434,,,TabICL_regression03/runs/distribution_baselines_context_ratio/distribution_baselines_rows200_bins10_ctx20pct_5fold_library_defaults.json,TabICL_regression03/runs/distribution_baselines_context_ratio/distribution_baselines_rows200_bins10_ctx20pct_5fold_library_defaults.json,
ex3-3_context_ratio,20%,conformal_quantile,cpu_activity,0.2809509493,0.1304606174,0.163699304,0.01423192151,0.08108330999,0.003722717167,0.06,0.008294576541,,,TabICL_regression03/runs/distribution_baselines_context_ratio/distribution_baselines_rows200_bins10_ctx20pct_5fold_library_defaults.json,TabICL_regression03/runs/distribution_baselines_context_ratio/distribution_baselines_rows200_bins10_ctx20pct_5fold_library_defaults.json,
ex3-3_context_ratio,20%,conformal_quantile,energy_efficiency,0.8465496813,0.03636276998,0.1136702766,0.01663909306,0.08352531321,0.01292470359,0.042,0.009859006035,,,TabICL_regression03/runs/distribution_baselines_context_ratio/distribution_baselines_rows200_bins10_ctx20pct_5fold_library_defaults.json,TabICL_regression03/runs/distribution_baselines_context_ratio/distribution_baselines_rows200_bins10_ctx20pct_5fold_library_defaults.json,
ex3-3_context_ratio,20%,conformal_quantile,grid_stability,-0.5346222811,0.2277308528,0.3244284331,0.01520010486,0.2715610882,0.01610390847,0.085,0.01095445115,,,TabICL_regression03/runs/distribution_baselines_context_ratio/distribution_baselines_rows200_bins10_ctx20pct_5fold_library_defaults.json,TabICL_regression03/runs/distribution_baselines_context_ratio/distribution_baselines_rows200_bins10_ctx20pct_5fold_library_defaults.json,
ex3-3_context_ratio,20%,conformal_quantile,kin8nm,-0.2556531718,0.1839077707,0.2717860898,0.02085983532,0.221203785,0.01921484991,0.026,0.007293833012,,,TabICL_regression03/runs/distribution_baselines_context_ratio/distribution_baselines_rows200_bins10_ctx20pct_5fold_library_defaults.json,TabICL_regression03/runs/distribution_baselines_context_ratio/distribution_baselines_rows200_bins10_ctx20pct_5fold_library_defaults.json,
ex3-3_context_ratio,20%,conformal_quantile,Moneyball,0.7211572223,0.05007609336,0.1187264837,0.01021598151,0.09489460675,0.008776705486,0.025,0.006841052551,,,TabICL_regression03/runs/distribution_baselines_context_ratio/distribution_baselines_rows200_bins10_ctx20pct_5fold_library_defaults.json,TabICL_regression03/runs/distribution_baselines_context_ratio/distribution_baselines_rows200_bins10_ctx20pct_5fold_library_defaults.json,
ex3-3_context_ratio,20%,conformal_quantile,pumadyn32nh,-0.26905763,0.04255039776,0.2400008411,0.005192574424,0.1838184153,0.005308351112,0.041,0.003033150178,,,TabICL_regression03/runs/distribution_baselines_context_ratio/distribution_baselines_rows200_bins10_ctx20pct_5fold_library_defaults.json,TabICL_regression03/runs/distribution_baselines_context_ratio/distribution_baselines_rows200_bins10_ctx20pct_5fold_library_defaults.json,
ex3-3_context_ratio,20%,conformal_quantile,QSAR_fish_toxicity,0.09143695683,0.1030931885,0.194041682,0.01108824139,0.1482152951,0.00800119547,0.024,0.007694153625,,,TabICL_regression03/runs/distribution_baselines_context_ratio/distribution_baselines_rows200_bins10_ctx20pct_5fold_library_defaults.json,TabICL_regression03/runs/distribution_baselines_context_ratio/distribution_baselines_rows200_bins10_ctx20pct_5fold_library_defaults.json,
ex3-3_context_ratio,20%,conformal_quantile,quake,-0.523821221,0.1460801746,0.3327665397,0.02829799728,0.2752317378,0.02487036743,0.055,0.005366563146,,,TabICL_regression03/runs/distribution_baselines_context_ratio/distribution_baselines_rows200_bins10_ctx20pct_5fold_library_defaults.json,TabICL_regression03/runs/distribution_baselines_context_ratio/distribution_baselines_rows200_bins10_ctx20pct_5fold_library_defaults.json,
ex3-3_context_ratio,20%,conformal_quantile,sensory,-0.5580883131,0.1630211993,0.3047254843,0.0205130641,0.254124904,0.01903888608,0.039,0.002966479395,,,TabICL_regression03/runs/distribution_baselines_context_ratio/distribution_baselines_rows200_bins10_ctx20pct_5fold_library_defaults.json,TabICL_regression03/runs/distribution_baselines_context_ratio/distribution_baselines_rows200_bins10_ctx20pct_5fold_library_defaults.json,
ex3-3_context_ratio,20%,conformal_quantile,socmob,-0.2783933215,0.3243780431,0.2038593421,0.03885674251,0.09542599925,0.02562991317,0.044,0.007924645102,,,TabICL_regression03/runs/distribution_baselines_context_ratio/distribution_baselines_rows200_bins10_ctx20pct_5fold_library_defaults.json,TabICL_regression03/runs/distribution_baselines_context_ratio/distribution_baselines_rows200_bins10_ctx20pct_5fold_library_defaults.json,
ex3-3_context_ratio,20%,conformal_quantile,space_ga,0.2884192535,0.07214482151,0.198986992,0.01414511615,0.1493096563,0.01104273282,0.034,0.005403702434,,,TabICL_regression03/runs/distribution_baselines_context_ratio/distribution_baselines_rows200_bins10_ctx20pct_5fold_library_defaults.json,TabICL_regression03/runs/distribution_baselines_context_ratio/distribution_baselines_rows200_bins10_ctx20pct_5fold_library_defaults.json,
ex3-3_context_ratio,20%,conformal_quantile,student_performance,-0.3200122342,0.05410933142,0.229410356,0.01107763098,0.1781831611,0.01351959289,0.042,0.005366563146,,,TabICL_regression03/runs/distribution_baselines_context_ratio/distribution_baselines_rows200_bins10_ctx20pct_5fold_library_defaults.json,TabICL_regression03/runs/distribution_baselines_context_ratio/distribution_baselines_rows200_bins10_ctx20pct_5fold_library_defaults.json,
ex3-3_context_ratio,50%,Diffusion_DDPM500_repeats100,abalone,0.4253571904,0.04355475184,0.1841536297,0.01079486388,0.1346952271,0.006722588997,0.015,0.004147288271,2.660904556,0.1534796177,TabICL_regression03/runs/6M/context_ratio_ddpm500_repeats100/step-120000_ddpm500_rows200_repeats100_ctx50pct_5fold.json,TabICL_regression03/runs/6M/context_ratio_ddpm500_repeats100/step-120000_ddpm500_rows200_repeats100_ctx50pct_5fold_bins10-uncertainty.json,
ex3-3_context_ratio,50%,Diffusion_DDPM500_repeats100,airfoil_self_noise,0.568764075,0.06657147189,0.1485268638,0.01048183781,0.1124429553,0.008196286237,0.016,0.00228035085,2.509800785,0.08279472475,TabICL_regression03/runs/6M/context_ratio_ddpm500_repeats100/step-120000_ddpm500_rows200_repeats100_ctx50pct_5fold.json,TabICL_regression03/runs/6M/context_ratio_ddpm500_repeats100/step-120000_ddpm500_rows200_repeats100_ctx50pct_5fold_bins10-uncertainty.json,
ex3-3_context_ratio,50%,Diffusion_DDPM500_repeats100,auction_verification,0.8702601448,0.01692666883,0.1080150632,0.007735434432,0.06530109404,0.003402550743,0.02,0.002607680962,1.365045585,0.1100781851,TabICL_regression03/runs/6M/context_ratio_ddpm500_repeats100/step-120000_ddpm500_rows200_repeats100_ctx50pct_5fold.json,TabICL_regression03/runs/6M/context_ratio_ddpm500_repeats100/step-120000_ddpm500_rows200_repeats100_ctx50pct_5fold_bins10-uncertainty.json,
ex3-3_context_ratio,50%,Diffusion_DDPM500_repeats100,boston,0.815625808,0.02397148331,0.09990515745,0.00826481978,0.06845019029,0.002810369326,0.021,0.00438178046,1.473866378,0.09142835315,TabICL_regression03/runs/6M/context_ratio_ddpm500_repeats100/step-120000_ddpm500_rows200_repeats100_ctx50pct_5fold.json,TabICL_regression03/runs/6M/context_ratio_ddpm500_repeats100/step-120000_ddpm500_rows200_repeats100_ctx50pct_5fold_bins10-uncertainty.json,
ex3-3_context_ratio,50%,Diffusion_DDPM500_repeats100,cars,0.8860580292,0.02693052405,0.07766951543,0.01049147979,0.04871392214,0.005791581351,0.024,0.000894427191,0.9838080379,0.0870935306,TabICL_regression03/runs/6M/context_ratio_ddpm500_repeats100/step-120000_ddpm500_rows200_repeats100_ctx50pct_5fold.json,TabICL_regression03/runs/6M/context_ratio_ddpm500_repeats100/step-120000_ddpm500_rows200_repeats100_ctx50pct_5fold_bins10-uncertainty.json,
ex3-3_context_ratio,50%,Diffusion_DDPM500_repeats100,concrete_compressive_strength,0.7291726156,0.04318770283,0.1292014995,0.01254224436,0.09690733559,0.008905257792,0.02,0.002449489743,2.197858053,0.1570903771,TabICL_regression03/runs/6M/context_ratio_ddpm500_repeats100/step-120000_ddpm500_rows200_repeats100_ctx50pct_5fold.json,TabICL_regression03/runs/6M/context_ratio_ddpm500_repeats100/step-120000_ddpm500_rows200_repeats100_ctx50pct_5fold_bins10-uncertainty.json,
ex3-3_context_ratio,50%,Diffusion_DDPM500_repeats100,cpu_activity,0.8620525925,0.05124211457,0.06751959294,0.01353361692,0.03200557787,0.004230026694,0.023,0.00657267069,0.8528795753,0.1024420105,TabICL_regression03/runs/6M/context_ratio_ddpm500_repeats100/step-120000_ddpm500_rows200_repeats100_ctx50pct_5fold.json,TabICL_regression03/runs/6M/context_ratio_ddpm500_repeats100/step-120000_ddpm500_rows200_repeats100_ctx50pct_5fold_bins10-uncertainty.json,
ex3-3_context_ratio,50%,Diffusion_DDPM500_repeats100,energy_efficiency,0.9679313635,0.005826286937,0.05452808243,0.006472840597,0.03478882054,0.004128328539,0.029,0.005176871642,0.4458528177,0.05947895964,TabICL_regression03/runs/6M/context_ratio_ddpm500_repeats100/step-120000_ddpm500_rows200_repeats100_ctx50pct_5fold.json,TabICL_regression03/runs/6M/context_ratio_ddpm500_repeats100/step-120000_ddpm500_rows200_repeats100_ctx50pct_5fold_bins10-uncertainty.json,
ex3-3_context_ratio,50%,Diffusion_DDPM500_repeats100,grid_stability,0.6215718831,0.0542996093,0.1605558145,0.009338560933,0.1306265966,0.006924535438,0.027,0.005176871642,2.74271907,0.07689284823,TabICL_regression03/runs/6M/context_ratio_ddpm500_repeats100/step-120000_ddpm500_rows200_repeats100_ctx50pct_5fold.json,TabICL_regression03/runs/6M/context_ratio_ddpm500_repeats100/step-120000_ddpm500_rows200_repeats100_ctx50pct_5fold_bins10-uncertainty.json,
ex3-3_context_ratio,50%,Diffusion_DDPM500_repeats100,kin8nm,0.2725296869,0.03750549818,0.2091477026,0.007318338426,0.1668529541,0.008126812621,0.028,0.001673320053,3.493345925,0.2075606943,TabICL_regression03/runs/6M/context_ratio_ddpm500_repeats100/step-120000_ddpm500_rows200_repeats100_ctx50pct_5fold.json,TabICL_regression03/runs/6M/context_ratio_ddpm500_repeats100/step-120000_ddpm500_rows200_repeats100_ctx50pct_5fold_bins10-uncertainty.json,
ex3-3_context_ratio,50%,Diffusion_DDPM500_repeats100,Moneyball,0.9214499893,0.01098096545,0.06360625201,0.004770592548,0.05209863684,0.004674068347,0.022,0.005176871642,1.182758782,0.08273627002,TabICL_regression03/runs/6M/context_ratio_ddpm500_repeats100/step-120000_ddpm500_rows200_repeats100_ctx50pct_5fold.json,TabICL_regression03/runs/6M/context_ratio_ddpm500_repeats100/step-120000_ddpm500_rows200_repeats100_ctx50pct_5fold_bins10-uncertainty.json,
ex3-3_context_ratio,50%,Diffusion_DDPM500_repeats100,pumadyn32nh,-0.00455228343,0.0450613913,0.2139740352,0.00875375626,0.1747157857,0.007234302886,0.024,0.004147288271,4.058570889,0.2917963836,TabICL_regression03/runs/6M/context_ratio_ddpm500_repeats100/step-120000_ddpm500_rows200_repeats100_ctx50pct_5fold.json,TabICL_regression03/runs/6M/context_ratio_ddpm500_repeats100/step-120000_ddpm500_rows200_repeats100_ctx50pct_5fold_bins10-uncertainty.json,
ex3-3_context_ratio,50%,Diffusion_DDPM500_repeats100,QSAR_fish_toxicity,0.4713238318,0.07201311419,0.14754999,0.008651421122,0.1077855579,0.004220680888,0.019,0.001673320053,2.564143176,0.1975634469,TabICL_regression03/runs/6M/context_ratio_ddpm500_repeats100/step-120000_ddpm500_rows200_repeats100_ctx50pct_5fold.json,TabICL_regression03/runs/6M/context_ratio_ddpm500_repeats100/step-120000_ddpm500_rows200_repeats100_ctx50pct_5fold_bins10-uncertainty.json,
ex3-3_context_ratio,50%,Diffusion_DDPM500_repeats100,quake,-0.1661444453,0.03657853639,0.2899652112,0.01145890334,0.2346417538,0.01340584627,0.018,0.003633180425,2.911628115,0.3320003897,TabICL_regression03/runs/6M/context_ratio_ddpm500_repeats100/step-120000_ddpm500_rows200_repeats100_ctx50pct_5fold.json,TabICL_regression03/runs/6M/context_ratio_ddpm500_repeats100/step-120000_ddpm500_rows200_repeats100_ctx50pct_5fold_bins10-uncertainty.json,
ex3-3_context_ratio,50%,Diffusion_DDPM500_repeats100,sensory,-0.007591838697,0.06213231848,0.2468934913,0.01507774458,0.1948002186,0.01378351376,0.023,0.00438178046,3.929607912,0.2802973514,TabICL_regression03/runs/6M/context_ratio_ddpm500_repeats100/step-120000_ddpm500_rows200_repeats100_ctx50pct_5fold.json,TabICL_regression03/runs/6M/context_ratio_ddpm500_repeats100/step-120000_ddpm500_rows200_repeats100_ctx50pct_5fold_bins10-uncertainty.json,
ex3-3_context_ratio,50%,Diffusion_DDPM500_repeats100,socmob,0.562599879,0.1401193419,0.1133500528,0.02063465331,0.04316576272,0.01068427287,0.038,0.004147288271,0.5202108467,0.1672150088,TabICL_regression03/runs/6M/context_ratio_ddpm500_repeats100/step-120000_ddpm500_rows200_repeats100_ctx50pct_5fold.json,TabICL_regression03/runs/6M/context_ratio_ddpm500_repeats100/step-120000_ddpm500_rows200_repeats100_ctx50pct_5fold_bins10-uncertainty.json,
ex3-3_context_ratio,50%,Diffusion_DDPM500_repeats100,space_ga,0.5035730367,0.04293373964,0.1670160549,0.01263507768,0.1304002379,0.01413485374,0.013,0.006418722614,2.361785954,0.1857298177,TabICL_regression03/runs/6M/context_ratio_ddpm500_repeats100/step-120000_ddpm500_rows200_repeats100_ctx50pct_5fold.json,TabICL_regression03/runs/6M/context_ratio_ddpm500_repeats100/step-120000_ddpm500_rows200_repeats100_ctx50pct_5fold_bins10-uncertainty.json,
ex3-3_context_ratio,50%,Diffusion_DDPM500_repeats100,student_performance,-0.03456127446,0.05968034512,0.2042179502,0.01482467894,0.1487914253,0.01482798011,0.021,0.003577708764,3.770273008,0.4146409858,TabICL_regression03/runs/6M/context_ratio_ddpm500_repeats100/step-120000_ddpm500_rows200_repeats100_ctx50pct_5fold.json,TabICL_regression03/runs/6M/context_ratio_ddpm500_repeats100/step-120000_ddpm500_rows200_repeats100_ctx50pct_5fold_bins10-uncertainty.json,
ex3-3_context_ratio,50%,nanoTabPFN,abalone,0.3454116084,0.0631281194,0.1946543372,0.004309171643,0.1451745016,0.00283478844,0.034,0.004098780306,1.743721993,0.07302888503,nanoTabPFN_version10_original02/6M/context_ratio/model_step_0120000_rows200_bins10_ctx50pct_5fold_eval.json,nanoTabPFN_version10_original02/6M/context_ratio/model_step_0120000_rows200_bins10_ctx50pct_5fold_eval.json,
ex3-3_context_ratio,50%,nanoTabPFN,airfoil_self_noise,0.6764420215,0.0523851576,0.1300726619,0.0108035671,0.1010740213,0.008784378239,0.035,0.004335896678,1.65302722,0.1388208692,nanoTabPFN_version10_original02/6M/context_ratio/model_step_0120000_rows200_bins10_ctx50pct_5fold_eval.json,nanoTabPFN_version10_original02/6M/context_ratio/model_step_0120000_rows200_bins10_ctx50pct_5fold_eval.json,
ex3-3_context_ratio,50%,nanoTabPFN,auction_verification,0.8312108251,0.01936018869,0.1234235221,0.006556862237,0.05800441623,0.004653512657,0.026,0.005291502622,0.4506917395,0.03918944394,nanoTabPFN_version10_original02/6M/context_ratio/model_step_0120000_rows200_bins10_ctx50pct_5fold_eval.json,nanoTabPFN_version10_original02/6M/context_ratio/model_step_0120000_rows200_bins10_ctx50pct_5fold_eval.json,
ex3-3_context_ratio,50%,nanoTabPFN,boston,0.7985184568,0.03598964064,0.1030034216,0.008673335348,0.07322818526,0.005990793727,0.035,0.004147288271,0.9092700595,0.08494976628,nanoTabPFN_version10_original02/6M/context_ratio/model_step_0120000_rows200_bins10_ctx50pct_5fold_eval.json,nanoTabPFN_version10_original02/6M/context_ratio/model_step_0120000_rows200_bins10_ctx50pct_5fold_eval.json,
ex3-3_context_ratio,50%,nanoTabPFN,cars,0.8931666029,0.01682498445,0.07605648049,0.004907731928,0.05112929895,0.004098004379,0.03,0.006260990337,0.7004733808,0.02694824502,nanoTabPFN_version10_original02/6M/context_ratio/model_step_0120000_rows200_bins10_ctx50pct_5fold_eval.json,nanoTabPFN_version10_original02/6M/context_ratio/model_step_0120000_rows200_bins10_ctx50pct_5fold_eval.json,
ex3-3_context_ratio,50%,nanoTabPFN,concrete_compressive_strength,0.7795047017,0.02451838663,0.1160775757,0.002462514473,0.08778506842,0.002987950744,0.028,0.005403702434,1.298693819,0.06509167584,nanoTabPFN_version10_original02/6M/context_ratio/model_step_0120000_rows200_bins10_ctx50pct_5fold_eval.json,nanoTabPFN_version10_original02/6M/context_ratio/model_step_0120000_rows200_bins10_ctx50pct_5fold_eval.json,
ex3-3_context_ratio,50%,nanoTabPFN,cpu_activity,0.7938223029,0.04368241754,0.08379833198,0.007921754273,0.03579741165,0.00175296744,0.04,0.007127411872,0.5275089111,0.07593728582,nanoTabPFN_version10_original02/6M/context_ratio/model_step_0120000_rows200_bins10_ctx50pct_5fold_eval.json,nanoTabPFN_version10_original02/6M/context_ratio/model_step_0120000_rows200_bins10_ctx50pct_5fold_eval.json,
ex3-3_context_ratio,50%,nanoTabPFN,energy_efficiency,0.9860881618,0.004866373059,0.03495692286,0.006453887191,0.02293346834,0.002544721823,0.041,0.008438009244,0.2275186227,0.02305057216,nanoTabPFN_version10_original02/6M/context_ratio/model_step_0120000_rows200_bins10_ctx50pct_5fold_eval.json,nanoTabPFN_version10_original02/6M/context_ratio/model_step_0120000_rows200_bins10_ctx50pct_5fold_eval.json,
ex3-3_context_ratio,50%,nanoTabPFN,grid_stability,0.7470539886,0.02273849415,0.1334838569,0.00623941426,0.1058576016,0.00532268802,0.022,0.003633180425,1.515649573,0.0372912705,nanoTabPFN_version10_original02/6M/context_ratio/model_step_0120000_rows200_bins10_ctx50pct_5fold_eval.json,nanoTabPFN_version10_original02/6M/context_ratio/model_step_0120000_rows200_bins10_ctx50pct_5fold_eval.json,
ex3-3_context_ratio,50%,nanoTabPFN,kin8nm,0.4131857963,0.03938773535,0.1882991399,0.01031455335,0.1504434501,0.008590708872,0.022,0.002683281573,2.451179621,0.08140843633,nanoTabPFN_version10_original02/6M/context_ratio/model_step_0120000_rows200_bins10_ctx50pct_5fold_eval.json,nanoTabPFN_version10_original02/6M/context_ratio/model_step_0120000_rows200_bins10_ctx50pct_5fold_eval.json,
ex3-3_context_ratio,50%,nanoTabPFN,Moneyball,0.9249474574,0.009681221109,0.06177169712,0.003406146681,0.04875971627,0.002942576931,0.028,0.004898979486,0.67343876,0.07096616321,nanoTabPFN_version10_original02/6M/context_ratio/model_step_0120000_rows200_bins10_ctx50pct_5fold_eval.json,nanoTabPFN_version10_original02/6M/context_ratio/model_step_0120000_rows200_bins10_ctx50pct_5fold_eval.json,
ex3-3_context_ratio,50%,nanoTabPFN,pumadyn32nh,-0.1759933213,0.08448407726,0.2316698944,0.01417624263,0.1844086283,0.01090246396,0.04,0.007071067812,2.509204481,0.2656346866,nanoTabPFN_version10_original02/6M/context_ratio/model_step_0120000_rows200_bins10_ctx50pct_5fold_eval.json,nanoTabPFN_version10_original02/6M/context_ratio/model_step_0120000_rows200_bins10_ctx50pct_5fold_eval.json,
ex3-3_context_ratio,50%,nanoTabPFN,QSAR_fish_toxicity,0.4233163143,0.07552991124,0.1545140158,0.01032454792,0.11291512,0.007178103267,0.027,0.007429670248,1.950940285,0.1703275662,nanoTabPFN_version10_original02/6M/context_ratio/model_step_0120000_rows200_bins10_ctx50pct_5fold_eval.json,nanoTabPFN_version10_original02/6M/context_ratio/model_step_0120000_rows200_bins10_ctx50pct_5fold_eval.json,
ex3-3_context_ratio,50%,nanoTabPFN,quake,-0.2904624921,0.1306553814,0.3029121494,0.01767850023,0.2491066265,0.01355196365,0.039,0.005403702434,2.702841859,0.2802785321,nanoTabPFN_version10_original02/6M/context_ratio/model_step_0120000_rows200_bins10_ctx50pct_5fold_eval.json,nanoTabPFN_version10_original02/6M/context_ratio/model_step_0120000_rows200_bins10_ctx50pct_5fold_eval.json,
ex3-3_context_ratio,50%,nanoTabPFN,sensory,0.003963308448,0.04581040793,0.2454779153,0.01326230613,0.192790969,0.01026661487,0.025,0.008876936408,3.165290224,0.2949511217,nanoTabPFN_version10_original02/6M/context_ratio/model_step_0120000_rows200_bins10_ctx50pct_5fold_eval.json,nanoTabPFN_version10_original02/6M/context_ratio/model_step_0120000_rows200_bins10_ctx50pct_5fold_eval.json,
ex3-3_context_ratio,50%,nanoTabPFN,socmob,0.2946741724,0.0706621783,0.1525665788,0.01421274427,0.05156516519,0.01045068944,0.03,0.002966479395,0.5544773531,0.08676124217,nanoTabPFN_version10_original02/6M/context_ratio/model_step_0120000_rows200_bins10_ctx50pct_5fold_eval.json,nanoTabPFN_version10_original02/6M/context_ratio/model_step_0120000_rows200_bins10_ctx50pct_5fold_eval.json,
ex3-3_context_ratio,50%,nanoTabPFN,space_ga,0.4417595242,0.01998377973,0.1793105655,0.01443619403,0.1342419125,0.0130754674,0.037,0.004147288271,1.773463596,0.1584406207,nanoTabPFN_version10_original02/6M/context_ratio/model_step_0120000_rows200_bins10_ctx50pct_5fold_eval.json,nanoTabPFN_version10_original02/6M/context_ratio/model_step_0120000_rows200_bins10_ctx50pct_5fold_eval.json,
ex3-3_context_ratio,50%,nanoTabPFN,student_performance,-0.09321950038,0.1190190903,0.2085115449,0.01764857528,0.1519603009,0.01828358769,0.035,0.004335896678,2.273843453,0.2151442747,nanoTabPFN_version10_original02/6M/context_ratio/model_step_0120000_rows200_bins10_ctx50pct_5fold_eval.json,nanoTabPFN_version10_original02/6M/context_ratio/model_step_0120000_rows200_bins10_ctx50pct_5fold_eval.json,
ex3-3_context_ratio,50%,ngboost,abalone,0.2497575233,0.04728568706,0.2101916864,0.009215447,0.1572760816,0.008155370961,0.102,0.007429670248,,,TabICL_regression03/runs/distribution_baselines_context_ratio/distribution_baselines_rows200_bins10_ctx50pct_5fold_library_defaults.json,TabICL_regression03/runs/distribution_baselines_context_ratio/distribution_baselines_rows200_bins10_ctx50pct_5fold_library_defaults.json,
ex3-3_context_ratio,50%,ngboost,airfoil_self_noise,0.5257821288,0.06447833669,0.1566913313,0.01059096754,0.1224640977,0.008641469671,0.099,0.007348469228,,,TabICL_regression03/runs/distribution_baselines_context_ratio/distribution_baselines_rows200_bins10_ctx50pct_5fold_library_defaults.json,TabICL_regression03/runs/distribution_baselines_context_ratio/distribution_baselines_rows200_bins10_ctx50pct_5fold_library_defaults.json,
ex3-3_context_ratio,50%,ngboost,auction_verification,0.8726401652,0.01772524808,0.106028656,0.008234287282,0.06127430308,0.004357870371,0.048,0.004774934555,,,TabICL_regression03/runs/distribution_baselines_context_ratio/distribution_baselines_rows200_bins10_ctx50pct_5fold_library_defaults.json,TabICL_regression03/runs/distribution_baselines_context_ratio/distribution_baselines_rows200_bins10_ctx50pct_5fold_library_defaults.json,
ex3-3_context_ratio,50%,ngboost,boston,0.8220057881,0.02474645021,0.09816783753,0.008835449084,0.07014397715,0.005045770112,0.125,0.00316227766,,,TabICL_regression03/runs/distribution_baselines_context_ratio/distribution_baselines_rows200_bins10_ctx50pct_5fold_library_defaults.json,TabICL_regression03/runs/distribution_baselines_context_ratio/distribution_baselines_rows200_bins10_ctx50pct_5fold_library_defaults.json,
ex3-3_context_ratio,50%,ngboost,cars,0.8537707776,0.03130169526,0.08915808721,0.01205105253,0.05884624218,0.006077975997,0.092,0.005761944116,,,TabICL_regression03/runs/distribution_baselines_context_ratio/distribution_baselines_rows200_bins10_ctx50pct_5fold_library_defaults.json,TabICL_regression03/runs/distribution_baselines_context_ratio/distribution_baselines_rows200_bins10_ctx50pct_5fold_library_defaults.json,
ex3-3_context_ratio,50%,ngboost,concrete_compressive_strength,0.6247531684,0.08416548417,0.1479411753,0.01644864805,0.1141696016,0.01214601957,0.117,0.008318653737,,,TabICL_regression03/runs/distribution_baselines_context_ratio/distribution_baselines_rows200_bins10_ctx50pct_5fold_library_defaults.json,TabICL_regression03/runs/distribution_baselines_context_ratio/distribution_baselines_rows200_bins10_ctx50pct_5fold_library_defaults.json,
ex3-3_context_ratio,50%,ngboost,cpu_activity,0.9646054379,0.01018968752,0.03413274886,0.003007388297,0.02348736027,0.001443834165,0.126,0.003346640106,,,TabICL_regression03/runs/distribution_baselines_context_ratio/distribution_baselines_rows200_bins10_ctx50pct_5fold_library_defaults.json,TabICL_regression03/runs/distribution_baselines_context_ratio/distribution_baselines_rows200_bins10_ctx50pct_5fold_library_defaults.json,
ex3-3_context_ratio,50%,ngboost,energy_efficiency,0.9849855209,0.002766377497,0.03719441079,0.004396999891,0.02484392387,0.002582561939,0.067,0.004774934555,,,TabICL_regression03/runs/distribution_baselines_context_ratio/distribution_baselines_rows200_bins10_ctx50pct_5fold_library_defaults.json,TabICL_regression03/runs/distribution_baselines_context_ratio/distribution_baselines_rows200_bins10_ctx50pct_5fold_library_defaults.json,
ex3-3_context_ratio,50%,ngboost,grid_stability,0.5592787989,0.05222910797,0.1741878819,0.007244058995,0.1401832089,0.00588385026,0.138,0.005585696018,,,TabICL_regression03/runs/distribution_baselines_context_ratio/distribution_baselines_rows200_bins10_ctx50pct_5fold_library_defaults.json,TabICL_regression03/runs/distribution_baselines_context_ratio/distribution_baselines_rows200_bins10_ctx50pct_5fold_library_defaults.json,
ex3-3_context_ratio,50%,ngboost,kin8nm,0.263712404,0.03998980436,0.2107517828,0.009606592177,0.1649516378,0.007556750616,0.112,0.003033150178,,,TabICL_regression03/runs/distribution_baselines_context_ratio/distribution_baselines_rows200_bins10_ctx50pct_5fold_library_defaults.json,TabICL_regression03/runs/distribution_baselines_context_ratio/distribution_baselines_rows200_bins10_ctx50pct_5fold_library_defaults.json,
ex3-3_context_ratio,50%,ngboost,Moneyball,0.8942880874,0.01278809396,0.07337701524,0.003551382246,0.0566271505,0.004579372843,0.12,0.008,,,TabICL_regression03/runs/distribution_baselines_context_ratio/distribution_baselines_rows200_bins10_ctx50pct_5fold_library_defaults.json,TabICL_regression03/runs/distribution_baselines_context_ratio/distribution_baselines_rows200_bins10_ctx50pct_5fold_library_defaults.json,
ex3-3_context_ratio,50%,ngboost,pumadyn32nh,-0.09646902996,0.02542303821,0.2237694412,0.008320764713,0.1830731324,0.006137403137,0.121,0.001673320053,,,TabICL_regression03/runs/distribution_baselines_context_ratio/distribution_baselines_rows200_bins10_ctx50pct_5fold_library_defaults.json,TabICL_regression03/runs/distribution_baselines_context_ratio/distribution_baselines_rows200_bins10_ctx50pct_5fold_library_defaults.json,
ex3-3_context_ratio,50%,ngboost,QSAR_fish_toxicity,0.4528383897,0.05038540521,0.1503062186,0.00269337879,0.1111375813,0.002664507712,0.094,0.007924645102,,,TabICL_regression03/runs/distribution_baselines_context_ratio/distribution_baselines_rows200_bins10_ctx50pct_5fold_library_defaults.json,TabICL_regression03/runs/distribution_baselines_context_ratio/distribution_baselines_rows200_bins10_ctx50pct_5fold_library_defaults.json,
ex3-3_context_ratio,50%,ngboost,quake,-0.3546600356,0.09263081007,0.3112622454,0.01276825413,0.2475860453,0.01602342362,0.101,0.005727128425,,,TabICL_regression03/runs/distribution_baselines_context_ratio/distribution_baselines_rows200_bins10_ctx50pct_5fold_library_defaults.json,TabICL_regression03/runs/distribution_baselines_context_ratio/distribution_baselines_rows200_bins10_ctx50pct_5fold_library_defaults.json,
ex3-3_context_ratio,50%,ngboost,sensory,-0.1216867128,0.08171182334,0.2607302826,0.01816219614,0.209095642,0.01353435274,0.082,0.007293833012,,,TabICL_regression03/runs/distribution_baselines_context_ratio/distribution_baselines_rows200_bins10_ctx50pct_5fold_library_defaults.json,TabICL_regression03/runs/distribution_baselines_context_ratio/distribution_baselines_rows200_bins10_ctx50pct_5fold_library_defaults.json,
ex3-3_context_ratio,50%,ngboost,socmob,0.5505443526,0.1219338402,0.1183301649,0.02473223764,0.04519873953,0.01243422949,0.085,0.007402702209,,,TabICL_regression03/runs/distribution_baselines_context_ratio/distribution_baselines_rows200_bins10_ctx50pct_5fold_library_defaults.json,TabICL_regression03/runs/distribution_baselines_context_ratio/distribution_baselines_rows200_bins10_ctx50pct_5fold_library_defaults.json,
ex3-3_context_ratio,50%,ngboost,space_ga,0.3682142462,0.058968495,0.1891832438,0.01714782659,0.1481517969,0.01573951392,0.118,0.003633180425,,,TabICL_regression03/runs/distribution_baselines_context_ratio/distribution_baselines_rows200_bins10_ctx50pct_5fold_library_defaults.json,TabICL_regression03/runs/distribution_baselines_context_ratio/distribution_baselines_rows200_bins10_ctx50pct_5fold_library_defaults.json,
ex3-3_context_ratio,50%,ngboost,student_performance,-0.1541920217,0.153874698,0.215590969,0.0237952666,0.1574030404,0.01936189605,0.098,0.00593295879,,,TabICL_regression03/runs/distribution_baselines_context_ratio/distribution_baselines_rows200_bins10_ctx50pct_5fold_library_defaults.json,TabICL_regression03/runs/distribution_baselines_context_ratio/distribution_baselines_rows200_bins10_ctx50pct_5fold_library_defaults.json,
ex3-3_context_ratio,50%,catboost,abalone,0.3126571306,0.03798028255,0.2013767879,0.008414190212,0.1475265172,0.006806298081,0.108,0.008318653737,,,TabICL_regression03/runs/distribution_baselines_context_ratio/distribution_baselines_rows200_bins10_ctx50pct_5fold_library_defaults.json,TabICL_regression03/runs/distribution_baselines_context_ratio/distribution_baselines_rows200_bins10_ctx50pct_5fold_library_defaults.json,
ex3-3_context_ratio,50%,catboost,airfoil_self_noise,0.5511391004,0.06138634467,0.1519431109,0.00839132406,0.1167993963,0.007916036171,0.118,0.0045607017,,,TabICL_regression03/runs/distribution_baselines_context_ratio/distribution_baselines_rows200_bins10_ctx50pct_5fold_library_defaults.json,TabICL_regression03/runs/distribution_baselines_context_ratio/distribution_baselines_rows200_bins10_ctx50pct_5fold_library_defaults.json,
ex3-3_context_ratio,50%,catboost,auction_verification,0.8354241707,0.0294780099,0.1198472345,0.01078037341,0.0719653992,0.005789443538,0.122,0.004604345773,,,TabICL_regression03/runs/distribution_baselines_context_ratio/distribution_baselines_rows200_bins10_ctx50pct_5fold_library_defaults.json,TabICL_regression03/runs/distribution_baselines_context_ratio/distribution_baselines_rows200_bins10_ctx50pct_5fold_library_defaults.json,
ex3-3_context_ratio,50%,catboost,boston,0.7663923335,0.03150042666,0.1128689892,0.009994870393,0.07716316621,0.003805890368,0.118,0.0045607017,,,TabICL_regression03/runs/distribution_baselines_context_ratio/distribution_baselines_rows200_bins10_ctx50pct_5fold_library_defaults.json,TabICL_regression03/runs/distribution_baselines_context_ratio/distribution_baselines_rows200_bins10_ctx50pct_5fold_library_defaults.json,
ex3-3_context_ratio,50%,catboost,cars,0.8283983928,0.04941868395,0.09250959935,0.009936165089,0.05747242292,0.004797368315,0.111,0.006870225615,,,TabICL_regression03/runs/distribution_baselines_context_ratio/distribution_baselines_rows200_bins10_ctx50pct_5fold_library_defaults.json,TabICL_regression03/runs/distribution_baselines_context_ratio/distribution_baselines_rows200_bins10_ctx50pct_5fold_library_defaults.json,
ex3-3_context_ratio,50%,catboost,concrete_compressive_strength,0.6438729051,0.06030029917,0.1473879532,0.01560669323,0.1114845526,0.0133999331,0.116,0.006387487769,,,TabICL_regression03/runs/distribution_baselines_context_ratio/distribution_baselines_rows200_bins10_ctx50pct_5fold_library_defaults.json,TabICL_regression03/runs/distribution_baselines_context_ratio/distribution_baselines_rows200_bins10_ctx50pct_5fold_library_defaults.json,
ex3-3_context_ratio,50%,catboost,cpu_activity,0.4757744576,0.07528822156,0.1450207404,0.01818063671,0.05978647418,0.005582618995,0.122,0.004604345773,,,TabICL_regression03/runs/distribution_baselines_context_ratio/distribution_baselines_rows200_bins10_ctx50pct_5fold_library_defaults.json,TabICL_regression03/runs/distribution_baselines_context_ratio/distribution_baselines_rows200_bins10_ctx50pct_5fold_library_defaults.json,
ex3-3_context_ratio,50%,catboost,energy_efficiency,0.968770058,0.008901466598,0.0521608871,0.00756310096,0.03480504739,0.004272360783,0.121,0.005585696018,,,TabICL_regression03/runs/distribution_baselines_context_ratio/distribution_baselines_rows200_bins10_ctx50pct_5fold_library_defaults.json,TabICL_regression03/runs/distribution_baselines_context_ratio/distribution_baselines_rows200_bins10_ctx50pct_5fold_library_defaults.json,
ex3-3_context_ratio,50%,catboost,grid_stability,0.5127090731,0.05196992665,0.1837031562,0.005973461306,0.1523420806,0.004405420722,0.141,0.003577708764,,,TabICL_regression03/runs/distribution_baselines_context_ratio/distribution_baselines_rows200_bins10_ctx50pct_5fold_library_defaults.json,TabICL_regression03/runs/distribution_baselines_context_ratio/distribution_baselines_rows200_bins10_ctx50pct_5fold_library_defaults.json,
ex3-3_context_ratio,50%,catboost,kin8nm,0.3105396709,0.0249474656,0.2041370513,0.008157417836,0.1640981904,0.007972479863,0.144,0.004774934555,,,TabICL_regression03/runs/distribution_baselines_context_ratio/distribution_baselines_rows200_bins10_ctx50pct_5fold_library_defaults.json,TabICL_regression03/runs/distribution_baselines_context_ratio/distribution_baselines_rows200_bins10_ctx50pct_5fold_library_defaults.json,
ex3-3_context_ratio,50%,catboost,Moneyball,0.8824790352,0.01113357001,0.07803767728,0.00414457523,0.06154002833,0.004441733214,0.121,0.006693280212,,,TabICL_regression03/runs/distribution_baselines_context_ratio/distribution_baselines_rows200_bins10_ctx50pct_5fold_library_defaults.json,TabICL_regression03/runs/distribution_baselines_context_ratio/distribution_baselines_rows200_bins10_ctx50pct_5fold_library_defaults.json,
ex3-3_context_ratio,50%,catboost,pumadyn32nh,-0.0233299399,0.03458882614,0.2159614817,0.00770946307,0.1726791249,0.006093560972,0.133,0.00438178046,,,TabICL_regression03/runs/distribution_baselines_context_ratio/distribution_baselines_rows200_bins10_ctx50pct_5fold_library_defaults.json,TabICL_regression03/runs/distribution_baselines_context_ratio/distribution_baselines_rows200_bins10_ctx50pct_5fold_library_defaults.json,
ex3-3_context_ratio,50%,catboost,QSAR_fish_toxicity,0.4444941744,0.03256370013,0.153213601,0.008112697442,0.1100143221,0.005596423814,0.125,0.006164414003,,,TabICL_regression03/runs/distribution_baselines_context_ratio/distribution_baselines_rows200_bins10_ctx50pct_5fold_library_defaults.json,TabICL_regression03/runs/distribution_baselines_context_ratio/distribution_baselines_rows200_bins10_ctx50pct_5fold_library_defaults.json,
ex3-3_context_ratio,50%,catboost,quake,-0.4559658603,0.1162621569,0.3225573296,0.01592873373,0.2577482538,0.01687877402,0.131,0.003847076812,,,TabICL_regression03/runs/distribution_baselines_context_ratio/distribution_baselines_rows200_bins10_ctx50pct_5fold_library_defaults.json,TabICL_regression03/runs/distribution_baselines_context_ratio/distribution_baselines_rows200_bins10_ctx50pct_5fold_library_defaults.json,
ex3-3_context_ratio,50%,catboost,sensory,-0.08133876409,0.06750464441,0.2557903806,0.01586093825,0.2039523425,0.01395277394,0.147,0.001788854382,,,TabICL_regression03/runs/distribution_baselines_context_ratio/distribution_baselines_rows200_bins10_ctx50pct_5fold_library_defaults.json,TabICL_regression03/runs/distribution_baselines_context_ratio/distribution_baselines_rows200_bins10_ctx50pct_5fold_library_defaults.json,
ex3-3_context_ratio,50%,catboost,socmob,0.5253946589,0.06488051856,0.1236673859,0.01018067246,0.04479697902,0.008520639398,0.126,0.004604345773,,,TabICL_regression03/runs/distribution_baselines_context_ratio/distribution_baselines_rows200_bins10_ctx50pct_5fold_library_defaults.json,TabICL_regression03/runs/distribution_baselines_context_ratio/distribution_baselines_rows200_bins10_ctx50pct_5fold_library_defaults.json,
ex3-3_context_ratio,50%,catboost,space_ga,0.370454386,0.026117581,0.189302037,0.01319709781,0.1442108198,0.01387195737,0.137,0.003633180425,,,TabICL_regression03/runs/distribution_baselines_context_ratio/distribution_baselines_rows200_bins10_ctx50pct_5fold_library_defaults.json,TabICL_regression03/runs/distribution_baselines_context_ratio/distribution_baselines_rows200_bins10_ctx50pct_5fold_library_defaults.json,
ex3-3_context_ratio,50%,catboost,student_performance,-0.03124790216,0.06542414128,0.2036653209,0.0148567417,0.1461202894,0.01475334627,0.129,0.004774934555,,,TabICL_regression03/runs/distribution_baselines_context_ratio/distribution_baselines_rows200_bins10_ctx50pct_5fold_library_defaults.json,TabICL_regression03/runs/distribution_baselines_context_ratio/distribution_baselines_rows200_bins10_ctx50pct_5fold_library_defaults.json,
ex3-3_context_ratio,50%,xgboost,abalone,0.2194613855,0.08993763762,0.2142935082,0.01626420888,0.1705715072,0.01396490206,0.075,0.007536577473,,,TabICL_regression03/runs/distribution_baselines_context_ratio/distribution_baselines_rows200_bins10_ctx50pct_5fold_library_defaults.json,TabICL_regression03/runs/distribution_baselines_context_ratio/distribution_baselines_rows200_bins10_ctx50pct_5fold_library_defaults.json,
ex3-3_context_ratio,50%,xgboost,airfoil_self_noise,0.311725573,0.07440768317,0.1897471331,0.009980102527,0.144785032,0.009281767827,0.101,0.006870225615,,,TabICL_regression03/runs/distribution_baselines_context_ratio/distribution_baselines_rows200_bins10_ctx50pct_5fold_library_defaults.json,TabICL_regression03/runs/distribution_baselines_context_ratio/distribution_baselines_rows200_bins10_ctx50pct_5fold_library_defaults.json,
ex3-3_context_ratio,50%,xgboost,auction_verification,0.7185718631,0.03228226903,0.1593105191,0.008425280071,0.1109715048,0.00649859935,0.095,0.005176871642,,,TabICL_regression03/runs/distribution_baselines_context_ratio/distribution_baselines_rows200_bins10_ctx50pct_5fold_library_defaults.json,TabICL_regression03/runs/distribution_baselines_context_ratio/distribution_baselines_rows200_bins10_ctx50pct_5fold_library_defaults.json,
ex3-3_context_ratio,50%,xgboost,boston,0.7056088303,0.008278361228,0.1272609046,0.004482664515,0.09457485725,0.002789515786,0.079,0.001673320053,,,TabICL_regression03/runs/distribution_baselines_context_ratio/distribution_baselines_rows200_bins10_ctx50pct_5fold_library_defaults.json,TabICL_regression03/runs/distribution_baselines_context_ratio/distribution_baselines_rows200_bins10_ctx50pct_5fold_library_defaults.json,
ex3-3_context_ratio,50%,xgboost,cars,0.7745097699,0.03704756143,0.1102863193,0.007733398504,0.07775910497,0.00708747651,0.076,0.008197560613,,,TabICL_regression03/runs/distribution_baselines_context_ratio/distribution_baselines_rows200_bins10_ctx50pct_5fold_library_defaults.json,TabICL_regression03/runs/distribution_baselines_context_ratio/distribution_baselines_rows200_bins10_ctx50pct_5fold_library_defaults.json,
ex3-3_context_ratio,50%,xgboost,concrete_compressive_strength,0.4800982276,0.1264193436,0.1746596314,0.02353633784,0.1319243858,0.01591708503,0.068,0.004335896678,,,TabICL_regression03/runs/distribution_baselines_context_ratio/distribution_baselines_rows200_bins10_ctx50pct_5fold_library_defaults.json,TabICL_regression03/runs/distribution_baselines_context_ratio/distribution_baselines_rows200_bins10_ctx50pct_5fold_library_defaults.json,
ex3-3_context_ratio,50%,xgboost,cpu_activity,0.5277920622,0.1044159396,0.1348044097,0.02127957592,0.06504758048,0.006368999664,0.08,0.004472135955,,,TabICL_regression03/runs/distribution_baselines_context_ratio/distribution_baselines_rows200_bins10_ctx50pct_5fold_library_defaults.json,TabICL_regression03/runs/distribution_baselines_context_ratio/distribution_baselines_rows200_bins10_ctx50pct_5fold_library_defaults.json,
ex3-3_context_ratio,50%,xgboost,energy_efficiency,0.9265303546,0.01169929825,0.08300621077,0.006867035188,0.05986169802,0.004595502444,0.086,0.004472135955,,,TabICL_regression03/runs/distribution_baselines_context_ratio/distribution_baselines_rows200_bins10_ctx50pct_5fold_library_defaults.json,TabICL_regression03/runs/distribution_baselines_context_ratio/distribution_baselines_rows200_bins10_ctx50pct_5fold_library_defaults.json,
ex3-3_context_ratio,50%,xgboost,grid_stability,0.2758811578,0.0882705881,0.223290199,0.01048637169,0.1842974572,0.01038231841,0.086,0.006723094526,,,TabICL_regression03/runs/distribution_baselines_context_ratio/distribution_baselines_rows200_bins10_ctx50pct_5fold_library_defaults.json,TabICL_regression03/runs/distribution_baselines_context_ratio/distribution_baselines_rows200_bins10_ctx50pct_5fold_library_defaults.json,
ex3-3_context_ratio,50%,xgboost,kin8nm,0.08841937292,0.07050241981,0.2349694993,0.01531827238,0.1802374559,0.0126052038,0.083,0.006387487769,,,TabICL_regression03/runs/distribution_baselines_context_ratio/distribution_baselines_rows200_bins10_ctx50pct_5fold_library_defaults.json,TabICL_regression03/runs/distribution_baselines_context_ratio/distribution_baselines_rows200_bins10_ctx50pct_5fold_library_defaults.json,
ex3-3_context_ratio,50%,xgboost,Moneyball,0.8165062125,0.02675138159,0.09650032617,0.006237068432,0.07698206512,0.006217896442,0.081,0.004604345773,,,TabICL_regression03/runs/distribution_baselines_context_ratio/distribution_baselines_rows200_bins10_ctx50pct_5fold_library_defaults.json,TabICL_regression03/runs/distribution_baselines_context_ratio/distribution_baselines_rows200_bins10_ctx50pct_5fold_library_defaults.json,
ex3-3_context_ratio,50%,xgboost,pumadyn32nh,-0.281218809,0.0764283092,0.2412037687,0.01006835793,0.1911497227,0.009350060742,0.091,0.003633180425,,,TabICL_regression03/runs/distribution_baselines_context_ratio/distribution_baselines_rows200_bins10_ctx50pct_5fold_library_defaults.json,TabICL_regression03/runs/distribution_baselines_context_ratio/distribution_baselines_rows200_bins10_ctx50pct_5fold_library_defaults.json,
ex3-3_context_ratio,50%,xgboost,QSAR_fish_toxicity,0.4004420977,0.0531782133,0.1592804304,0.01118984279,0.1170922287,0.007978110369,0.068,0.004604345773,,,TabICL_regression03/runs/distribution_baselines_context_ratio/distribution_baselines_rows200_bins10_ctx50pct_5fold_library_defaults.json,TabICL_regression03/runs/distribution_baselines_context_ratio/distribution_baselines_rows200_bins10_ctx50pct_5fold_library_defaults.json,
ex3-3_context_ratio,50%,xgboost,quake,-0.7393842869,0.2652384251,0.349399878,0.02803531992,0.2927176429,0.02609149388,0.083,0.00316227766,,,TabICL_regression03/runs/distribution_baselines_context_ratio/distribution_baselines_rows200_bins10_ctx50pct_5fold_library_defaults.json,TabICL_regression03/runs/distribution_baselines_context_ratio/distribution_baselines_rows200_bins10_ctx50pct_5fold_library_defaults.json,
ex3-3_context_ratio,50%,xgboost,sensory,-0.4657959883,0.1586945411,0.2973707957,0.0255833241,0.2367164136,0.02264371105,0.081,0.007127411872,,,TabICL_regression03/runs/distribution_baselines_context_ratio/distribution_baselines_rows200_bins10_ctx50pct_5fold_library_defaults.json,TabICL_regression03/runs/distribution_baselines_context_ratio/distribution_baselines_rows200_bins10_ctx50pct_5fold_library_defaults.json,
ex3-3_context_ratio,50%,xgboost,socmob,0.367331303,0.1551434669,0.1403715733,0.02605603958,0.06217085606,0.01531636295,0.09,0.004979959839,,,TabICL_regression03/runs/distribution_baselines_context_ratio/distribution_baselines_rows200_bins10_ctx50pct_5fold_library_defaults.json,TabICL_regression03/runs/distribution_baselines_context_ratio/distribution_baselines_rows200_bins10_ctx50pct_5fold_library_defaults.json,
ex3-3_context_ratio,50%,xgboost,space_ga,0.3540386214,0.03503163074,0.1915372044,0.01373591563,0.1459558119,0.01456228917,0.087,0.00554977477,,,TabICL_regression03/runs/distribution_baselines_context_ratio/distribution_baselines_rows200_bins10_ctx50pct_5fold_library_defaults.json,TabICL_regression03/runs/distribution_baselines_context_ratio/distribution_baselines_rows200_bins10_ctx50pct_5fold_library_defaults.json,
ex3-3_context_ratio,50%,xgboost,student_performance,-0.3319407815,0.1100989271,0.23068687,0.01730896851,0.1676208222,0.01847480815,0.081,0.006066300355,,,TabICL_regression03/runs/distribution_baselines_context_ratio/distribution_baselines_rows200_bins10_ctx50pct_5fold_library_defaults.json,TabICL_regression03/runs/distribution_baselines_context_ratio/distribution_baselines_rows200_bins10_ctx50pct_5fold_library_defaults.json,
ex3-3_context_ratio,50%,gaussian_process,abalone,0.1487910431,0.08743263018,0.2241087336,0.01698065255,0.1680717914,0.01262188661,0.036,0.005099019514,,,TabICL_regression03/runs/distribution_baselines_context_ratio/distribution_baselines_rows200_bins10_ctx50pct_5fold_library_defaults.json,TabICL_regression03/runs/distribution_baselines_context_ratio/distribution_baselines_rows200_bins10_ctx50pct_5fold_library_defaults.json,
ex3-3_context_ratio,50%,gaussian_process,airfoil_self_noise,0.5952233579,0.06110034625,0.1443163973,0.009438202433,0.1105964754,0.00793235665,0.018,0.00554977477,,,TabICL_regression03/runs/distribution_baselines_context_ratio/distribution_baselines_rows200_bins10_ctx50pct_5fold_library_defaults.json,TabICL_regression03/runs/distribution_baselines_context_ratio/distribution_baselines_rows200_bins10_ctx50pct_5fold_library_defaults.json,
ex3-3_context_ratio,50%,gaussian_process,auction_verification,0.2232188399,0.1135047408,0.2649202579,0.02315915784,0.2162336458,0.02716985112,0.076,0.01109954954,,,TabICL_regression03/runs/distribution_baselines_context_ratio/distribution_baselines_rows200_bins10_ctx50pct_5fold_library_defaults.json,TabICL_regression03/runs/distribution_baselines_context_ratio/distribution_baselines_rows200_bins10_ctx50pct_5fold_library_defaults.json,
ex3-3_context_ratio,50%,gaussian_process,boston,0.7391513413,0.04343961995,0.1176105588,0.009486450457,0.07969300265,0.003074009147,0.018,0.00228035085,,,TabICL_regression03/runs/distribution_baselines_context_ratio/distribution_baselines_rows200_bins10_ctx50pct_5fold_library_defaults.json,TabICL_regression03/runs/distribution_baselines_context_ratio/distribution_baselines_rows200_bins10_ctx50pct_5fold_library_defaults.json,
ex3-3_context_ratio,50%,gaussian_process,cars,0.8997419444,0.0122961778,0.07408837081,0.001917116832,0.04814007083,0.00419992495,0.027,0.004335896678,,,TabICL_regression03/runs/distribution_baselines_context_ratio/distribution_baselines_rows200_bins10_ctx50pct_5fold_library_defaults.json,TabICL_regression03/runs/distribution_baselines_context_ratio/distribution_baselines_rows200_bins10_ctx50pct_5fold_library_defaults.json,
ex3-3_context_ratio,50%,gaussian_process,concrete_compressive_strength,0.4875657191,0.09693234863,0.1761483828,0.01980659408,0.1333382515,0.01564790242,0.017,0.004335896678,,,TabICL_regression03/runs/distribution_baselines_context_ratio/distribution_baselines_rows200_bins10_ctx50pct_5fold_library_defaults.json,TabICL_regression03/runs/distribution_baselines_context_ratio/distribution_baselines_rows200_bins10_ctx50pct_5fold_library_defaults.json,
ex3-3_context_ratio,50%,gaussian_process,cpu_activity,0.7993184257,0.05931317581,0.08435581826,0.009626771998,0.03991245228,0.003663337256,0.037,0.003033150178,,,TabICL_regression03/runs/distribution_baselines_context_ratio/distribution_baselines_rows200_bins10_ctx50pct_5fold_library_defaults.json,TabICL_regression03/runs/distribution_baselines_context_ratio/distribution_baselines_rows200_bins10_ctx50pct_5fold_library_defaults.json,
ex3-3_context_ratio,50%,gaussian_process,energy_efficiency,0.8910735214,0.02087733643,0.1001597843,0.01152838969,0.0701937063,0.007517038456,0.037,0.005099019514,,,TabICL_regression03/runs/distribution_baselines_context_ratio/distribution_baselines_rows200_bins10_ctx50pct_5fold_library_defaults.json,TabICL_regression03/runs/distribution_baselines_context_ratio/distribution_baselines_rows200_bins10_ctx50pct_5fold_library_defaults.json,
ex3-3_context_ratio,50%,gaussian_process,grid_stability,0.6755142282,0.03750642381,0.149572364,0.006157828799,0.1144588712,0.005114595695,0.016,0.002828427125,,,TabICL_regression03/runs/distribution_baselines_context_ratio/distribution_baselines_rows200_bins10_ctx50pct_5fold_library_defaults.json,TabICL_regression03/runs/distribution_baselines_context_ratio/distribution_baselines_rows200_bins10_ctx50pct_5fold_library_defaults.json,
ex3-3_context_ratio,50%,gaussian_process,kin8nm,0.3863026186,0.03451999953,0.1926241669,0.009565486204,0.1551126336,0.007189439245,0.017,0.002607680962,,,TabICL_regression03/runs/distribution_baselines_context_ratio/distribution_baselines_rows200_bins10_ctx50pct_5fold_library_defaults.json,TabICL_regression03/runs/distribution_baselines_context_ratio/distribution_baselines_rows200_bins10_ctx50pct_5fold_library_defaults.json,
ex3-3_context_ratio,50%,gaussian_process,Moneyball,0.9450280791,0.007036812226,0.05301859443,0.00304650582,0.04228047874,0.002658897829,0.012,0.004472135955,,,TabICL_regression03/runs/distribution_baselines_context_ratio/distribution_baselines_rows200_bins10_ctx50pct_5fold_library_defaults.json,TabICL_regression03/runs/distribution_baselines_context_ratio/distribution_baselines_rows200_bins10_ctx50pct_5fold_library_defaults.json,
ex3-3_context_ratio,50%,gaussian_process,pumadyn32nh,-0.0183039251,0.005834973491,0.2156199302,0.007248492854,0.1723801603,0.006578603953,0.015,0.003286335345,,,TabICL_regression03/runs/distribution_baselines_context_ratio/distribution_baselines_rows200_bins10_ctx50pct_5fold_library_defaults.json,TabICL_regression03/runs/distribution_baselines_context_ratio/distribution_baselines_rows200_bins10_ctx50pct_5fold_library_defaults.json,
ex3-3_context_ratio,50%,gaussian_process,QSAR_fish_toxicity,0.4728611665,0.03896509993,0.1490558347,0.007771511804,0.1068658596,0.005972337993,0.026,0.007293833012,,,TabICL_regression03/runs/distribution_baselines_context_ratio/distribution_baselines_rows200_bins10_ctx50pct_5fold_library_defaults.json,TabICL_regression03/runs/distribution_baselines_context_ratio/distribution_baselines_rows200_bins10_ctx50pct_5fold_library_defaults.json,
ex3-3_context_ratio,50%,gaussian_process,quake,-0.07438229429,0.01683729327,0.2787669737,0.01167552834,0.2278640287,0.01392977683,0.076,0.003286335345,,,TabICL_regression03/runs/distribution_baselines_context_ratio/distribution_baselines_rows200_bins10_ctx50pct_5fold_library_defaults.json,TabICL_regression03/runs/distribution_baselines_context_ratio/distribution_baselines_rows200_bins10_ctx50pct_5fold_library_defaults.json,
ex3-3_context_ratio,50%,gaussian_process,sensory,-0.02671215592,0.02226304846,0.2487149978,0.008851694681,0.1928123752,0.00872022439,0.051,0.003033150178,,,TabICL_regression03/runs/distribution_baselines_context_ratio/distribution_baselines_rows200_bins10_ctx50pct_5fold_library_defaults.json,TabICL_regression03/runs/distribution_baselines_context_ratio/distribution_baselines_rows200_bins10_ctx50pct_5fold_library_defaults.json,
ex3-3_context_ratio,50%,gaussian_process,socmob,0.2550591389,0.1902390317,0.1492776126,0.02285754388,0.06554385191,0.01459374495,0.042,0.008555699854,,,TabICL_regression03/runs/distribution_baselines_context_ratio/distribution_baselines_rows200_bins10_ctx50pct_5fold_library_defaults.json,TabICL_regression03/runs/distribution_baselines_context_ratio/distribution_baselines_rows200_bins10_ctx50pct_5fold_library_defaults.json,
ex3-3_context_ratio,50%,gaussian_process,space_ga,0.1263235857,0.1144675646,0.2236242071,0.02712222937,0.1784338927,0.02613449951,0.013,0.006099180273,,,TabICL_regression03/runs/distribution_baselines_context_ratio/distribution_baselines_rows200_bins10_ctx50pct_5fold_library_defaults.json,TabICL_regression03/runs/distribution_baselines_context_ratio/distribution_baselines_rows200_bins10_ctx50pct_5fold_library_defaults.json,
ex3-3_context_ratio,50%,gaussian_process,student_performance,0.03273156595,0.04804480195,0.1972531578,0.01320087491,0.1416363734,0.0108768997,0.019,0.002828427125,,,TabICL_regression03/runs/distribution_baselines_context_ratio/distribution_baselines_rows200_bins10_ctx50pct_5fold_library_defaults.json,TabICL_regression03/runs/distribution_baselines_context_ratio/distribution_baselines_rows200_bins10_ctx50pct_5fold_library_defaults.json,
ex3-3_context_ratio,50%,conformal_quantile,abalone,0.03909773778,0.1325557919,0.2342795945,0.01443497127,0.187702397,0.01218732741,0.029,0.004147288271,,,TabICL_regression03/runs/distribution_baselines_context_ratio/distribution_baselines_rows200_bins10_ctx50pct_5fold_library_defaults.json,TabICL_regression03/runs/distribution_baselines_context_ratio/distribution_baselines_rows200_bins10_ctx50pct_5fold_library_defaults.json,
ex3-3_context_ratio,50%,conformal_quantile,airfoil_self_noise,0.5036057058,0.05439139308,0.1617742452,0.01088053632,0.1321185067,0.008360290922,0.037,0.006418722614,,,TabICL_regression03/runs/distribution_baselines_context_ratio/distribution_baselines_rows200_bins10_ctx50pct_5fold_library_defaults.json,TabICL_regression03/runs/distribution_baselines_context_ratio/distribution_baselines_rows200_bins10_ctx50pct_5fold_library_defaults.json,
ex3-3_context_ratio,50%,conformal_quantile,auction_verification,0.7113433646,0.05321377322,0.1586974036,0.01367086514,0.1044793362,0.007831373594,0.04,0.005176871642,,,TabICL_regression03/runs/distribution_baselines_context_ratio/distribution_baselines_rows200_bins10_ctx50pct_5fold_library_defaults.json,TabICL_regression03/runs/distribution_baselines_context_ratio/distribution_baselines_rows200_bins10_ctx50pct_5fold_library_defaults.json,
ex3-3_context_ratio,50%,conformal_quantile,boston,0.6722922201,0.07339225749,0.130752405,0.0159713813,0.09632687157,0.01089429236,0.036,0.004147288271,,,TabICL_regression03/runs/distribution_baselines_context_ratio/distribution_baselines_rows200_bins10_ctx50pct_5fold_library_defaults.json,TabICL_regression03/runs/distribution_baselines_context_ratio/distribution_baselines_rows200_bins10_ctx50pct_5fold_library_defaults.json,
ex3-3_context_ratio,50%,conformal_quantile,cars,0.7725312109,0.03153518522,0.1120520331,0.009238456291,0.07568101709,0.008245333808,0.034,0.005215361924,,,TabICL_regression03/runs/distribution_baselines_context_ratio/distribution_baselines_rows200_bins10_ctx50pct_5fold_library_defaults.json,TabICL_regression03/runs/distribution_baselines_context_ratio/distribution_baselines_rows200_bins10_ctx50pct_5fold_library_defaults.json,
ex3-3_context_ratio,50%,conformal_quantile,concrete_compressive_strength,0.5056965048,0.05864136879,0.1752925847,0.01244878911,0.1360689658,0.009118100011,0.031,0.005585696018,,,TabICL_regression03/runs/distribution_baselines_context_ratio/distribution_baselines_rows200_bins10_ctx50pct_5fold_library_defaults.json,TabICL_regression03/runs/distribution_baselines_context_ratio/distribution_baselines_rows200_bins10_ctx50pct_5fold_library_defaults.json,
ex3-3_context_ratio,50%,conformal_quantile,cpu_activity,0.3709034645,0.1462558453,0.1553799139,0.02479175413,0.07196966005,0.008518226206,0.049,0.01308434179,,,TabICL_regression03/runs/distribution_baselines_context_ratio/distribution_baselines_rows200_bins10_ctx50pct_5fold_library_defaults.json,TabICL_regression03/runs/distribution_baselines_context_ratio/distribution_baselines_rows200_bins10_ctx50pct_5fold_library_defaults.json,
ex3-3_context_ratio,50%,conformal_quantile,energy_efficiency,0.9402617262,0.009501920482,0.07492920979,0.00666026435,0.05045109882,0.003815763377,0.033,0.004604345773,,,TabICL_regression03/runs/distribution_baselines_context_ratio/distribution_baselines_rows200_bins10_ctx50pct_5fold_library_defaults.json,TabICL_regression03/runs/distribution_baselines_context_ratio/distribution_baselines_rows200_bins10_ctx50pct_5fold_library_defaults.json,
ex3-3_context_ratio,50%,conformal_quantile,grid_stability,0.3335040322,0.05738638182,0.2161655125,0.008703545967,0.1748390625,0.008343128947,0.032,0.002966479395,,,TabICL_regression03/runs/distribution_baselines_context_ratio/distribution_baselines_rows200_bins10_ctx50pct_5fold_library_defaults.json,TabICL_regression03/runs/distribution_baselines_context_ratio/distribution_baselines_rows200_bins10_ctx50pct_5fold_library_defaults.json,
ex3-3_context_ratio,50%,conformal_quantile,kin8nm,0.09616627488,0.07654164789,0.233792548,0.01644463544,0.1873962148,0.01545491866,0.027,0.005099019514,,,TabICL_regression03/runs/distribution_baselines_context_ratio/distribution_baselines_rows200_bins10_ctx50pct_5fold_library_defaults.json,TabICL_regression03/runs/distribution_baselines_context_ratio/distribution_baselines_rows200_bins10_ctx50pct_5fold_library_defaults.json,
ex3-3_context_ratio,50%,conformal_quantile,Moneyball,0.8347265002,0.009309340975,0.09298128376,0.003490252971,0.0738386995,0.003236212239,0.026,0.002607680962,,,TabICL_regression03/runs/distribution_baselines_context_ratio/distribution_baselines_rows200_bins10_ctx50pct_5fold_library_defaults.json,TabICL_regression03/runs/distribution_baselines_context_ratio/distribution_baselines_rows200_bins10_ctx50pct_5fold_library_defaults.json,
ex3-3_context_ratio,50%,conformal_quantile,pumadyn32nh,-0.282598032,0.1320204935,0.2410841588,0.01565374083,0.1965250945,0.01309292398,0.032,0.006542170894,,,TabICL_regression03/runs/distribution_baselines_context_ratio/distribution_baselines_rows200_bins10_ctx50pct_5fold_library_defaults.json,TabICL_regression03/runs/distribution_baselines_context_ratio/distribution_baselines_rows200_bins10_ctx50pct_5fold_library_defaults.json,
ex3-3_context_ratio,50%,conformal_quantile,QSAR_fish_toxicity,0.2935285503,0.1127649076,0.1704632174,0.0141290513,0.1288044992,0.01216544848,0.02,0.002683281573,,,TabICL_regression03/runs/distribution_baselines_context_ratio/distribution_baselines_rows200_bins10_ctx50pct_5fold_library_defaults.json,TabICL_regression03/runs/distribution_baselines_context_ratio/distribution_baselines_rows200_bins10_ctx50pct_5fold_library_defaults.json,
ex3-3_context_ratio,50%,conformal_quantile,quake,-0.6094269497,0.1756045411,0.3360073711,0.019079239,0.2688505937,0.01951954403,0.027,0.005477225575,,,TabICL_regression03/runs/distribution_baselines_context_ratio/distribution_baselines_rows200_bins10_ctx50pct_5fold_library_defaults.json,TabICL_regression03/runs/distribution_baselines_context_ratio/distribution_baselines_rows200_bins10_ctx50pct_5fold_library_defaults.json,
ex3-3_context_ratio,50%,conformal_quantile,sensory,-0.8547423673,0.4075743022,0.3304559016,0.04790738461,0.2710150567,0.04300143367,0.037,0.0045607017,,,TabICL_regression03/runs/distribution_baselines_context_ratio/distribution_baselines_rows200_bins10_ctx50pct_5fold_library_defaults.json,TabICL_regression03/runs/distribution_baselines_context_ratio/distribution_baselines_rows200_bins10_ctx50pct_5fold_library_defaults.json,
ex3-3_context_ratio,50%,conformal_quantile,socmob,0.5049584302,0.1445486629,0.1256599789,0.02808259294,0.05388725205,0.01591130921,0.031,0.006228964601,,,TabICL_regression03/runs/distribution_baselines_context_ratio/distribution_baselines_rows200_bins10_ctx50pct_5fold_library_defaults.json,TabICL_regression03/runs/distribution_baselines_context_ratio/distribution_baselines_rows200_bins10_ctx50pct_5fold_library_defaults.json,
ex3-3_context_ratio,50%,conformal_quantile,space_ga,0.3653842553,0.06574994119,0.1873915589,0.01141608946,0.1420580115,0.0116957821,0.02,0.002,,,TabICL_regression03/runs/distribution_baselines_context_ratio/distribution_baselines_rows200_bins10_ctx50pct_5fold_library_defaults.json,TabICL_regression03/runs/distribution_baselines_context_ratio/distribution_baselines_rows200_bins10_ctx50pct_5fold_library_defaults.json,
ex3-3_context_ratio,50%,conformal_quantile,student_performance,-0.2063583836,0.1259344854,0.2193848095,0.01898617961,0.1656774472,0.01770657004,0.036,0.006723094526,,,TabICL_regression03/runs/distribution_baselines_context_ratio/distribution_baselines_rows200_bins10_ctx50pct_5fold_library_defaults.json,TabICL_regression03/runs/distribution_baselines_context_ratio/distribution_baselines_rows200_bins10_ctx50pct_5fold_library_defaults.json,
ex4_ddim_steps_ddpm500,rows200,TabICL_6M_DDIM10_repeats100,abalone,0.465619259,0.03183887551,0.1769114047,0.003762016225,0.1296498685,0.003590844119,0.028,0.002,1.626456629,0.07975054417,TabICL_regression03/runs/6M/step-120000_ddim10_repeats100_from200_first100.json,TabICL_regression03/runs/6M/step-120000_ddim10_repeats100_from200_first100_bins10-uncertainty.json,
ex4_ddim_steps_ddpm500,rows200,TabICL_6M_DDIM10_repeats100,airfoil_self_noise,0.7035159231,0.0446089515,0.1232415057,0.008962557848,0.08910907502,0.006771759459,0.024,0.003033150178,1.271771999,0.04610657511,TabICL_regression03/runs/6M/step-120000_ddim10_repeats100_from200_first100.json,TabICL_regression03/runs/6M/step-120000_ddim10_repeats100_from200_first100_bins10-uncertainty.json,
ex4_ddim_steps_ddpm500,rows200,TabICL_6M_DDIM10_repeats100,auction_verification,0.8840748127,0.02550501804,0.1009915439,0.01357750511,0.04923008274,0.006258668272,0.075,0.007155417528,0.3728532377,0.01912640567,TabICL_regression03/runs/6M/step-120000_ddim10_repeats100_from200_first100.json,TabICL_regression03/runs/6M/step-120000_ddim10_repeats100_from200_first100_bins10-uncertainty.json,
ex4_ddim_steps_ddpm500,rows200,TabICL_6M_DDIM10_repeats100,boston,0.8485794655,0.03014251729,0.08924960809,0.01062331025,0.06061934556,0.005272075903,0.041,0.004774934555,0.6091275505,0.03542848368,TabICL_regression03/runs/6M/step-120000_ddim10_repeats100_from200_first100.json,TabICL_regression03/runs/6M/step-120000_ddim10_repeats100_from200_first100_bins10-uncertainty.json,
ex4_ddim_steps_ddpm500,rows200,TabICL_6M_DDIM10_repeats100,cars,0.9068798543,0.02031514215,0.07098054227,0.00866443599,0.04714560306,0.005204527812,0.062,0.003033150178,0.4701678405,0.0428293023,TabICL_regression03/runs/6M/step-120000_ddim10_repeats100_from200_first100.json,TabICL_regression03/runs/6M/step-120000_ddim10_repeats100_from200_first100_bins10-uncertainty.json,
ex4_ddim_steps_ddpm500,rows200,TabICL_6M_DDIM10_repeats100,concrete_compressive_strength,0.7890907831,0.03418650266,0.1127943156,0.005329360768,0.08528030733,0.003807464089,0.033,0.00219089023,1.058904195,0.07911713005,TabICL_regression03/runs/6M/step-120000_ddim10_repeats100_from200_first100.json,TabICL_regression03/runs/6M/step-120000_ddim10_repeats100_from200_first100_bins10-uncertainty.json,
ex4_ddim_steps_ddpm500,rows200,TabICL_6M_DDIM10_repeats100,cpu_activity,0.9603636266,0.01694572075,0.03478477479,0.004958866232,0.02130538539,0.001852804397,0.067,0.006,0.2256115285,0.02317526736,TabICL_regression03/runs/6M/step-120000_ddim10_repeats100_from200_first100.json,TabICL_regression03/runs/6M/step-120000_ddim10_repeats100_from200_first100_bins10-uncertainty.json,
ex4_ddim_steps_ddpm500,rows200,TabICL_6M_DDIM10_repeats100,energy_efficiency,0.9807621057,0.005867529586,0.04093603781,0.005166025277,0.02614211686,0.00275376257,0.083,0.006782329983,0.1556694205,0.01662252432,TabICL_regression03/runs/6M/step-120000_ddim10_repeats100_from200_first100.json,TabICL_regression03/runs/6M/step-120000_ddim10_repeats100_from200_first100_bins10-uncertainty.json,
ex4_ddim_steps_ddpm500,rows200,TabICL_6M_DDIM10_repeats100,grid_stability,0.7966443555,0.02092077668,0.1188021947,0.004274493558,0.09200206922,0.003644828401,0.026,0.002,1.287264214,0.01681969761,TabICL_regression03/runs/6M/step-120000_ddim10_repeats100_from200_first100.json,TabICL_regression03/runs/6M/step-120000_ddim10_repeats100_from200_first100_bins10-uncertainty.json,
ex4_ddim_steps_ddpm500,rows200,TabICL_6M_DDIM10_repeats100,kin8nm,0.3859659962,0.05400126338,0.1925246798,0.01276956134,0.1487620752,0.009740885276,0.025,0.004147288271,1.921514596,0.08595358028,TabICL_regression03/runs/6M/step-120000_ddim10_repeats100_from200_first100.json,TabICL_regression03/runs/6M/step-120000_ddim10_repeats100_from200_first100_bins10-uncertainty.json,
ex4_ddim_steps_ddpm500,rows200,TabICL_6M_DDIM10_repeats100,Moneyball,0.9329718378,0.008964754864,0.05851552362,0.004087978107,0.04516810041,0.003312413812,0.045,0.002607680962,0.5123757218,0.02947183911,TabICL_regression03/runs/6M/step-120000_ddim10_repeats100_from200_first100.json,TabICL_regression03/runs/6M/step-120000_ddim10_repeats100_from200_first100_bins10-uncertainty.json,
ex4_ddim_steps_ddpm500,rows200,TabICL_6M_DDIM10_repeats100,pumadyn32nh,0.122227496,0.01679042641,0.1999710182,0.005757736894,0.163410292,0.005892969375,0.02,0.002683281573,2.613305687,0.1900682761,TabICL_regression03/runs/6M/step-120000_ddim10_repeats100_from200_first100.json,TabICL_regression03/runs/6M/step-120000_ddim10_repeats100_from200_first100_bins10-uncertainty.json,
ex4_ddim_steps_ddpm500,rows200,TabICL_6M_DDIM10_repeats100,QSAR_fish_toxicity,0.4882522048,0.06647375747,0.1451553343,0.008398231118,0.1027197777,0.005041598226,0.031,0.00219089023,1.416566233,0.09737364552,TabICL_regression03/runs/6M/step-120000_ddim10_repeats100_from200_first100.json,TabICL_regression03/runs/6M/step-120000_ddim10_repeats100_from200_first100_bins10-uncertainty.json,
ex4_ddim_steps_ddpm500,rows200,TabICL_6M_DDIM10_repeats100,quake,-0.07079289283,0.01376843276,0.2781788521,0.01092821217,0.2223853746,0.01029943014,0.027,0.00228035085,2.504358083,0.1720247332,TabICL_regression03/runs/6M/step-120000_ddim10_repeats100_from200_first100.json,TabICL_regression03/runs/6M/step-120000_ddim10_repeats100_from200_first100_bins10-uncertainty.json,
ex4_ddim_steps_ddpm500,rows200,TabICL_6M_DDIM10_repeats100,sensory,0.06867739979,0.01963204038,0.2372876211,0.01044376469,0.1881092943,0.0111508179,0.033,0.006418722614,2.525873235,0.1856064043,TabICL_regression03/runs/6M/step-120000_ddim10_repeats100_from200_first100.json,TabICL_regression03/runs/6M/step-120000_ddim10_repeats100_from200_first100_bins10-uncertainty.json,
ex4_ddim_steps_ddpm500,rows200,TabICL_6M_DDIM10_repeats100,socmob,0.722887163,0.08941405801,0.09297328491,0.02233629011,0.03849437316,0.01124916591,0.103,0.009099450533,0.3008767745,0.06375117881,TabICL_regression03/runs/6M/step-120000_ddim10_repeats100_from200_first100.json,TabICL_regression03/runs/6M/step-120000_ddim10_repeats100_from200_first100_bins10-uncertainty.json,
ex4_ddim_steps_ddpm500,rows200,TabICL_6M_DDIM10_repeats100,space_ga,0.5872944306,0.03885680325,0.1515857885,0.01005127525,0.1155745795,0.01129529065,0.03,0.008294576541,1.479320182,0.09480302949,TabICL_regression03/runs/6M/step-120000_ddim10_repeats100_from200_first100.json,TabICL_regression03/runs/6M/step-120000_ddim10_repeats100_from200_first100_bins10-uncertainty.json,
ex4_ddim_steps_ddpm500,rows200,TabICL_6M_DDIM10_repeats100,student_performance,0.06726611668,0.04183741702,0.1931724616,0.01104077966,0.1392509447,0.01136558509,0.02,0.002607680962,2.154115611,0.1101346396,TabICL_regression03/runs/6M/step-120000_ddim10_repeats100_from200_first100.json,TabICL_regression03/runs/6M/step-120000_ddim10_repeats100_from200_first100_bins10-uncertainty.json,
ex4_ddim_steps_ddpm500,rows200,TabICL_6M_DDIM50_repeats100,abalone,0.4808465548,0.03473850443,0.1742581732,0.004852950982,0.1290411222,0.004908399439,0.02,0.00316227766,1.839619479,0.07881764552,TabICL_regression03/runs/6M/DDIM/step-120000_ddim50_rows200_repeats100_adaptive_parallel100_5fold.json,TabICL_regression03/runs/6M/DDIM/step-120000_ddim50_rows200_repeats100_adaptive_parallel100_5fold_bins10-uncertainty.json,
ex4_ddim_steps_ddpm500,rows200,TabICL_6M_DDIM50_repeats100,airfoil_self_noise,0.7044300289,0.04226388316,0.1235352013,0.008440043069,0.08864936316,0.006295407422,0.019,0.001673320053,1.488211792,0.05832676752,TabICL_regression03/runs/6M/DDIM/step-120000_ddim50_rows200_repeats100_adaptive_parallel100_5fold.json,TabICL_regression03/runs/6M/DDIM/step-120000_ddim50_rows200_repeats100_adaptive_parallel100_5fold_bins10-uncertainty.json,
ex4_ddim_steps_ddpm500,rows200,TabICL_6M_DDIM50_repeats100,auction_verification,0.8834713691,0.02301327103,0.1017796044,0.01215617571,0.04945574931,0.006038869908,0.06,0.008074651695,0.4285797808,0.02322180004,TabICL_regression03/runs/6M/DDIM/step-120000_ddim50_rows200_repeats100_adaptive_parallel100_5fold.json,TabICL_regression03/runs/6M/DDIM/step-120000_ddim50_rows200_repeats100_adaptive_parallel100_5fold_bins10-uncertainty.json,
ex4_ddim_steps_ddpm500,rows200,TabICL_6M_DDIM50_repeats100,boston,0.8483480306,0.0293219892,0.08946815106,0.01044011391,0.0601374717,0.004974555402,0.025,0.003286335345,0.7526857665,0.05558657032,TabICL_regression03/runs/6M/DDIM/step-120000_ddim50_rows200_repeats100_adaptive_parallel100_5fold.json,TabICL_regression03/runs/6M/DDIM/step-120000_ddim50_rows200_repeats100_adaptive_parallel100_5fold_bins10-uncertainty.json,
ex4_ddim_steps_ddpm500,rows200,TabICL_6M_DDIM50_repeats100,cars,0.9135927268,0.01481715489,0.06858501404,0.006432024502,0.04527862003,0.004241136837,0.039,0.003033150178,0.553402263,0.0477467454,TabICL_regression03/runs/6M/DDIM/step-120000_ddim50_rows200_repeats100_adaptive_parallel100_5fold.json,TabICL_regression03/runs/6M/DDIM/step-120000_ddim50_rows200_repeats100_adaptive_parallel100_5fold_bins10-uncertainty.json,
ex4_ddim_steps_ddpm500,rows200,TabICL_6M_DDIM50_repeats100,concrete_compressive_strength,0.787824614,0.04278939577,0.111841923,0.005892216704,0.08560459211,0.004130313171,0.018,0.00438178046,1.202485909,0.08561588775,TabICL_regression03/runs/6M/DDIM/step-120000_ddim50_rows200_repeats100_adaptive_parallel100_5fold.json,TabICL_regression03/runs/6M/DDIM/step-120000_ddim50_rows200_repeats100_adaptive_parallel100_5fold_bins10-uncertainty.json,
ex4_ddim_steps_ddpm500,rows200,TabICL_6M_DDIM50_repeats100,cpu_activity,0.9671259,0.009471533392,0.03366621027,0.002940586996,0.02141710295,0.001321377284,0.035,0.005477225575,0.3336036864,0.02453972384,TabICL_regression03/runs/6M/DDIM/step-120000_ddim50_rows200_repeats100_adaptive_parallel100_5fold.json,TabICL_regression03/runs/6M/DDIM/step-120000_ddim50_rows200_repeats100_adaptive_parallel100_5fold_bins10-uncertainty.json,
ex4_ddim_steps_ddpm500,rows200,TabICL_6M_DDIM50_repeats100,energy_efficiency,0.981902399,0.005611751583,0.03964074376,0.005182421186,0.02523188339,0.002585189534,0.059,0.00219089023,0.2015833458,0.02032091586,TabICL_regression03/runs/6M/DDIM/step-120000_ddim50_rows200_repeats100_adaptive_parallel100_5fold.json,TabICL_regression03/runs/6M/DDIM/step-120000_ddim50_rows200_repeats100_adaptive_parallel100_5fold_bins10-uncertainty.json,
ex4_ddim_steps_ddpm500,rows200,TabICL_6M_DDIM50_repeats100,grid_stability,0.7917175053,0.02112449966,0.1204037113,0.004822903424,0.09407841955,0.004079637428,0.018,0.006418722614,1.487237558,0.03391061433,TabICL_regression03/runs/6M/DDIM/step-120000_ddim50_rows200_repeats100_adaptive_parallel100_5fold.json,TabICL_regression03/runs/6M/DDIM/step-120000_ddim50_rows200_repeats100_adaptive_parallel100_5fold_bins10-uncertainty.json,
ex4_ddim_steps_ddpm500,rows200,TabICL_6M_DDIM50_repeats100,kin8nm,0.3967776993,0.0505577399,0.1909962884,0.01290921393,0.1480978365,0.0098036287,0.017,0.00316227766,2.230253384,0.123143826,TabICL_regression03/runs/6M/DDIM/step-120000_ddim50_rows200_repeats100_adaptive_parallel100_5fold.json,TabICL_regression03/runs/6M/DDIM/step-120000_ddim50_rows200_repeats100_adaptive_parallel100_5fold_bins10-uncertainty.json,
ex4_ddim_steps_ddpm500,rows200,TabICL_6M_DDIM50_repeats100,Moneyball,0.9341370917,0.009579455088,0.0577812261,0.004306682044,0.04489200387,0.003414163778,0.024,0.00593295879,0.6388989513,0.04010850914,TabICL_regression03/runs/6M/DDIM/step-120000_ddim50_rows200_repeats100_adaptive_parallel100_5fold.json,TabICL_regression03/runs/6M/DDIM/step-120000_ddim50_rows200_repeats100_adaptive_parallel100_5fold_bins10-uncertainty.json,
ex4_ddim_steps_ddpm500,rows200,TabICL_6M_DDIM50_repeats100,pumadyn32nh,0.1433708252,0.01881676228,0.1976422628,0.006464223101,0.1612358397,0.006418011369,0.016,0.002966479395,2.983745054,0.2229195483,TabICL_regression03/runs/6M/DDIM/step-120000_ddim50_rows200_repeats100_adaptive_parallel100_5fold.json,TabICL_regression03/runs/6M/DDIM/step-120000_ddim50_rows200_repeats100_adaptive_parallel100_5fold_bins10-uncertainty.json,
ex4_ddim_steps_ddpm500,rows200,TabICL_6M_DDIM50_repeats100,QSAR_fish_toxicity,0.5044337571,0.05884239868,0.1430739143,0.007613002271,0.1017644324,0.004473825754,0.021,0.001788854382,1.600447049,0.1079802556,TabICL_regression03/runs/6M/DDIM/step-120000_ddim50_rows200_repeats100_adaptive_parallel100_5fold.json,TabICL_regression03/runs/6M/DDIM/step-120000_ddim50_rows200_repeats100_adaptive_parallel100_5fold_bins10-uncertainty.json,
ex4_ddim_steps_ddpm500,rows200,TabICL_6M_DDIM50_repeats100,quake,-0.06001374629,0.007933297116,0.2769423072,0.01154216762,0.2226372236,0.01113020835,0.03,0.0045607017,2.683846801,0.1873701087,TabICL_regression03/runs/6M/DDIM/step-120000_ddim50_rows200_repeats100_adaptive_parallel100_5fold.json,TabICL_regression03/runs/6M/DDIM/step-120000_ddim50_rows200_repeats100_adaptive_parallel100_5fold_bins10-uncertainty.json,
ex4_ddim_steps_ddpm500,rows200,TabICL_6M_DDIM50_repeats100,sensory,0.06409748822,0.0417821385,0.2379092274,0.01253675221,0.1891157324,0.01112289563,0.029,0.007014271167,2.824054525,0.2366278148,TabICL_regression03/runs/6M/DDIM/step-120000_ddim50_rows200_repeats100_adaptive_parallel100_5fold.json,TabICL_regression03/runs/6M/DDIM/step-120000_ddim50_rows200_repeats100_adaptive_parallel100_5fold_bins10-uncertainty.json,
ex4_ddim_steps_ddpm500,rows200,TabICL_6M_DDIM50_repeats100,socmob,0.7447767813,0.0840939475,0.08972822639,0.02132088649,0.03813878878,0.01118884015,0.081,0.008414273587,0.3593544665,0.07338265608,TabICL_regression03/runs/6M/DDIM/step-120000_ddim50_rows200_repeats100_adaptive_parallel100_5fold.json,TabICL_regression03/runs/6M/DDIM/step-120000_ddim50_rows200_repeats100_adaptive_parallel100_5fold_bins10-uncertainty.json,
ex4_ddim_steps_ddpm500,rows200,TabICL_6M_DDIM50_repeats100,space_ga,0.5883406435,0.04719976193,0.1502860486,0.009378112238,0.1146243752,0.01126894861,0.017,0.006066300355,1.67242784,0.1090203558,TabICL_regression03/runs/6M/DDIM/step-120000_ddim50_rows200_repeats100_adaptive_parallel100_5fold.json,TabICL_regression03/runs/6M/DDIM/step-120000_ddim50_rows200_repeats100_adaptive_parallel100_5fold_bins10-uncertainty.json,
ex4_ddim_steps_ddpm500,rows200,TabICL_6M_DDIM50_repeats100,student_performance,0.05860817796,0.05582988626,0.1939126334,0.0119911004,0.1396642843,0.0119437004,0.016,0.006542170894,2.418931311,0.1018034341,TabICL_regression03/runs/6M/DDIM/step-120000_ddim50_rows200_repeats100_adaptive_parallel100_5fold.json,TabICL_regression03/runs/6M/DDIM/step-120000_ddim50_rows200_repeats100_adaptive_parallel100_5fold_bins10-uncertainty.json,
ex4_ddim_steps_ddpm500,rows200,TabICL_6M_DDIM100_repeats100,abalone,0.4912550633,0.03722628741,0.1723519844,0.00503290361,0.1277069371,0.005084680848,0.021,0.004,1.845651579,0.07653329962,TabICL_regression03/runs/6M/DDIM/step-120000_ddim100_rows200_repeats100_adaptive_parallel100_5fold.json,TabICL_regression03/runs/6M/DDIM/step-120000_ddim100_rows200_repeats100_adaptive_parallel100_5fold_bins10-uncertainty.json,
ex4_ddim_steps_ddpm500,rows200,TabICL_6M_DDIM100_repeats100,airfoil_self_noise,0.6990233875,0.04106094026,0.1247738528,0.008231496864,0.08934284349,0.006381666421,0.024,0.0045607017,1.54639489,0.05347648673,TabICL_regression03/runs/6M/DDIM/step-120000_ddim100_rows200_repeats100_adaptive_parallel100_5fold.json,TabICL_regression03/runs/6M/DDIM/step-120000_ddim100_rows200_repeats100_adaptive_parallel100_5fold_bins10-uncertainty.json,
ex4_ddim_steps_ddpm500,rows200,TabICL_6M_DDIM100_repeats100,auction_verification,0.8860397987,0.02482351903,0.1002543339,0.01318384948,0.04852854662,0.006410858418,0.06,0.008,0.4223237055,0.03067202265,TabICL_regression03/runs/6M/DDIM/step-120000_ddim100_rows200_repeats100_adaptive_parallel100_5fold.json,TabICL_regression03/runs/6M/DDIM/step-120000_ddim100_rows200_repeats100_adaptive_parallel100_5fold_bins10-uncertainty.json,
ex4_ddim_steps_ddpm500,rows200,TabICL_6M_DDIM100_repeats100,boston,0.8470341292,0.02915021259,0.08984627246,0.01043054095,0.06068797045,0.004989134194,0.028,0.006099180273,0.7768775448,0.0598574304,TabICL_regression03/runs/6M/DDIM/step-120000_ddim100_rows200_repeats100_adaptive_parallel100_5fold.json,TabICL_regression03/runs/6M/DDIM/step-120000_ddim100_rows200_repeats100_adaptive_parallel100_5fold_bins10-uncertainty.json,
ex4_ddim_steps_ddpm500,rows200,TabICL_6M_DDIM100_repeats100,cars,0.9140847088,0.01513265001,0.06837407811,0.006694397848,0.04571976716,0.004443472161,0.03,0.003741657387,0.5759011305,0.04820356749,TabICL_regression03/runs/6M/DDIM/step-120000_ddim100_rows200_repeats100_adaptive_parallel100_5fold.json,TabICL_regression03/runs/6M/DDIM/step-120000_ddim100_rows200_repeats100_adaptive_parallel100_5fold_bins10-uncertainty.json,
ex4_ddim_steps_ddpm500,rows200,TabICL_6M_DDIM100_repeats100,concrete_compressive_strength,0.8095781647,0.02655462697,0.1078161156,0.004870067086,0.08195882683,0.003483382119,0.02,0.004098780306,1.228990868,0.09187181761,TabICL_regression03/runs/6M/DDIM/step-120000_ddim100_rows200_repeats100_adaptive_parallel100_5fold.json,TabICL_regression03/runs/6M/DDIM/step-120000_ddim100_rows200_repeats100_adaptive_parallel100_5fold_bins10-uncertainty.json,
ex4_ddim_steps_ddpm500,rows200,TabICL_6M_DDIM100_repeats100,cpu_activity,0.9663682245,0.009402320028,0.03412909253,0.002947673194,0.02150427443,0.001302245289,0.031,0.003346640106,0.3539578702,0.02545377304,TabICL_regression03/runs/6M/DDIM/step-120000_ddim100_rows200_repeats100_adaptive_parallel100_5fold.json,TabICL_regression03/runs/6M/DDIM/step-120000_ddim100_rows200_repeats100_adaptive_parallel100_5fold_bins10-uncertainty.json,
ex4_ddim_steps_ddpm500,rows200,TabICL_6M_DDIM100_repeats100,energy_efficiency,0.9815976587,0.005741373193,0.03990535611,0.005191336967,0.02519066911,0.0025438258,0.049,0.004335896678,0.2139621078,0.01971009629,TabICL_regression03/runs/6M/DDIM/step-120000_ddim100_rows200_repeats100_adaptive_parallel100_5fold.json,TabICL_regression03/runs/6M/DDIM/step-120000_ddim100_rows200_repeats100_adaptive_parallel100_5fold_bins10-uncertainty.json,
ex4_ddim_steps_ddpm500,rows200,TabICL_6M_DDIM100_repeats100,grid_stability,0.7893334084,0.02227730393,0.1210116193,0.005197017753,0.09496464927,0.004343551427,0.007,0.002966479395,1.526312883,0.02562139799,TabICL_regression03/runs/6M/DDIM/step-120000_ddim100_rows200_repeats100_adaptive_parallel100_5fold.json,TabICL_regression03/runs/6M/DDIM/step-120000_ddim100_rows200_repeats100_adaptive_parallel100_5fold_bins10-uncertainty.json,
ex4_ddim_steps_ddpm500,rows200,TabICL_6M_DDIM100_repeats100,kin8nm,0.3854076645,0.04245610192,0.1928934126,0.01158409659,0.1495874178,0.00885357403,0.018,0.003346640106,2.248731286,0.08515743469,TabICL_regression03/runs/6M/DDIM/step-120000_ddim100_rows200_repeats100_adaptive_parallel100_5fold.json,TabICL_regression03/runs/6M/DDIM/step-120000_ddim100_rows200_repeats100_adaptive_parallel100_5fold_bins10-uncertainty.json,
ex4_ddim_steps_ddpm500,rows200,TabICL_6M_DDIM100_repeats100,Moneyball,0.9342689775,0.009319477473,0.05777455963,0.004145505787,0.04529333856,0.003239114893,0.03,0.007694153625,0.6592464247,0.04048940975,TabICL_regression03/runs/6M/DDIM/step-120000_ddim100_rows200_repeats100_adaptive_parallel100_5fold.json,TabICL_regression03/runs/6M/DDIM/step-120000_ddim100_rows200_repeats100_adaptive_parallel100_5fold_bins10-uncertainty.json,
ex4_ddim_steps_ddpm500,rows200,TabICL_6M_DDIM100_repeats100,pumadyn32nh,0.1504720368,0.01599921268,0.1970655485,0.007641977495,0.1607773991,0.007153573873,0.014,0.003033150178,3.08622775,0.1990455739,TabICL_regression03/runs/6M/DDIM/step-120000_ddim100_rows200_repeats100_adaptive_parallel100_5fold.json,TabICL_regression03/runs/6M/DDIM/step-120000_ddim100_rows200_repeats100_adaptive_parallel100_5fold_bins10-uncertainty.json,
ex4_ddim_steps_ddpm500,rows200,TabICL_6M_DDIM100_repeats100,QSAR_fish_toxicity,0.5087990217,0.06006102539,0.1424941629,0.007924915389,0.09980976007,0.004486536067,0.026,0.004,1.596419003,0.1120729404,TabICL_regression03/runs/6M/DDIM/step-120000_ddim100_rows200_repeats100_adaptive_parallel100_5fold.json,TabICL_regression03/runs/6M/DDIM/step-120000_ddim100_rows200_repeats100_adaptive_parallel100_5fold_bins10-uncertainty.json,
ex4_ddim_steps_ddpm500,rows200,TabICL_6M_DDIM100_repeats100,quake,-0.06925716545,0.01744909204,0.2781394766,0.01188042376,0.2270997037,0.0107978417,0.038,0.00554977477,2.731582843,0.1759292626,TabICL_regression03/runs/6M/DDIM/step-120000_ddim100_rows200_repeats100_adaptive_parallel100_5fold.json,TabICL_regression03/runs/6M/DDIM/step-120000_ddim100_rows200_repeats100_adaptive_parallel100_5fold_bins10-uncertainty.json,
ex4_ddim_steps_ddpm500,rows200,TabICL_6M_DDIM100_repeats100,sensory,0.06854900219,0.03237647989,0.2373736049,0.01178118913,0.1906859918,0.01189679965,0.035,0.005830951895,2.842875653,0.2388417749,TabICL_regression03/runs/6M/DDIM/step-120000_ddim100_rows200_repeats100_adaptive_parallel100_5fold.json,TabICL_regression03/runs/6M/DDIM/step-120000_ddim100_rows200_repeats100_adaptive_parallel100_5fold_bins10-uncertainty.json,
ex4_ddim_steps_ddpm500,rows200,TabICL_6M_DDIM100_repeats100,socmob,0.722307011,0.08395012474,0.09444868678,0.02094320581,0.03924783759,0.01167946655,0.077,0.006870225615,0.395491236,0.06835352811,TabICL_regression03/runs/6M/DDIM/step-120000_ddim100_rows200_repeats100_adaptive_parallel100_5fold.json,TabICL_regression03/runs/6M/DDIM/step-120000_ddim100_rows200_repeats100_adaptive_parallel100_5fold_bins10-uncertainty.json,
ex4_ddim_steps_ddpm500,rows200,TabICL_6M_DDIM100_repeats100,space_ga,0.586050967,0.04088220177,0.1516881917,0.01028482282,0.1153487538,0.0118356612,0.014,0.00692820323,1.682728849,0.1052584341,TabICL_regression03/runs/6M/DDIM/step-120000_ddim100_rows200_repeats100_adaptive_parallel100_5fold.json,TabICL_regression03/runs/6M/DDIM/step-120000_ddim100_rows200_repeats100_adaptive_parallel100_5fold_bins10-uncertainty.json,
ex4_ddim_steps_ddpm500,rows200,TabICL_6M_DDIM100_repeats100,student_performance,0.05921909335,0.04874184043,0.1936751153,0.01055522357,0.1409031941,0.01099990556,0.014,0.005176871642,2.442767503,0.1233430769,TabICL_regression03/runs/6M/DDIM/step-120000_ddim100_rows200_repeats100_adaptive_parallel100_5fold.json,TabICL_regression03/runs/6M/DDIM/step-120000_ddim100_rows200_repeats100_adaptive_parallel100_5fold_bins10-uncertainty.json,
ex4_ddim_steps_ddpm500,rows200,TabICL_6M_DDIM250_repeats100,abalone,0.4821829982,0.03441013406,0.1741253595,0.005679920891,0.1282806617,0.00412016201,0.018,0.00228035085,1.841844549,0.07987516122,TabICL_regression03/runs/6M/DDIM/step-120000_ddim250_rows200_repeats100_adaptive_parallel100_5fold.json,TabICL_regression03/runs/6M/DDIM/step-120000_ddim250_rows200_repeats100_adaptive_parallel100_5fold_bins10-uncertainty.json,
ex4_ddim_steps_ddpm500,rows200,TabICL_6M_DDIM250_repeats100,airfoil_self_noise,0.7032629256,0.04183777266,0.1238068353,0.008519106128,0.08853489358,0.006731882923,0.02,0.00228035085,1.563717706,0.05591848661,TabICL_regression03/runs/6M/DDIM/step-120000_ddim250_rows200_repeats100_adaptive_parallel100_5fold.json,TabICL_regression03/runs/6M/DDIM/step-120000_ddim250_rows200_repeats100_adaptive_parallel100_5fold_bins10-uncertainty.json,
ex4_ddim_steps_ddpm500,rows200,TabICL_6M_DDIM250_repeats100,auction_verification,0.8835906714,0.0228450378,0.1018564729,0.01220587866,0.04992789361,0.005885848228,0.055,0.008414273587,0.4207399114,0.03440622849,TabICL_regression03/runs/6M/DDIM/step-120000_ddim250_rows200_repeats100_adaptive_parallel100_5fold.json,TabICL_regression03/runs/6M/DDIM/step-120000_ddim250_rows200_repeats100_adaptive_parallel100_5fold_bins10-uncertainty.json,
ex4_ddim_steps_ddpm500,rows200,TabICL_6M_DDIM250_repeats100,boston,0.8463865706,0.03114212701,0.08985748115,0.01097819804,0.0602554476,0.005093608566,0.029,0.003847076812,0.7856728249,0.05763887591,TabICL_regression03/runs/6M/DDIM/step-120000_ddim250_rows200_repeats100_adaptive_parallel100_5fold.json,TabICL_regression03/runs/6M/DDIM/step-120000_ddim250_rows200_repeats100_adaptive_parallel100_5fold_bins10-uncertainty.json,
ex4_ddim_steps_ddpm500,rows200,TabICL_6M_DDIM250_repeats100,cars,0.9157611461,0.01307001215,0.06799452405,0.00603203168,0.04586792917,0.004149007246,0.033,0.002683281573,0.5856012071,0.04944213685,TabICL_regression03/runs/6M/DDIM/step-120000_ddim250_rows200_repeats100_adaptive_parallel100_5fold.json,TabICL_regression03/runs/6M/DDIM/step-120000_ddim250_rows200_repeats100_adaptive_parallel100_5fold_bins10-uncertainty.json,
ex4_ddim_steps_ddpm500,rows200,TabICL_6M_DDIM250_repeats100,concrete_compressive_strength,0.7922666561,0.03746760348,0.1112875584,0.005422565335,0.08508663201,0.003586433337,0.016,0.003847076812,1.23225044,0.1045230469,TabICL_regression03/runs/6M/DDIM/step-120000_ddim250_rows200_repeats100_adaptive_parallel100_5fold.json,TabICL_regression03/runs/6M/DDIM/step-120000_ddim250_rows200_repeats100_adaptive_parallel100_5fold_bins10-uncertainty.json,
ex4_ddim_steps_ddpm500,rows200,TabICL_6M_DDIM250_repeats100,cpu_activity,0.9660770693,0.01040407129,0.03387703066,0.003204405798,0.02154137184,0.001336950581,0.026,0.002607680962,0.363424915,0.03261252212,TabICL_regression03/runs/6M/DDIM/step-120000_ddim250_rows200_repeats100_adaptive_parallel100_5fold.json,TabICL_regression03/runs/6M/DDIM/step-120000_ddim250_rows200_repeats100_adaptive_parallel100_5fold_bins10-uncertainty.json,
ex4_ddim_steps_ddpm500,rows200,TabICL_6M_DDIM250_repeats100,energy_efficiency,0.9810407369,0.005677067887,0.04069039585,0.005157880202,0.02574390683,0.002598966168,0.049,0.00316227766,0.2223483845,0.02046143558,TabICL_regression03/runs/6M/DDIM/step-120000_ddim250_rows200_repeats100_adaptive_parallel100_5fold.json,TabICL_regression03/runs/6M/DDIM/step-120000_ddim250_rows200_repeats100_adaptive_parallel100_5fold_bins10-uncertainty.json,
ex4_ddim_steps_ddpm500,rows200,TabICL_6M_DDIM250_repeats100,grid_stability,0.7942962248,0.0205772825,0.1196214657,0.004577675409,0.09389867757,0.004160695425,0.015,0.005403702434,1.544734762,0.01728143112,TabICL_regression03/runs/6M/DDIM/step-120000_ddim250_rows200_repeats100_adaptive_parallel100_5fold.json,TabICL_regression03/runs/6M/DDIM/step-120000_ddim250_rows200_repeats100_adaptive_parallel100_5fold_bins10-uncertainty.json,
ex4_ddim_steps_ddpm500,rows200,TabICL_6M_DDIM250_repeats100,kin8nm,0.391726532,0.05276322378,0.1915576984,0.01229325405,0.1493894409,0.009481245234,0.015,0.003898717738,2.265314569,0.1053774122,TabICL_regression03/runs/6M/DDIM/step-120000_ddim250_rows200_repeats100_adaptive_parallel100_5fold.json,TabICL_regression03/runs/6M/DDIM/step-120000_ddim250_rows200_repeats100_adaptive_parallel100_5fold_bins10-uncertainty.json,
ex4_ddim_steps_ddpm500,rows200,TabICL_6M_DDIM250_repeats100,Moneyball,0.9342473652,0.01019104591,0.05757584447,0.004541448882,0.04546691967,0.00363104267,0.031,0.004979959839,0.6553210683,0.04153639886,TabICL_regression03/runs/6M/DDIM/step-120000_ddim250_rows200_repeats100_adaptive_parallel100_5fold.json,TabICL_regression03/runs/6M/DDIM/step-120000_ddim250_rows200_repeats100_adaptive_parallel100_5fold_bins10-uncertainty.json,
ex4_ddim_steps_ddpm500,rows200,TabICL_6M_DDIM250_repeats100,pumadyn32nh,0.1789530299,0.01043523957,0.1934423267,0.005551642768,0.1571184866,0.005536129948,0.009,0.00316227766,3.111211985,0.2377438157,TabICL_regression03/runs/6M/DDIM/step-120000_ddim250_rows200_repeats100_adaptive_parallel100_5fold.json,TabICL_regression03/runs/6M/DDIM/step-120000_ddim250_rows200_repeats100_adaptive_parallel100_5fold_bins10-uncertainty.json,
ex4_ddim_steps_ddpm500,rows200,TabICL_6M_DDIM250_repeats100,QSAR_fish_toxicity,0.5034482093,0.05803163344,0.1435581246,0.008355627711,0.1017565994,0.004831147353,0.024,0.002828427125,1.632443873,0.1119282581,TabICL_regression03/runs/6M/DDIM/step-120000_ddim250_rows200_repeats100_adaptive_parallel100_5fold.json,TabICL_regression03/runs/6M/DDIM/step-120000_ddim250_rows200_repeats100_adaptive_parallel100_5fold_bins10-uncertainty.json,
ex4_ddim_steps_ddpm500,rows200,TabICL_6M_DDIM250_repeats100,quake,-0.08194448479,0.01244661474,0.2798218859,0.0119544357,0.2267773987,0.01013819423,0.027,0.00554977477,2.773267014,0.221336491,TabICL_regression03/runs/6M/DDIM/step-120000_ddim250_rows200_repeats100_adaptive_parallel100_5fold.json,TabICL_regression03/runs/6M/DDIM/step-120000_ddim250_rows200_repeats100_adaptive_parallel100_5fold_bins10-uncertainty.json,
ex4_ddim_steps_ddpm500,rows200,TabICL_6M_DDIM250_repeats100,sensory,0.07064790213,0.03057100641,0.2369754508,0.01100799426,0.1879769179,0.0103647748,0.024,0.00554977477,2.835684131,0.2451069668,TabICL_regression03/runs/6M/DDIM/step-120000_ddim250_rows200_repeats100_adaptive_parallel100_5fold.json,TabICL_regression03/runs/6M/DDIM/step-120000_ddim250_rows200_repeats100_adaptive_parallel100_5fold_bins10-uncertainty.json,
ex4_ddim_steps_ddpm500,rows200,TabICL_6M_DDIM250_repeats100,socmob,0.7195857934,0.08338001092,0.09501992497,0.02085584141,0.03871111232,0.01117736412,0.075,0.007155417528,0.367853713,0.07094486085,TabICL_regression03/runs/6M/DDIM/step-120000_ddim250_rows200_repeats100_adaptive_parallel100_5fold.json,TabICL_regression03/runs/6M/DDIM/step-120000_ddim250_rows200_repeats100_adaptive_parallel100_5fold_bins10-uncertainty.json,
ex4_ddim_steps_ddpm500,rows200,TabICL_6M_DDIM250_repeats100,space_ga,0.5857851377,0.04126462756,0.1518322188,0.01058568873,0.1162548813,0.01237800978,0.019,0.005215361924,1.673471314,0.09675543841,TabICL_regression03/runs/6M/DDIM/step-120000_ddim250_rows200_repeats100_adaptive_parallel100_5fold.json,TabICL_regression03/runs/6M/DDIM/step-120000_ddim250_rows200_repeats100_adaptive_parallel100_5fold_bins10-uncertainty.json,
ex4_ddim_steps_ddpm500,rows200,TabICL_6M_DDIM250_repeats100,student_performance,0.06189381853,0.05144036178,0.1932249148,0.01004104685,0.1413640495,0.01083120081,0.02,0.005215361924,2.532831972,0.128583167,TabICL_regression03/runs/6M/DDIM/step-120000_ddim250_rows200_repeats100_adaptive_parallel100_5fold.json,TabICL_regression03/runs/6M/DDIM/step-120000_ddim250_rows200_repeats100_adaptive_parallel100_5fold_bins10-uncertainty.json,
ex4_ddim_steps_ddpm500,rows200,TabICL_6M_DDPM500_repeats100,abalone,0.4752569967,0.0357475365,0.1751652091,0.005045626703,0.1305632371,0.005501164687,0.014,0.004335896678,1.938941624,0.0845934447,TabICL_regression03/runs/6M/step-120000_ddpm500_repeats100_from200_first100.json,TabICL_regression03/runs/6M/step-120000_ddpm500_repeats100_from200_first100_bins10-uncertainty.json,
ex4_ddim_steps_ddpm500,rows200,TabICL_6M_DDPM500_repeats100,airfoil_self_noise,0.6943403834,0.0392353601,0.1259431128,0.007478550196,0.09032387649,0.005441062673,0.021,0.002,1.652786064,0.05590678213,TabICL_regression03/runs/6M/step-120000_ddpm500_repeats100_from200_first100.json,TabICL_regression03/runs/6M/step-120000_ddpm500_repeats100_from200_first100_bins10-uncertainty.json,
ex4_ddim_steps_ddpm500,rows200,TabICL_6M_DDPM500_repeats100,auction_verification,0.8873741861,0.02015614928,0.1006031535,0.01106061797,0.04909917626,0.005148251161,0.049,0.005366563146,0.4875508708,0.02949708535,TabICL_regression03/runs/6M/step-120000_ddpm500_repeats100_from200_first100.json,TabICL_regression03/runs/6M/step-120000_ddpm500_repeats100_from200_first100_bins10-uncertainty.json,
ex4_ddim_steps_ddpm500,rows200,TabICL_6M_DDPM500_repeats100,boston,0.8526217584,0.03012992295,0.08801201459,0.01082928174,0.0592365952,0.005083198711,0.02,0.003577708764,0.8452487547,0.06309641559,TabICL_regression03/runs/6M/step-120000_ddpm500_repeats100_from200_first100.json,TabICL_regression03/runs/6M/step-120000_ddpm500_repeats100_from200_first100_bins10-uncertainty.json,
ex4_ddim_steps_ddpm500,rows200,TabICL_6M_DDPM500_repeats100,cars,0.9195889652,0.01194122354,0.06627416245,0.004814458363,0.04432995724,0.003731465447,0.031,0.00438178046,0.5862886365,0.04253148529,TabICL_regression03/runs/6M/step-120000_ddpm500_repeats100_from200_first100.json,TabICL_regression03/runs/6M/step-120000_ddpm500_repeats100_from200_first100_bins10-uncertainty.json,
ex4_ddim_steps_ddpm500,rows200,TabICL_6M_DDPM500_repeats100,concrete_compressive_strength,0.8167778533,0.03451651734,0.1043124004,0.00483692364,0.07887676649,0.003252168806,0.007,0.001673320053,1.303208686,0.0968333122,TabICL_regression03/runs/6M/step-120000_ddpm500_repeats100_from200_first100.json,TabICL_regression03/runs/6M/step-120000_ddpm500_repeats100_from200_first100_bins10-uncertainty.json,
ex4_ddim_steps_ddpm500,rows200,TabICL_6M_DDPM500_repeats100,cpu_activity,0.9692105651,0.009078960188,0.03240194109,0.002845203917,0.02133907493,0.001426823026,0.027,0.00469041576,0.3657770857,0.03538984332,TabICL_regression03/runs/6M/step-120000_ddpm500_repeats100_from200_first100.json,TabICL_regression03/runs/6M/step-120000_ddpm500_repeats100_from200_first100_bins10-uncertainty.json,
ex4_ddim_steps_ddpm500,rows200,TabICL_6M_DDPM500_repeats100,energy_efficiency,0.9849368064,0.00458643147,0.03620399425,0.004783374511,0.02292029315,0.001975385718,0.043,0.005176871642,0.1929441294,0.01296377728,TabICL_regression03/runs/6M/step-120000_ddpm500_repeats100_from200_first100.json,TabICL_regression03/runs/6M/step-120000_ddpm500_repeats100_from200_first100_bins10-uncertainty.json,
ex4_ddim_steps_ddpm500,rows200,TabICL_6M_DDPM500_repeats100,grid_stability,0.7957227483,0.01928566455,0.1193722873,0.004365806533,0.09330693101,0.004033479431,0.011,0.005019960159,1.521008447,0.02141196257,TabICL_regression03/runs/6M/step-120000_ddpm500_repeats100_from200_first100.json,TabICL_regression03/runs/6M/step-120000_ddpm500_repeats100_from200_first100_bins10-uncertainty.json,
ex4_ddim_steps_ddpm500,rows200,TabICL_6M_DDPM500_repeats100,kin8nm,0.3681000194,0.05601426831,0.1953943994,0.01357821515,0.1512312138,0.01042616068,0.019,0.003286335345,2.303001566,0.1111838851,TabICL_regression03/runs/6M/step-120000_ddpm500_repeats100_from200_first100.json,TabICL_regression03/runs/6M/step-120000_ddpm500_repeats100_from200_first100_bins10-uncertainty.json,
ex4_ddim_steps_ddpm500,rows200,TabICL_6M_DDPM500_repeats100,Moneyball,0.9376732719,0.008473471976,0.0562960831,0.003773522693,0.04472216718,0.003086152135,0.018,0.005403702434,0.7210766601,0.04608556444,TabICL_regression03/runs/6M/step-120000_ddpm500_repeats100_from200_first100.json,TabICL_regression03/runs/6M/step-120000_ddpm500_repeats100_from200_first100_bins10-uncertainty.json,
ex4_ddim_steps_ddpm500,rows200,TabICL_6M_DDPM500_repeats100,pumadyn32nh,0.1765872719,0.02774671983,0.1939094564,0.007915967382,0.1584746464,0.0071605991,0.015,0.002966479395,3.104227486,0.2248548901,TabICL_regression03/runs/6M/step-120000_ddpm500_repeats100_from200_first100.json,TabICL_regression03/runs/6M/step-120000_ddpm500_repeats100_from200_first100_bins10-uncertainty.json,
ex4_ddim_steps_ddpm500,rows200,TabICL_6M_DDPM500_repeats100,QSAR_fish_toxicity,0.498597497,0.06330095358,0.1437760117,0.008124872408,0.1038685587,0.004759228053,0.027,0.002966479395,1.748777188,0.126375385,TabICL_regression03/runs/6M/step-120000_ddpm500_repeats100_from200_first100.json,TabICL_regression03/runs/6M/step-120000_ddpm500_repeats100_from200_first100_bins10-uncertainty.json,
ex4_ddim_steps_ddpm500,rows200,TabICL_6M_DDPM500_repeats100,quake,-0.1081031618,0.008682788469,0.2831019107,0.01152951471,0.2271298469,0.01125005118,0.034,0.002683281573,2.746343486,0.1965771393,TabICL_regression03/runs/6M/step-120000_ddpm500_repeats100_from200_first100.json,TabICL_regression03/runs/6M/step-120000_ddpm500_repeats100_from200_first100_bins10-uncertainty.json,
ex4_ddim_steps_ddpm500,rows200,TabICL_6M_DDPM500_repeats100,sensory,0.06643122159,0.02633828273,0.2376248031,0.01112471583,0.1895710432,0.01070228727,0.017,0.004979959839,3.013337843,0.2286737743,TabICL_regression03/runs/6M/step-120000_ddpm500_repeats100_from200_first100.json,TabICL_regression03/runs/6M/step-120000_ddpm500_repeats100_from200_first100_bins10-uncertainty.json,
ex4_ddim_steps_ddpm500,rows200,TabICL_6M_DDPM500_repeats100,socmob,0.7121504984,0.08029488682,0.09639560913,0.02010076287,0.03898261195,0.01071372778,0.07,0.009859006035,0.4082482514,0.07742665031,TabICL_regression03/runs/6M/step-120000_ddpm500_repeats100_from200_first100.json,TabICL_regression03/runs/6M/step-120000_ddpm500_repeats100_from200_first100_bins10-uncertainty.json,
ex4_ddim_steps_ddpm500,rows200,TabICL_6M_DDPM500_repeats100,space_ga,0.5846156719,0.04113741369,0.1520510211,0.01049538007,0.1164747094,0.01198148167,0.014,0.006723094526,1.756899126,0.1110818067,TabICL_regression03/runs/6M/step-120000_ddpm500_repeats100_from200_first100.json,TabICL_regression03/runs/6M/step-120000_ddpm500_repeats100_from200_first100_bins10-uncertainty.json,
ex4_ddim_steps_ddpm500,rows200,TabICL_6M_DDPM500_repeats100,student_performance,0.05282112102,0.05412554656,0.1943088463,0.01112844189,0.1403258439,0.01196950389,0.023,0.0045607017,2.506346954,0.1346498247,TabICL_regression03/runs/6M/step-120000_ddpm500_repeats100_from200_first100.json,TabICL_regression03/runs/6M/step-120000_ddpm500_repeats100_from200_first100_bins10-uncertainty.json,
