experiment,condition,method,dataset,R2,R2_SE,RMSE_RANGE,RMSE_RANGE_SE,MAE_RANGE,MAE_RANGE_SE,QICE,QICE_SE,NMPIW,NMPIW_SE,source_json,uncertainty_json,source_note
ex3-3_context_ratio,5%,Diffusion_DDPM500_repeats100,abalone,0.05561661513,0.04853609379,0.2363947336,0.01050521768,0.1830081572,0.008281949705,0.047,0.007293833012,5.333294281,0.8104717037,TabICL_regression03/runs/6M/context_ratio_ddpm500_repeats100/step-120000_ddpm500_rows200_repeats100_ctx05pct_5fold.json,TabICL_regression03/runs/6M/context_ratio_ddpm500_repeats100/step-120000_ddpm500_rows200_repeats100_ctx05pct_5fold_bins10-uncertainty.json,
ex3-3_context_ratio,5%,Diffusion_DDPM500_repeats100,airfoil_self_noise,-0.1406267123,0.04868975737,0.2475137379,0.01178868523,0.1988105011,0.01444467255,0.036,0.003033150178,5.067998642,0.6994652973,TabICL_regression03/runs/6M/context_ratio_ddpm500_repeats100/step-120000_ddpm500_rows200_repeats100_ctx05pct_5fold.json,TabICL_regression03/runs/6M/context_ratio_ddpm500_repeats100/step-120000_ddpm500_rows200_repeats100_ctx05pct_5fold_bins10-uncertainty.json,
ex3-3_context_ratio,5%,Diffusion_DDPM500_repeats100,auction_verification,-0.1193383731,0.03226473313,0.3213667153,0.01129126213,0.2333905302,0.01379592679,0.077,0.005215361924,3.977881075,0.9262552301,TabICL_regression03/runs/6M/context_ratio_ddpm500_repeats100/step-120000_ddpm500_rows200_repeats100_ctx05pct_5fold.json,TabICL_regression03/runs/6M/context_ratio_ddpm500_repeats100/step-120000_ddpm500_rows200_repeats100_ctx05pct_5fold_bins10-uncertainty.json,
ex3-3_context_ratio,5%,Diffusion_DDPM500_repeats100,boston,-0.1429971483,0.07898018775,0.2504978359,0.01370422737,0.1806562385,0.008647003997,0.054,0.00692820323,4.616260743,0.5944554918,TabICL_regression03/runs/6M/context_ratio_ddpm500_repeats100/step-120000_ddpm500_rows200_repeats100_ctx05pct_5fold.json,TabICL_regression03/runs/6M/context_ratio_ddpm500_repeats100/step-120000_ddpm500_rows200_repeats100_ctx05pct_5fold_bins10-uncertainty.json,
ex3-3_context_ratio,5%,Diffusion_DDPM500_repeats100,cars,-0.1676354362,0.0665717633,0.2588489608,0.01689897049,0.1828054601,0.01711604432,0.058,0.009899494937,5.292223254,1.450152696,TabICL_regression03/runs/6M/context_ratio_ddpm500_repeats100/step-120000_ddpm500_rows200_repeats100_ctx05pct_5fold.json,TabICL_regression03/runs/6M/context_ratio_ddpm500_repeats100/step-120000_ddpm500_rows200_repeats100_ctx05pct_5fold_bins10-uncertainty.json,
ex3-3_context_ratio,5%,Diffusion_DDPM500_repeats100,concrete_compressive_strength,-0.2121877553,0.154018262,0.2771678637,0.02518844808,0.2241295471,0.0221643171,0.035,0.008555699854,5.226228735,0.8970348218,TabICL_regression03/runs/6M/context_ratio_ddpm500_repeats100/step-120000_ddpm500_rows200_repeats100_ctx05pct_5fold.json,TabICL_regression03/runs/6M/context_ratio_ddpm500_repeats100/step-120000_ddpm500_rows200_repeats100_ctx05pct_5fold_bins10-uncertainty.json,
ex3-3_context_ratio,5%,Diffusion_DDPM500_repeats100,cpu_activity,-0.04227562751,0.01661372537,0.2051871747,0.01558984414,0.109359466,0.01216317782,0.066,0.01148912529,3.429502583,0.7465459593,TabICL_regression03/runs/6M/context_ratio_ddpm500_repeats100/step-120000_ddpm500_rows200_repeats100_ctx05pct_5fold.json,TabICL_regression03/runs/6M/context_ratio_ddpm500_repeats100/step-120000_ddpm500_rows200_repeats100_ctx05pct_5fold_bins10-uncertainty.json,
ex3-3_context_ratio,5%,Diffusion_DDPM500_repeats100,energy_efficiency,0.04346541565,0.08900546677,0.3031961263,0.01863004742,0.2664199471,0.01509759421,0.047,0.006,4.887415068,0.4638165133,TabICL_regression03/runs/6M/context_ratio_ddpm500_repeats100/step-120000_ddpm500_rows200_repeats100_ctx05pct_5fold.json,TabICL_regression03/runs/6M/context_ratio_ddpm500_repeats100/step-120000_ddpm500_rows200_repeats100_ctx05pct_5fold_bins10-uncertainty.json,
ex3-3_context_ratio,5%,Diffusion_DDPM500_repeats100,grid_stability,-0.229919928,0.08863916632,0.2954997793,0.01506854988,0.2477689059,0.01225003757,0.03,0.0045607017,4.798734044,0.3735668261,TabICL_regression03/runs/6M/context_ratio_ddpm500_repeats100/step-120000_ddpm500_rows200_repeats100_ctx05pct_5fold.json,TabICL_regression03/runs/6M/context_ratio_ddpm500_repeats100/step-120000_ddpm500_rows200_repeats100_ctx05pct_5fold_bins10-uncertainty.json,
ex3-3_context_ratio,5%,Diffusion_DDPM500_repeats100,kin8nm,-0.1080606483,0.04763920395,0.2586840859,0.01050648667,0.2116893399,0.0107355724,0.045,0.004979959839,5.494366151,0.3926899255,TabICL_regression03/runs/6M/context_ratio_ddpm500_repeats100/step-120000_ddpm500_rows200_repeats100_ctx05pct_5fold.json,TabICL_regression03/runs/6M/context_ratio_ddpm500_repeats100/step-120000_ddpm500_rows200_repeats100_ctx05pct_5fold_bins10-uncertainty.json,
ex3-3_context_ratio,5%,Diffusion_DDPM500_repeats100,Moneyball,-0.2337842589,0.08065552336,0.2536238901,0.009210980667,0.2032005661,0.008999160207,0.03,0.009011104261,4.547002848,0.5121823961,TabICL_regression03/runs/6M/context_ratio_ddpm500_repeats100/step-120000_ddpm500_rows200_repeats100_ctx05pct_5fold.json,TabICL_regression03/runs/6M/context_ratio_ddpm500_repeats100/step-120000_ddpm500_rows200_repeats100_ctx05pct_5fold_bins10-uncertainty.json,
ex3-3_context_ratio,5%,Diffusion_DDPM500_repeats100,pumadyn32nh,-0.2127265827,0.06913984287,0.2347092264,0.009631575002,0.1892982539,0.0092990885,0.022,0.005403702434,4.326508226,0.4759670166,TabICL_regression03/runs/6M/context_ratio_ddpm500_repeats100/step-120000_ddpm500_rows200_repeats100_ctx05pct_5fold.json,TabICL_regression03/runs/6M/context_ratio_ddpm500_repeats100/step-120000_ddpm500_rows200_repeats100_ctx05pct_5fold_bins10-uncertainty.json,
ex3-3_context_ratio,5%,Diffusion_DDPM500_repeats100,QSAR_fish_toxicity,-0.1536537199,0.1186120251,0.2189101818,0.009773578407,0.1731325774,0.008449112628,0.035,0.008648699324,5.112373494,0.9193701942,TabICL_regression03/runs/6M/context_ratio_ddpm500_repeats100/step-120000_ddpm500_rows200_repeats100_ctx05pct_5fold.json,TabICL_regression03/runs/6M/context_ratio_ddpm500_repeats100/step-120000_ddpm500_rows200_repeats100_ctx05pct_5fold_bins10-uncertainty.json,
ex3-3_context_ratio,5%,Diffusion_DDPM500_repeats100,quake,-0.140555873,0.02707806302,0.2867664602,0.01024520115,0.2291970399,0.01067719889,0.044,0.004098780306,5.015381789,0.4752035793,TabICL_regression03/runs/6M/context_ratio_ddpm500_repeats100/step-120000_ddpm500_rows200_repeats100_ctx05pct_5fold.json,TabICL_regression03/runs/6M/context_ratio_ddpm500_repeats100/step-120000_ddpm500_rows200_repeats100_ctx05pct_5fold_bins10-uncertainty.json,
ex3-3_context_ratio,5%,Diffusion_DDPM500_repeats100,sensory,-0.07391370667,0.04959524663,0.2542843078,0.01099268869,0.2009170025,0.009848363179,0.022,0.006633249581,4.243499935,0.7413021282,TabICL_regression03/runs/6M/context_ratio_ddpm500_repeats100/step-120000_ddpm500_rows200_repeats100_ctx05pct_5fold.json,TabICL_regression03/runs/6M/context_ratio_ddpm500_repeats100/step-120000_ddpm500_rows200_repeats100_ctx05pct_5fold_bins10-uncertainty.json,
ex3-3_context_ratio,5%,Diffusion_DDPM500_repeats100,socmob,-0.2892782171,0.1404300483,0.2089296904,0.02620725947,0.1268287889,0.03731581568,0.078,0.009121403401,3.882429019,3.583464994,TabICL_regression03/runs/6M/context_ratio_ddpm500_repeats100/step-120000_ddpm500_rows200_repeats100_ctx05pct_5fold.json,TabICL_regression03/runs/6M/context_ratio_ddpm500_repeats100/step-120000_ddpm500_rows200_repeats100_ctx05pct_5fold_bins10-uncertainty.json,
ex3-3_context_ratio,5%,Diffusion_DDPM500_repeats100,space_ga,-0.2293302719,0.1449419606,0.2673132394,0.03180981015,0.2160317056,0.02881958434,0.04,0.007155417528,5.238145081,1.04843133,TabICL_regression03/runs/6M/context_ratio_ddpm500_repeats100/step-120000_ddpm500_rows200_repeats100_ctx05pct_5fold.json,TabICL_regression03/runs/6M/context_ratio_ddpm500_repeats100/step-120000_ddpm500_rows200_repeats100_ctx05pct_5fold_bins10-uncertainty.json,
ex3-3_context_ratio,5%,Diffusion_DDPM500_repeats100,student_performance,-0.1292250048,0.0469209534,0.2127900891,0.0120132326,0.1631645777,0.01126588447,0.025,0.006782329983,3.813911618,0.4647544722,TabICL_regression03/runs/6M/context_ratio_ddpm500_repeats100/step-120000_ddpm500_rows200_repeats100_ctx05pct_5fold.json,TabICL_regression03/runs/6M/context_ratio_ddpm500_repeats100/step-120000_ddpm500_rows200_repeats100_ctx05pct_5fold_bins10-uncertainty.json,
ex3-3_context_ratio,5%,nanoTabPFN,abalone,-0.3256269932,0.254370875,0.2759973634,0.03002743659,0.2176036215,0.03134260421,0.076,0.01228006515,2.01380971,0.4139323661,nanoTabPFN_version10_original02/6M/context_ratio/model_step_0120000_rows200_bins10_ctx05pct_5fold_eval.json,nanoTabPFN_version10_original02/6M/context_ratio/model_step_0120000_rows200_bins10_ctx05pct_5fold_eval.json,
ex3-3_context_ratio,5%,nanoTabPFN,airfoil_self_noise,0.2191635657,0.07398477644,0.2042843478,0.01429669136,0.1658633007,0.01116582137,0.077,0.008555699854,1.628309977,0.2969576786,nanoTabPFN_version10_original02/6M/context_ratio/model_step_0120000_rows200_bins10_ctx05pct_5fold_eval.json,nanoTabPFN_version10_original02/6M/context_ratio/model_step_0120000_rows200_bins10_ctx05pct_5fold_eval.json,
ex3-3_context_ratio,5%,nanoTabPFN,auction_verification,0.02364054982,0.0960734505,0.2979487932,0.01452396398,0.2164295431,0.01643044792,0.034,0.007071067812,2.633685944,0.4630856868,nanoTabPFN_version10_original02/6M/context_ratio/model_step_0120000_rows200_bins10_ctx05pct_5fold_eval.json,nanoTabPFN_version10_original02/6M/context_ratio/model_step_0120000_rows200_bins10_ctx05pct_5fold_eval.json,
ex3-3_context_ratio,5%,nanoTabPFN,boston,0.5524807486,0.08713035884,0.1521559805,0.01710644995,0.1125920754,0.01289615846,0.018,0.003577708764,2.274394633,0.3823424084,nanoTabPFN_version10_original02/6M/context_ratio/model_step_0120000_rows200_bins10_ctx05pct_5fold_eval.json,nanoTabPFN_version10_original02/6M/context_ratio/model_step_0120000_rows200_bins10_ctx05pct_5fold_eval.json,
ex3-3_context_ratio,5%,nanoTabPFN,cars,0.02865862349,0.4694494149,0.2151552788,0.05204952826,0.1589564499,0.04153202484,0.058,0.01117139204,1.979147224,0.4360270171,nanoTabPFN_version10_original02/6M/context_ratio/model_step_0120000_rows200_bins10_ctx05pct_5fold_eval.json,nanoTabPFN_version10_original02/6M/context_ratio/model_step_0120000_rows200_bins10_ctx05pct_5fold_eval.json,
ex3-3_context_ratio,5%,nanoTabPFN,concrete_compressive_strength,0.1362918523,0.1125186851,0.2304240341,0.01257878193,0.1853685397,0.01200998129,0.061,0.008648699324,1.982002951,0.2581158324,nanoTabPFN_version10_original02/6M/context_ratio/model_step_0120000_rows200_bins10_ctx05pct_5fold_eval.json,nanoTabPFN_version10_original02/6M/context_ratio/model_step_0120000_rows200_bins10_ctx05pct_5fold_eval.json,
ex3-3_context_ratio,5%,nanoTabPFN,cpu_activity,0.1136638319,0.07277964714,0.1890362084,0.01757383819,0.07634324513,0.007656338335,0.046,0.008294576541,0.5894019286,0.01976798017,nanoTabPFN_version10_original02/6M/context_ratio/model_step_0120000_rows200_bins10_ctx05pct_5fold_eval.json,nanoTabPFN_version10_original02/6M/context_ratio/model_step_0120000_rows200_bins10_ctx05pct_5fold_eval.json,
ex3-3_context_ratio,5%,nanoTabPFN,energy_efficiency,0.7552532474,0.03564627114,0.1505975836,0.00853096203,0.1194412755,0.00793641534,0.056,0.01005982107,1.43077462,0.14324558,nanoTabPFN_version10_original02/6M/context_ratio/model_step_0120000_rows200_bins10_ctx05pct_5fold_eval.json,nanoTabPFN_version10_original02/6M/context_ratio/model_step_0120000_rows200_bins10_ctx05pct_5fold_eval.json,
ex3-3_context_ratio,5%,nanoTabPFN,grid_stability,-0.2205484987,0.06506183297,0.2936250218,0.006670536047,0.2441904842,0.00458287988,0.067,0.008532291603,2.013704945,0.2314628683,nanoTabPFN_version10_original02/6M/context_ratio/model_step_0120000_rows200_bins10_ctx05pct_5fold_eval.json,nanoTabPFN_version10_original02/6M/context_ratio/model_step_0120000_rows200_bins10_ctx05pct_5fold_eval.json,
ex3-3_context_ratio,5%,nanoTabPFN,kin8nm,-0.5286164323,0.2128213101,0.2990416098,0.02020645101,0.2419012982,0.01634050982,0.047,0.005477225575,2.710520174,0.2264844533,nanoTabPFN_version10_original02/6M/context_ratio/model_step_0120000_rows200_bins10_ctx05pct_5fold_eval.json,nanoTabPFN_version10_original02/6M/context_ratio/model_step_0120000_rows200_bins10_ctx05pct_5fold_eval.json,
ex3-3_context_ratio,5%,nanoTabPFN,Moneyball,0.7452851945,0.0397521442,0.1150145699,0.01146447557,0.08982773066,0.00782413198,0.024,0.00692820323,1.485394253,0.08663744518,nanoTabPFN_version10_original02/6M/context_ratio/model_step_0120000_rows200_bins10_ctx05pct_5fold_eval.json,nanoTabPFN_version10_original02/6M/context_ratio/model_step_0120000_rows200_bins10_ctx05pct_5fold_eval.json,
ex3-3_context_ratio,5%,nanoTabPFN,pumadyn32nh,-0.1902370553,0.08387658445,0.2326536786,0.01184196946,0.1843258057,0.01091907704,0.053,0.005899152482,2.140876267,0.4626498244,nanoTabPFN_version10_original02/6M/context_ratio/model_step_0120000_rows200_bins10_ctx05pct_5fold_eval.json,nanoTabPFN_version10_original02/6M/context_ratio/model_step_0120000_rows200_bins10_ctx05pct_5fold_eval.json,
ex3-3_context_ratio,5%,nanoTabPFN,QSAR_fish_toxicity,0.08635319396,0.124792757,0.1954416212,0.01725329736,0.1503751318,0.01391596133,0.067,0.009099450533,1.712980474,0.1697198327,nanoTabPFN_version10_original02/6M/context_ratio/model_step_0120000_rows200_bins10_ctx05pct_5fold_eval.json,nanoTabPFN_version10_original02/6M/context_ratio/model_step_0120000_rows200_bins10_ctx05pct_5fold_eval.json,
ex3-3_context_ratio,5%,nanoTabPFN,quake,-0.6570476431,0.1494346974,0.3431061806,0.01343209018,0.2796174072,0.01577860337,0.091,0.003847076812,1.500994623,0.2478693054,nanoTabPFN_version10_original02/6M/context_ratio/model_step_0120000_rows200_bins10_ctx05pct_5fold_eval.json,nanoTabPFN_version10_original02/6M/context_ratio/model_step_0120000_rows200_bins10_ctx05pct_5fold_eval.json,
ex3-3_context_ratio,5%,nanoTabPFN,sensory,-0.3258965125,0.1738533608,0.2827537963,0.02763639619,0.2308218269,0.02513343825,0.072,0.00593295879,1.851685738,0.309643774,nanoTabPFN_version10_original02/6M/context_ratio/model_step_0120000_rows200_bins10_ctx05pct_5fold_eval.json,nanoTabPFN_version10_original02/6M/context_ratio/model_step_0120000_rows200_bins10_ctx05pct_5fold_eval.json,
ex3-3_context_ratio,5%,nanoTabPFN,socmob,0.1858070867,0.09329065816,0.1618168423,0.01039162458,0.06375633555,0.01065312584,0.049,0.007924645102,0.4257496663,0.1724993336,nanoTabPFN_version10_original02/6M/context_ratio/model_step_0120000_rows200_bins10_ctx05pct_5fold_eval.json,nanoTabPFN_version10_original02/6M/context_ratio/model_step_0120000_rows200_bins10_ctx05pct_5fold_eval.json,
ex3-3_context_ratio,5%,nanoTabPFN,space_ga,-0.1716662081,0.2258034586,0.2568064047,0.0364652034,0.2011960401,0.02920203297,0.074,0.01268069399,2.005900962,0.6921044743,nanoTabPFN_version10_original02/6M/context_ratio/model_step_0120000_rows200_bins10_ctx05pct_5fold_eval.json,nanoTabPFN_version10_original02/6M/context_ratio/model_step_0120000_rows200_bins10_ctx05pct_5fold_eval.json,
ex3-3_context_ratio,5%,nanoTabPFN,student_performance,-0.6178840881,0.2491017867,0.2505983584,0.02183524112,0.1862142294,0.01959714959,0.042,0.00876356092,2.650439737,0.7678882509,nanoTabPFN_version10_original02/6M/context_ratio/model_step_0120000_rows200_bins10_ctx05pct_5fold_eval.json,nanoTabPFN_version10_original02/6M/context_ratio/model_step_0120000_rows200_bins10_ctx05pct_5fold_eval.json,
ex3-3_context_ratio,5%,ngboost,abalone,-0.5167543167,0.2763987589,0.2965085187,0.03481925086,0.2271791018,0.03103026241,0.152,0.003633180425,,,TabICL_regression03/runs/distribution_baselines_context_ratio/distribution_baselines_rows200_bins10_ctx05pct_5fold_library_defaults.json,TabICL_regression03/runs/distribution_baselines_context_ratio/distribution_baselines_rows200_bins10_ctx05pct_5fold_library_defaults.json,
ex3-3_context_ratio,5%,ngboost,airfoil_self_noise,-0.5863461249,0.3375557596,0.2852770522,0.03169139715,0.2272063001,0.02715945692,0.16,5.551115123e-18,,,TabICL_regression03/runs/distribution_baselines_context_ratio/distribution_baselines_rows200_bins10_ctx05pct_5fold_library_defaults.json,TabICL_regression03/runs/distribution_baselines_context_ratio/distribution_baselines_rows200_bins10_ctx05pct_5fold_library_defaults.json,
ex3-3_context_ratio,5%,ngboost,auction_verification,-0.2677756816,0.1479139572,0.339226398,0.02530843596,0.2283824476,0.02336030084,0.16,9.614813432e-18,,,TabICL_regression03/runs/distribution_baselines_context_ratio/distribution_baselines_rows200_bins10_ctx05pct_5fold_library_defaults.json,TabICL_regression03/runs/distribution_baselines_context_ratio/distribution_baselines_rows200_bins10_ctx05pct_5fold_library_defaults.json,
ex3-3_context_ratio,5%,ngboost,boston,0.4209994943,0.04072037597,0.1785080009,0.01046530894,0.1227281946,0.005836363787,0.16,5.551115123e-18,,,TabICL_regression03/runs/distribution_baselines_context_ratio/distribution_baselines_rows200_bins10_ctx05pct_5fold_library_defaults.json,TabICL_regression03/runs/distribution_baselines_context_ratio/distribution_baselines_rows200_bins10_ctx05pct_5fold_library_defaults.json,
ex3-3_context_ratio,5%,ngboost,cars,0.01059752012,0.1484649241,0.2346748321,0.02101360067,0.1531982621,0.01614747616,0.16,0,,,TabICL_regression03/runs/distribution_baselines_context_ratio/distribution_baselines_rows200_bins10_ctx05pct_5fold_library_defaults.json,TabICL_regression03/runs/distribution_baselines_context_ratio/distribution_baselines_rows200_bins10_ctx05pct_5fold_library_defaults.json,
ex3-3_context_ratio,5%,ngboost,concrete_compressive_strength,-0.4959735892,0.1678455043,0.3034523096,0.01817484416,0.2511790319,0.01624024348,0.16,5.551115123e-18,,,TabICL_regression03/runs/distribution_baselines_context_ratio/distribution_baselines_rows200_bins10_ctx05pct_5fold_library_defaults.json,TabICL_regression03/runs/distribution_baselines_context_ratio/distribution_baselines_rows200_bins10_ctx05pct_5fold_library_defaults.json,
ex3-3_context_ratio,5%,ngboost,cpu_activity,0.2855767452,0.07995299621,0.1658685837,0.01073337531,0.07204816079,0.005750539083,0.16,1.110223025e-17,,,TabICL_regression03/runs/distribution_baselines_context_ratio/distribution_baselines_rows200_bins10_ctx05pct_5fold_library_defaults.json,TabICL_regression03/runs/distribution_baselines_context_ratio/distribution_baselines_rows200_bins10_ctx05pct_5fold_library_defaults.json,
ex3-3_context_ratio,5%,ngboost,energy_efficiency,0.7134060986,0.06383346839,0.1606187346,0.01695468472,0.1147846173,0.0105537892,0.16,7.850462293e-18,,,TabICL_regression03/runs/distribution_baselines_context_ratio/distribution_baselines_rows200_bins10_ctx05pct_5fold_library_defaults.json,TabICL_regression03/runs/distribution_baselines_context_ratio/distribution_baselines_rows200_bins10_ctx05pct_5fold_library_defaults.json,
ex3-3_context_ratio,5%,ngboost,grid_stability,-0.4573101849,0.1456504645,0.3180706558,0.0120789431,0.2588018926,0.008622908773,0.16,7.850462293e-18,,,TabICL_regression03/runs/distribution_baselines_context_ratio/distribution_baselines_rows200_bins10_ctx05pct_5fold_library_defaults.json,TabICL_regression03/runs/distribution_baselines_context_ratio/distribution_baselines_rows200_bins10_ctx05pct_5fold_library_defaults.json,
ex3-3_context_ratio,5%,ngboost,kin8nm,-0.3275964431,0.179651449,0.27868899,0.01552799219,0.2268344768,0.01444070032,0.16,5.551115123e-18,,,TabICL_regression03/runs/distribution_baselines_context_ratio/distribution_baselines_rows200_bins10_ctx05pct_5fold_library_defaults.json,TabICL_regression03/runs/distribution_baselines_context_ratio/distribution_baselines_rows200_bins10_ctx05pct_5fold_library_defaults.json,
ex3-3_context_ratio,5%,ngboost,Moneyball,0.4826229965,0.05068440483,0.1647504019,0.01198095573,0.1266043303,0.009690461014,0.16,5.551115123e-18,,,TabICL_regression03/runs/distribution_baselines_context_ratio/distribution_baselines_rows200_bins10_ctx05pct_5fold_library_defaults.json,TabICL_regression03/runs/distribution_baselines_context_ratio/distribution_baselines_rows200_bins10_ctx05pct_5fold_library_defaults.json,
ex3-3_context_ratio,5%,ngboost,pumadyn32nh,-0.4408150515,0.07361344101,0.2561713195,0.0108420777,0.2077991763,0.008403722492,0.16,0,,,TabICL_regression03/runs/distribution_baselines_context_ratio/distribution_baselines_rows200_bins10_ctx05pct_5fold_library_defaults.json,TabICL_regression03/runs/distribution_baselines_context_ratio/distribution_baselines_rows200_bins10_ctx05pct_5fold_library_defaults.json,
ex3-3_context_ratio,5%,ngboost,QSAR_fish_toxicity,-0.4476638097,0.2494011922,0.2408784496,0.02119338526,0.181525077,0.01718119815,0.16,9.614813432e-18,,,TabICL_regression03/runs/distribution_baselines_context_ratio/distribution_baselines_rows200_bins10_ctx05pct_5fold_library_defaults.json,TabICL_regression03/runs/distribution_baselines_context_ratio/distribution_baselines_rows200_bins10_ctx05pct_5fold_library_defaults.json,
ex3-3_context_ratio,5%,ngboost,quake,-1.098322204,0.214702144,0.3872270928,0.02587354268,0.3018394957,0.02341936043,0.148,0.004098780306,,,TabICL_regression03/runs/distribution_baselines_context_ratio/distribution_baselines_rows200_bins10_ctx05pct_5fold_library_defaults.json,TabICL_regression03/runs/distribution_baselines_context_ratio/distribution_baselines_rows200_bins10_ctx05pct_5fold_library_defaults.json,
ex3-3_context_ratio,5%,ngboost,sensory,-0.9961751974,0.4305944151,0.3430232592,0.04480323195,0.2743689108,0.03621787567,0.152,0.003898717738,,,TabICL_regression03/runs/distribution_baselines_context_ratio/distribution_baselines_rows200_bins10_ctx05pct_5fold_library_defaults.json,TabICL_regression03/runs/distribution_baselines_context_ratio/distribution_baselines_rows200_bins10_ctx05pct_5fold_library_defaults.json,
ex3-3_context_ratio,5%,ngboost,socmob,0.1866167193,0.1413432847,0.1637354809,0.02546700119,0.06516858098,0.01421238729,0.16,5.551115123e-18,,,TabICL_regression03/runs/distribution_baselines_context_ratio/distribution_baselines_rows200_bins10_ctx05pct_5fold_library_defaults.json,TabICL_regression03/runs/distribution_baselines_context_ratio/distribution_baselines_rows200_bins10_ctx05pct_5fold_library_defaults.json,
ex3-3_context_ratio,5%,ngboost,space_ga,-0.6749810186,0.470693269,0.301378235,0.05255107417,0.2432812534,0.04395278555,0.16,0,,,TabICL_regression03/runs/distribution_baselines_context_ratio/distribution_baselines_rows200_bins10_ctx05pct_5fold_library_defaults.json,TabICL_regression03/runs/distribution_baselines_context_ratio/distribution_baselines_rows200_bins10_ctx05pct_5fold_library_defaults.json,
ex3-3_context_ratio,5%,ngboost,student_performance,-0.3761316941,0.1443191,0.2328026911,0.01517219501,0.1790180942,0.01575341033,0.16,7.850462293e-18,,,TabICL_regression03/runs/distribution_baselines_context_ratio/distribution_baselines_rows200_bins10_ctx05pct_5fold_library_defaults.json,TabICL_regression03/runs/distribution_baselines_context_ratio/distribution_baselines_rows200_bins10_ctx05pct_5fold_library_defaults.json,
ex3-3_context_ratio,5%,catboost,abalone,-0.3760713346,0.1916918216,0.2834600982,0.02657281697,0.2173117894,0.02530170664,0.144,0.005899152482,,,TabICL_regression03/runs/distribution_baselines_context_ratio/distribution_baselines_rows200_bins10_ctx05pct_5fold_library_defaults.json,TabICL_regression03/runs/distribution_baselines_context_ratio/distribution_baselines_rows200_bins10_ctx05pct_5fold_library_defaults.json,
ex3-3_context_ratio,5%,catboost,airfoil_self_noise,-0.1212036364,0.1566471998,0.2418816397,0.01749701741,0.1925856866,0.01458790082,0.111,0.00756306816,,,TabICL_regression03/runs/distribution_baselines_context_ratio/distribution_baselines_rows200_bins10_ctx05pct_5fold_library_defaults.json,TabICL_regression03/runs/distribution_baselines_context_ratio/distribution_baselines_rows200_bins10_ctx05pct_5fold_library_defaults.json,
ex3-3_context_ratio,5%,catboost,auction_verification,0.03397577237,0.0592854682,0.2986463778,0.01599205082,0.2002122958,0.01346303901,0.134,0.008648699324,,,TabICL_regression03/runs/distribution_baselines_context_ratio/distribution_baselines_rows200_bins10_ctx05pct_5fold_library_defaults.json,TabICL_regression03/runs/distribution_baselines_context_ratio/distribution_baselines_rows200_bins10_ctx05pct_5fold_library_defaults.json,
ex3-3_context_ratio,5%,catboost,boston,0.2681917741,0.06600863516,0.1995984356,0.01054593951,0.1306714016,0.002961433885,0.1,0.006418722614,,,TabICL_regression03/runs/distribution_baselines_context_ratio/distribution_baselines_rows200_bins10_ctx05pct_5fold_library_defaults.json,TabICL_regression03/runs/distribution_baselines_context_ratio/distribution_baselines_rows200_bins10_ctx05pct_5fold_library_defaults.json,
ex3-3_context_ratio,5%,catboost,cars,-0.185124869,0.08081857659,0.2623465678,0.02215992393,0.1729230068,0.01632175151,0.107,0.0045607017,,,TabICL_regression03/runs/distribution_baselines_context_ratio/distribution_baselines_rows200_bins10_ctx05pct_5fold_library_defaults.json,TabICL_regression03/runs/distribution_baselines_context_ratio/distribution_baselines_rows200_bins10_ctx05pct_5fold_library_defaults.json,
ex3-3_context_ratio,5%,catboost,concrete_compressive_strength,0.07780024947,0.1663603391,0.2413145005,0.02863992937,0.1948521117,0.02298002364,0.106,0.006260990337,,,TabICL_regression03/runs/distribution_baselines_context_ratio/distribution_baselines_rows200_bins10_ctx05pct_5fold_library_defaults.json,TabICL_regression03/runs/distribution_baselines_context_ratio/distribution_baselines_rows200_bins10_ctx05pct_5fold_library_defaults.json,
ex3-3_context_ratio,5%,catboost,cpu_activity,0.2184408648,0.08520216004,0.1729876324,0.009450801942,0.08220771288,0.00723412062,0.103,0.009011104261,,,TabICL_regression03/runs/distribution_baselines_context_ratio/distribution_baselines_rows200_bins10_ctx05pct_5fold_library_defaults.json,TabICL_regression03/runs/distribution_baselines_context_ratio/distribution_baselines_rows200_bins10_ctx05pct_5fold_library_defaults.json,
ex3-3_context_ratio,5%,catboost,energy_efficiency,0.5502060236,0.09327160326,0.2013591649,0.02331359131,0.1584564661,0.01852705595,0.098,0.005727128425,,,TabICL_regression03/runs/distribution_baselines_context_ratio/distribution_baselines_rows200_bins10_ctx05pct_5fold_library_defaults.json,TabICL_regression03/runs/distribution_baselines_context_ratio/distribution_baselines_rows200_bins10_ctx05pct_5fold_library_defaults.json,
ex3-3_context_ratio,5%,catboost,grid_stability,-0.07582924024,0.07931722955,0.2755817655,0.0117030894,0.2284141372,0.008744065338,0.109,0.002828427125,,,TabICL_regression03/runs/distribution_baselines_context_ratio/distribution_baselines_rows200_bins10_ctx05pct_5fold_library_defaults.json,TabICL_regression03/runs/distribution_baselines_context_ratio/distribution_baselines_rows200_bins10_ctx05pct_5fold_library_defaults.json,
ex3-3_context_ratio,5%,catboost,kin8nm,-0.01857784728,0.1128080174,0.2466508553,0.01589746986,0.1952137387,0.01639435997,0.089,0.007694153625,,,TabICL_regression03/runs/distribution_baselines_context_ratio/distribution_baselines_rows200_bins10_ctx05pct_5fold_library_defaults.json,TabICL_regression03/runs/distribution_baselines_context_ratio/distribution_baselines_rows200_bins10_ctx05pct_5fold_library_defaults.json,
ex3-3_context_ratio,5%,catboost,Moneyball,0.4631473193,0.02590390439,0.1675501462,0.00545916539,0.1243510217,0.002656502594,0.087,0.001414213562,,,TabICL_regression03/runs/distribution_baselines_context_ratio/distribution_baselines_rows200_bins10_ctx05pct_5fold_library_defaults.json,TabICL_regression03/runs/distribution_baselines_context_ratio/distribution_baselines_rows200_bins10_ctx05pct_5fold_library_defaults.json,
ex3-3_context_ratio,5%,catboost,pumadyn32nh,-0.2262508826,0.04351963778,0.2362363671,0.00766654294,0.1900601736,0.00671195338,0.103,0.007071067812,,,TabICL_regression03/runs/distribution_baselines_context_ratio/distribution_baselines_rows200_bins10_ctx05pct_5fold_library_defaults.json,TabICL_regression03/runs/distribution_baselines_context_ratio/distribution_baselines_rows200_bins10_ctx05pct_5fold_library_defaults.json,
ex3-3_context_ratio,5%,catboost,QSAR_fish_toxicity,-0.1248284934,0.1745520044,0.2128899574,0.01190662791,0.1641582023,0.009353249966,0.118,0.01113552873,,,TabICL_regression03/runs/distribution_baselines_context_ratio/distribution_baselines_rows200_bins10_ctx05pct_5fold_library_defaults.json,TabICL_regression03/runs/distribution_baselines_context_ratio/distribution_baselines_rows200_bins10_ctx05pct_5fold_library_defaults.json,
ex3-3_context_ratio,5%,catboost,quake,-0.5855230132,0.1271848511,0.335705745,0.01216509229,0.2610386666,0.01100218609,0.121,0.005585696018,,,TabICL_regression03/runs/distribution_baselines_context_ratio/distribution_baselines_rows200_bins10_ctx05pct_5fold_library_defaults.json,TabICL_regression03/runs/distribution_baselines_context_ratio/distribution_baselines_rows200_bins10_ctx05pct_5fold_library_defaults.json,
ex3-3_context_ratio,5%,catboost,sensory,-0.2187722545,0.0858466225,0.2717179308,0.01839523499,0.220379672,0.01833175725,0.103,0.006,,,TabICL_regression03/runs/distribution_baselines_context_ratio/distribution_baselines_rows200_bins10_ctx05pct_5fold_library_defaults.json,TabICL_regression03/runs/distribution_baselines_context_ratio/distribution_baselines_rows200_bins10_ctx05pct_5fold_library_defaults.json,
ex3-3_context_ratio,5%,catboost,socmob,-0.6682128446,0.7214182895,0.2290283996,0.06638324858,0.1197532658,0.05540988062,0.126,0.007293833012,,,TabICL_regression03/runs/distribution_baselines_context_ratio/distribution_baselines_rows200_bins10_ctx05pct_5fold_library_defaults.json,TabICL_regression03/runs/distribution_baselines_context_ratio/distribution_baselines_rows200_bins10_ctx05pct_5fold_library_defaults.json,
ex3-3_context_ratio,5%,catboost,space_ga,-0.2036996471,0.1787157308,0.2644802192,0.0353028368,0.2186369716,0.03465210492,0.135,0.00756306816,,,TabICL_regression03/runs/distribution_baselines_context_ratio/distribution_baselines_rows200_bins10_ctx05pct_5fold_library_defaults.json,TabICL_regression03/runs/distribution_baselines_context_ratio/distribution_baselines_rows200_bins10_ctx05pct_5fold_library_defaults.json,
ex3-3_context_ratio,5%,catboost,student_performance,-0.1894911352,0.07565865286,0.2176769591,0.01202078854,0.1678626169,0.01085869077,0.119,0.007429670248,,,TabICL_regression03/runs/distribution_baselines_context_ratio/distribution_baselines_rows200_bins10_ctx05pct_5fold_library_defaults.json,TabICL_regression03/runs/distribution_baselines_context_ratio/distribution_baselines_rows200_bins10_ctx05pct_5fold_library_defaults.json,
ex3-3_context_ratio,5%,xgboost,abalone,-0.8463574394,0.2368307498,0.3293515125,0.02973470353,0.254614145,0.02505085469,0.054,0.006870225615,,,TabICL_regression03/runs/distribution_baselines_context_ratio/distribution_baselines_rows200_bins10_ctx05pct_5fold_library_defaults.json,TabICL_regression03/runs/distribution_baselines_context_ratio/distribution_baselines_rows200_bins10_ctx05pct_5fold_library_defaults.json,
ex3-3_context_ratio,5%,xgboost,airfoil_self_noise,-0.3107740267,0.1496323517,0.2650861165,0.02292272644,0.2126006305,0.0203363447,0.069,0.003847076812,,,TabICL_regression03/runs/distribution_baselines_context_ratio/distribution_baselines_rows200_bins10_ctx05pct_5fold_library_defaults.json,TabICL_regression03/runs/distribution_baselines_context_ratio/distribution_baselines_rows200_bins10_ctx05pct_5fold_library_defaults.json,
ex3-3_context_ratio,5%,xgboost,auction_verification,-0.344079392,0.2006812724,0.3466008073,0.03055626445,0.233783346,0.02801294631,0.072,0.005099019514,,,TabICL_regression03/runs/distribution_baselines_context_ratio/distribution_baselines_rows200_bins10_ctx05pct_5fold_library_defaults.json,TabICL_regression03/runs/distribution_baselines_context_ratio/distribution_baselines_rows200_bins10_ctx05pct_5fold_library_defaults.json,
ex3-3_context_ratio,5%,xgboost,boston,0.2382478292,0.07098153884,0.2035742151,0.01194756198,0.1381430768,0.00634873081,0.056,0.005899152482,,,TabICL_regression03/runs/distribution_baselines_context_ratio/distribution_baselines_rows200_bins10_ctx05pct_5fold_library_defaults.json,TabICL_regression03/runs/distribution_baselines_context_ratio/distribution_baselines_rows200_bins10_ctx05pct_5fold_library_defaults.json,
ex3-3_context_ratio,5%,xgboost,cars,-0.4490913519,0.4802631034,0.2674456341,0.04735273786,0.1745546216,0.03125861634,0.062,0.007949842766,,,TabICL_regression03/runs/distribution_baselines_context_ratio/distribution_baselines_rows200_bins10_ctx05pct_5fold_library_defaults.json,TabICL_regression03/runs/distribution_baselines_context_ratio/distribution_baselines_rows200_bins10_ctx05pct_5fold_library_defaults.json,
ex3-3_context_ratio,5%,xgboost,concrete_compressive_strength,-0.1931604368,0.1693060521,0.2737267795,0.02580047289,0.2216914488,0.0195774775,0.042,0.008173126697,,,TabICL_regression03/runs/distribution_baselines_context_ratio/distribution_baselines_rows200_bins10_ctx05pct_5fold_library_defaults.json,TabICL_regression03/runs/distribution_baselines_context_ratio/distribution_baselines_rows200_bins10_ctx05pct_5fold_library_defaults.json,
ex3-3_context_ratio,5%,xgboost,cpu_activity,0.02101854407,0.04973009216,0.1988895297,0.01714049402,0.08780802939,0.008207474558,0.063,0.01196662024,,,TabICL_regression03/runs/distribution_baselines_context_ratio/distribution_baselines_rows200_bins10_ctx05pct_5fold_library_defaults.json,TabICL_regression03/runs/distribution_baselines_context_ratio/distribution_baselines_rows200_bins10_ctx05pct_5fold_library_defaults.json,
ex3-3_context_ratio,5%,xgboost,energy_efficiency,0.4838536397,0.1190071256,0.2150646769,0.02676983606,0.1562993856,0.01892103604,0.075,0.008318653737,,,TabICL_regression03/runs/distribution_baselines_context_ratio/distribution_baselines_rows200_bins10_ctx05pct_5fold_library_defaults.json,TabICL_regression03/runs/distribution_baselines_context_ratio/distribution_baselines_rows200_bins10_ctx05pct_5fold_library_defaults.json,
ex3-3_context_ratio,5%,xgboost,grid_stability,-0.6737780863,0.3192303951,0.3381802962,0.03117352046,0.2773391114,0.02670014803,0.079,0.005761944116,,,TabICL_regression03/runs/distribution_baselines_context_ratio/distribution_baselines_rows200_bins10_ctx05pct_5fold_library_defaults.json,TabICL_regression03/runs/distribution_baselines_context_ratio/distribution_baselines_rows200_bins10_ctx05pct_5fold_library_defaults.json,
ex3-3_context_ratio,5%,xgboost,kin8nm,-0.283777211,0.08239897809,0.2778830995,0.01260540018,0.2188350419,0.01134943482,0.048,0.00632455532,,,TabICL_regression03/runs/distribution_baselines_context_ratio/distribution_baselines_rows200_bins10_ctx05pct_5fold_library_defaults.json,TabICL_regression03/runs/distribution_baselines_context_ratio/distribution_baselines_rows200_bins10_ctx05pct_5fold_library_defaults.json,
ex3-3_context_ratio,5%,xgboost,Moneyball,0.5120246597,0.05347947154,0.1587772823,0.01116059873,0.1253060022,0.009951618294,0.046,0.003633180425,,,TabICL_regression03/runs/distribution_baselines_context_ratio/distribution_baselines_rows200_bins10_ctx05pct_5fold_library_defaults.json,TabICL_regression03/runs/distribution_baselines_context_ratio/distribution_baselines_rows200_bins10_ctx05pct_5fold_library_defaults.json,
ex3-3_context_ratio,5%,xgboost,pumadyn32nh,-0.5658863645,0.09113120879,0.2666991929,0.01101838016,0.2140564058,0.00799227281,0.078,0.00726636085,,,TabICL_regression03/runs/distribution_baselines_context_ratio/distribution_baselines_rows200_bins10_ctx05pct_5fold_library_defaults.json,TabICL_regression03/runs/distribution_baselines_context_ratio/distribution_baselines_rows200_bins10_ctx05pct_5fold_library_defaults.json,
ex3-3_context_ratio,5%,xgboost,QSAR_fish_toxicity,-0.3114266631,0.1647437576,0.2319319679,0.01378029217,0.1768778745,0.007821070638,0.067,0.008648699324,,,TabICL_regression03/runs/distribution_baselines_context_ratio/distribution_baselines_rows200_bins10_ctx05pct_5fold_library_defaults.json,TabICL_regression03/runs/distribution_baselines_context_ratio/distribution_baselines_rows200_bins10_ctx05pct_5fold_library_defaults.json,
ex3-3_context_ratio,5%,xgboost,quake,-1.380355344,0.4676810718,0.403883122,0.03839779244,0.3286745096,0.0374532045,0.075,0.006542170894,,,TabICL_regression03/runs/distribution_baselines_context_ratio/distribution_baselines_rows200_bins10_ctx05pct_5fold_library_defaults.json,TabICL_regression03/runs/distribution_baselines_context_ratio/distribution_baselines_rows200_bins10_ctx05pct_5fold_library_defaults.json,
ex3-3_context_ratio,5%,xgboost,sensory,-0.6178097123,0.227878838,0.3103612177,0.03033104814,0.2452348111,0.02849294451,0.063,0.006841052551,,,TabICL_regression03/runs/distribution_baselines_context_ratio/distribution_baselines_rows200_bins10_ctx05pct_5fold_library_defaults.json,TabICL_regression03/runs/distribution_baselines_context_ratio/distribution_baselines_rows200_bins10_ctx05pct_5fold_library_defaults.json,
ex3-3_context_ratio,5%,xgboost,socmob,0.1854239868,0.1615084211,0.1623076076,0.02850811427,0.07648958443,0.02499586617,0.055,0.006723094526,,,TabICL_regression03/runs/distribution_baselines_context_ratio/distribution_baselines_rows200_bins10_ctx05pct_5fold_library_defaults.json,TabICL_regression03/runs/distribution_baselines_context_ratio/distribution_baselines_rows200_bins10_ctx05pct_5fold_library_defaults.json,
ex3-3_context_ratio,5%,xgboost,space_ga,-0.2507091991,0.164162593,0.2657309123,0.02659086972,0.204253836,0.02408874986,0.079,0.002,,,TabICL_regression03/runs/distribution_baselines_context_ratio/distribution_baselines_rows200_bins10_ctx05pct_5fold_library_defaults.json,TabICL_regression03/runs/distribution_baselines_context_ratio/distribution_baselines_rows200_bins10_ctx05pct_5fold_library_defaults.json,
ex3-3_context_ratio,5%,xgboost,student_performance,-0.34132969,0.07222082281,0.2306833327,0.009415281424,0.177822754,0.008077689892,0.059,0.006260990337,,,TabICL_regression03/runs/distribution_baselines_context_ratio/distribution_baselines_rows200_bins10_ctx05pct_5fold_library_defaults.json,TabICL_regression03/runs/distribution_baselines_context_ratio/distribution_baselines_rows200_bins10_ctx05pct_5fold_library_defaults.json,
ex3-3_context_ratio,5%,gaussian_process,abalone,-0.2705126029,0.1116958782,0.2724129676,0.01131086665,0.2140000019,0.01266907186,0.036,0.006228964601,,,TabICL_regression03/runs/distribution_baselines_context_ratio/distribution_baselines_rows200_bins10_ctx05pct_5fold_library_defaults.json,TabICL_regression03/runs/distribution_baselines_context_ratio/distribution_baselines_rows200_bins10_ctx05pct_5fold_library_defaults.json,
ex3-3_context_ratio,5%,gaussian_process,airfoil_self_noise,-0.1759666441,0.1012367753,0.2494587204,0.01192467902,0.1962909737,0.01152078688,0.047,0.01334166406,,,TabICL_regression03/runs/distribution_baselines_context_ratio/distribution_baselines_rows200_bins10_ctx05pct_5fold_library_defaults.json,TabICL_regression03/runs/distribution_baselines_context_ratio/distribution_baselines_rows200_bins10_ctx05pct_5fold_library_defaults.json,
ex3-3_context_ratio,5%,gaussian_process,auction_verification,-0.1534931396,0.04783180441,0.3259441364,0.01174603087,0.2357592569,0.01365883113,0.066,0.008532291603,,,TabICL_regression03/runs/distribution_baselines_context_ratio/distribution_baselines_rows200_bins10_ctx05pct_5fold_library_defaults.json,TabICL_regression03/runs/distribution_baselines_context_ratio/distribution_baselines_rows200_bins10_ctx05pct_5fold_library_defaults.json,
ex3-3_context_ratio,5%,gaussian_process,boston,0.3745071319,0.03601072896,0.1850403485,0.007604417068,0.1269860358,0.005151380458,0.031,0.002966479395,,,TabICL_regression03/runs/distribution_baselines_context_ratio/distribution_baselines_rows200_bins10_ctx05pct_5fold_library_defaults.json,TabICL_regression03/runs/distribution_baselines_context_ratio/distribution_baselines_rows200_bins10_ctx05pct_5fold_library_defaults.json,
ex3-3_context_ratio,5%,gaussian_process,cars,0.05035447971,0.08737450253,0.2338940917,0.01945796586,0.1563861935,0.01473153911,0.039,0.008671793355,,,TabICL_regression03/runs/distribution_baselines_context_ratio/distribution_baselines_rows200_bins10_ctx05pct_5fold_library_defaults.json,TabICL_regression03/runs/distribution_baselines_context_ratio/distribution_baselines_rows200_bins10_ctx05pct_5fold_library_defaults.json,
ex3-3_context_ratio,5%,gaussian_process,concrete_compressive_strength,-0.1838174716,0.1867891283,0.2729088284,0.0289505811,0.2217413881,0.02523690206,0.024,0.01169615321,,,TabICL_regression03/runs/distribution_baselines_context_ratio/distribution_baselines_rows200_bins10_ctx05pct_5fold_library_defaults.json,TabICL_regression03/runs/distribution_baselines_context_ratio/distribution_baselines_rows200_bins10_ctx05pct_5fold_library_defaults.json,
ex3-3_context_ratio,5%,gaussian_process,cpu_activity,0.1865770889,0.1141465554,0.1736547381,0.0113783832,0.07904177597,0.003653890508,0.039,0.007536577473,,,TabICL_regression03/runs/distribution_baselines_context_ratio/distribution_baselines_rows200_bins10_ctx05pct_5fold_library_defaults.json,TabICL_regression03/runs/distribution_baselines_context_ratio/distribution_baselines_rows200_bins10_ctx05pct_5fold_library_defaults.json,
ex3-3_context_ratio,5%,gaussian_process,energy_efficiency,0.5907862377,0.05903970049,0.1967043006,0.01658748675,0.1480847649,0.01058447625,0.019,0.009316651759,,,TabICL_regression03/runs/distribution_baselines_context_ratio/distribution_baselines_rows200_bins10_ctx05pct_5fold_library_defaults.json,TabICL_regression03/runs/distribution_baselines_context_ratio/distribution_baselines_rows200_bins10_ctx05pct_5fold_library_defaults.json,
ex3-3_context_ratio,5%,gaussian_process,grid_stability,-0.1119122512,0.1642960443,0.27580219,0.02379231242,0.2303131543,0.02027432633,0.039,0.005899152482,,,TabICL_regression03/runs/distribution_baselines_context_ratio/distribution_baselines_rows200_bins10_ctx05pct_5fold_library_defaults.json,TabICL_regression03/runs/distribution_baselines_context_ratio/distribution_baselines_rows200_bins10_ctx05pct_5fold_library_defaults.json,
ex3-3_context_ratio,5%,gaussian_process,kin8nm,-0.03624093621,0.04256361088,0.2501822215,0.00981203556,0.2030054973,0.01060481238,0.028,0.005176871642,,,TabICL_regression03/runs/distribution_baselines_context_ratio/distribution_baselines_rows200_bins10_ctx05pct_5fold_library_defaults.json,TabICL_regression03/runs/distribution_baselines_context_ratio/distribution_baselines_rows200_bins10_ctx05pct_5fold_library_defaults.json,
ex3-3_context_ratio,5%,gaussian_process,Moneyball,0.452045863,0.1125118896,0.1621572422,0.01714544082,0.1208366504,0.01220147028,0.018,0.003033150178,,,TabICL_regression03/runs/distribution_baselines_context_ratio/distribution_baselines_rows200_bins10_ctx05pct_5fold_library_defaults.json,TabICL_regression03/runs/distribution_baselines_context_ratio/distribution_baselines_rows200_bins10_ctx05pct_5fold_library_defaults.json,
ex3-3_context_ratio,5%,gaussian_process,pumadyn32nh,-0.1947131687,0.06099179663,0.2332040655,0.01003116644,0.1894920844,0.009628858483,0.027,0.005215361924,,,TabICL_regression03/runs/distribution_baselines_context_ratio/distribution_baselines_rows200_bins10_ctx05pct_5fold_library_defaults.json,TabICL_regression03/runs/distribution_baselines_context_ratio/distribution_baselines_rows200_bins10_ctx05pct_5fold_library_defaults.json,
ex3-3_context_ratio,5%,gaussian_process,QSAR_fish_toxicity,-0.4566335968,0.3302420789,0.23869483,0.02464741246,0.1823408659,0.01585789105,0.049,0.01899473611,,,TabICL_regression03/runs/distribution_baselines_context_ratio/distribution_baselines_rows200_bins10_ctx05pct_5fold_library_defaults.json,TabICL_regression03/runs/distribution_baselines_context_ratio/distribution_baselines_rows200_bins10_ctx05pct_5fold_library_defaults.json,
ex3-3_context_ratio,5%,gaussian_process,quake,-0.03867144133,0.01467709378,0.2740354305,0.01112004642,0.2225514202,0.01130178678,0.075,0.005099019514,,,TabICL_regression03/runs/distribution_baselines_context_ratio/distribution_baselines_rows200_bins10_ctx05pct_5fold_library_defaults.json,TabICL_regression03/runs/distribution_baselines_context_ratio/distribution_baselines_rows200_bins10_ctx05pct_5fold_library_defaults.json,
ex3-3_context_ratio,5%,gaussian_process,sensory,-0.1691920561,0.1079063944,0.2652428121,0.0183553565,0.2113900575,0.017404296,0.041,0.01211610498,,,TabICL_regression03/runs/distribution_baselines_context_ratio/distribution_baselines_rows200_bins10_ctx05pct_5fold_library_defaults.json,TabICL_regression03/runs/distribution_baselines_context_ratio/distribution_baselines_rows200_bins10_ctx05pct_5fold_library_defaults.json,
ex3-3_context_ratio,5%,gaussian_process,socmob,-0.01611511039,0.1157764729,0.1789288061,0.006136294358,0.0872882256,0.01574419508,0.031,0.007823042886,,,TabICL_regression03/runs/distribution_baselines_context_ratio/distribution_baselines_rows200_bins10_ctx05pct_5fold_library_defaults.json,TabICL_regression03/runs/distribution_baselines_context_ratio/distribution_baselines_rows200_bins10_ctx05pct_5fold_library_defaults.json,
ex3-3_context_ratio,5%,gaussian_process,space_ga,-0.7997495587,0.3555070351,0.320647552,0.04819705808,0.2625102215,0.04524014909,0.059,0.01154123044,,,TabICL_regression03/runs/distribution_baselines_context_ratio/distribution_baselines_rows200_bins10_ctx05pct_5fold_library_defaults.json,TabICL_regression03/runs/distribution_baselines_context_ratio/distribution_baselines_rows200_bins10_ctx05pct_5fold_library_defaults.json,
ex3-3_context_ratio,5%,gaussian_process,student_performance,-0.1357244251,0.05080949453,0.213285487,0.01183175777,0.1626257839,0.01029093445,0.043,0.006228964601,,,TabICL_regression03/runs/distribution_baselines_context_ratio/distribution_baselines_rows200_bins10_ctx05pct_5fold_library_defaults.json,TabICL_regression03/runs/distribution_baselines_context_ratio/distribution_baselines_rows200_bins10_ctx05pct_5fold_library_defaults.json,
ex3-3_context_ratio,5%,conformal_quantile,abalone,-0.8463580703,0.2368310505,0.329351567,0.02973473796,0.2546141879,0.02505087725,0.064,0.004335896678,,,TabICL_regression03/runs/distribution_baselines_context_ratio/distribution_baselines_rows200_bins10_ctx05pct_5fold_library_defaults.json,TabICL_regression03/runs/distribution_baselines_context_ratio/distribution_baselines_rows200_bins10_ctx05pct_5fold_library_defaults.json,
ex3-3_context_ratio,5%,conformal_quantile,airfoil_self_noise,-0.310774219,0.1496321468,0.2650861418,0.02292271099,0.2126006871,0.02033634014,0.056,0.003464101615,,,TabICL_regression03/runs/distribution_baselines_context_ratio/distribution_baselines_rows200_bins10_ctx05pct_5fold_library_defaults.json,TabICL_regression03/runs/distribution_baselines_context_ratio/distribution_baselines_rows200_bins10_ctx05pct_5fold_library_defaults.json,
ex3-3_context_ratio,5%,conformal_quantile,auction_verification,-0.3440792164,0.2006811918,0.346600789,0.03055624974,0.2337834241,0.02801295657,0.072,0.006066300355,,,TabICL_regression03/runs/distribution_baselines_context_ratio/distribution_baselines_rows200_bins10_ctx05pct_5fold_library_defaults.json,TabICL_regression03/runs/distribution_baselines_context_ratio/distribution_baselines_rows200_bins10_ctx05pct_5fold_library_defaults.json,
ex3-3_context_ratio,5%,conformal_quantile,boston,0.2382496674,0.07098101731,0.2035739431,0.01194733208,0.1381425676,0.00634846404,0.055,0.006723094526,,,TabICL_regression03/runs/distribution_baselines_context_ratio/distribution_baselines_rows200_bins10_ctx05pct_5fold_library_defaults.json,TabICL_regression03/runs/distribution_baselines_context_ratio/distribution_baselines_rows200_bins10_ctx05pct_5fold_library_defaults.json,
ex3-3_context_ratio,5%,conformal_quantile,cars,-0.449091346,0.4802630967,0.2674456354,0.04735273593,0.174554619,0.0312586161,0.057,0.007797435476,,,TabICL_regression03/runs/distribution_baselines_context_ratio/distribution_baselines_rows200_bins10_ctx05pct_5fold_library_defaults.json,TabICL_regression03/runs/distribution_baselines_context_ratio/distribution_baselines_rows200_bins10_ctx05pct_5fold_library_defaults.json,
ex3-3_context_ratio,5%,conformal_quantile,concrete_compressive_strength,-0.1931542247,0.1693070906,0.2737259995,0.02580051697,0.2216910876,0.0195774154,0.042,0.008173126697,,,TabICL_regression03/runs/distribution_baselines_context_ratio/distribution_baselines_rows200_bins10_ctx05pct_5fold_library_defaults.json,TabICL_regression03/runs/distribution_baselines_context_ratio/distribution_baselines_rows200_bins10_ctx05pct_5fold_library_defaults.json,
ex3-3_context_ratio,5%,conformal_quantile,cpu_activity,0.02101848907,0.04973016067,0.1988895328,0.01714049388,0.087808007,0.008207489444,0.065,0.01044988038,,,TabICL_regression03/runs/distribution_baselines_context_ratio/distribution_baselines_rows200_bins10_ctx05pct_5fold_library_defaults.json,TabICL_regression03/runs/distribution_baselines_context_ratio/distribution_baselines_rows200_bins10_ctx05pct_5fold_library_defaults.json,
ex3-3_context_ratio,5%,conformal_quantile,energy_efficiency,0.4838536338,0.1190071198,0.2150646786,0.026769835,0.1562993877,0.01892103619,0.073,0.008485281374,,,TabICL_regression03/runs/distribution_baselines_context_ratio/distribution_baselines_rows200_bins10_ctx05pct_5fold_library_defaults.json,TabICL_regression03/runs/distribution_baselines_context_ratio/distribution_baselines_rows200_bins10_ctx05pct_5fold_library_defaults.json,
ex3-3_context_ratio,5%,conformal_quantile,grid_stability,-0.673792997,0.3192272747,0.3381818805,0.0311722998,0.2773405369,0.0266992146,0.072,0.00692820323,,,TabICL_regression03/runs/distribution_baselines_context_ratio/distribution_baselines_rows200_bins10_ctx05pct_5fold_library_defaults.json,TabICL_regression03/runs/distribution_baselines_context_ratio/distribution_baselines_rows200_bins10_ctx05pct_5fold_library_defaults.json,
ex3-3_context_ratio,5%,conformal_quantile,kin8nm,-0.2837064319,0.08235676288,0.2778760781,0.01260235022,0.2188271014,0.01134510626,0.037,0.008074651695,,,TabICL_regression03/runs/distribution_baselines_context_ratio/distribution_baselines_rows200_bins10_ctx05pct_5fold_library_defaults.json,TabICL_regression03/runs/distribution_baselines_context_ratio/distribution_baselines_rows200_bins10_ctx05pct_5fold_library_defaults.json,
ex3-3_context_ratio,5%,conformal_quantile,Moneyball,0.5120247676,0.05347958371,0.1587772536,0.01116061537,0.125305984,0.009951629233,0.047,0.002607680962,,,TabICL_regression03/runs/distribution_baselines_context_ratio/distribution_baselines_rows200_bins10_ctx05pct_5fold_library_defaults.json,TabICL_regression03/runs/distribution_baselines_context_ratio/distribution_baselines_rows200_bins10_ctx05pct_5fold_library_defaults.json,
ex3-3_context_ratio,5%,conformal_quantile,pumadyn32nh,-0.5659440949,0.09114491824,0.266703953,0.01101922466,0.2140582453,0.007992565578,0.078,0.006723094526,,,TabICL_regression03/runs/distribution_baselines_context_ratio/distribution_baselines_rows200_bins10_ctx05pct_5fold_library_defaults.json,TabICL_regression03/runs/distribution_baselines_context_ratio/distribution_baselines_rows200_bins10_ctx05pct_5fold_library_defaults.json,
ex3-3_context_ratio,5%,conformal_quantile,QSAR_fish_toxicity,-0.3114265915,0.1647432363,0.231931987,0.01378025387,0.1768778976,0.007821053494,0.067,0.009316651759,,,TabICL_regression03/runs/distribution_baselines_context_ratio/distribution_baselines_rows200_bins10_ctx05pct_5fold_library_defaults.json,TabICL_regression03/runs/distribution_baselines_context_ratio/distribution_baselines_rows200_bins10_ctx05pct_5fold_library_defaults.json,
ex3-3_context_ratio,5%,conformal_quantile,quake,-1.380354016,0.46767995,0.4038830418,0.03839773824,0.3286744924,0.03745313518,0.064,0.005215361924,,,TabICL_regression03/runs/distribution_baselines_context_ratio/distribution_baselines_rows200_bins10_ctx05pct_5fold_library_defaults.json,TabICL_regression03/runs/distribution_baselines_context_ratio/distribution_baselines_rows200_bins10_ctx05pct_5fold_library_defaults.json,
ex3-3_context_ratio,5%,conformal_quantile,sensory,-0.6178100437,0.2278790438,0.3103612453,0.03033106573,0.2452348351,0.02849295614,0.063,0.008786353055,,,TabICL_regression03/runs/distribution_baselines_context_ratio/distribution_baselines_rows200_bins10_ctx05pct_5fold_library_defaults.json,TabICL_regression03/runs/distribution_baselines_context_ratio/distribution_baselines_rows200_bins10_ctx05pct_5fold_library_defaults.json,
ex3-3_context_ratio,5%,conformal_quantile,socmob,0.1854179009,0.1615114425,0.1623082543,0.02850855817,0.07649100609,0.02499708913,0.055,0.006542170894,,,TabICL_regression03/runs/distribution_baselines_context_ratio/distribution_baselines_rows200_bins10_ctx05pct_5fold_library_defaults.json,TabICL_regression03/runs/distribution_baselines_context_ratio/distribution_baselines_rows200_bins10_ctx05pct_5fold_library_defaults.json,
ex3-3_context_ratio,5%,conformal_quantile,space_ga,-0.250717984,0.1641663909,0.2657318328,0.0265913618,0.204256046,0.02408953224,0.079,0.003633180425,,,TabICL_regression03/runs/distribution_baselines_context_ratio/distribution_baselines_rows200_bins10_ctx05pct_5fold_library_defaults.json,TabICL_regression03/runs/distribution_baselines_context_ratio/distribution_baselines_rows200_bins10_ctx05pct_5fold_library_defaults.json,
ex3-3_context_ratio,5%,conformal_quantile,student_performance,-0.3410674387,0.07235088354,0.230655116,0.009403664558,0.1778012584,0.008065666746,0.076,0.004604345773,,,TabICL_regression03/runs/distribution_baselines_context_ratio/distribution_baselines_rows200_bins10_ctx05pct_5fold_library_defaults.json,TabICL_regression03/runs/distribution_baselines_context_ratio/distribution_baselines_rows200_bins10_ctx05pct_5fold_library_defaults.json,
ex3-3_context_ratio,10%,Diffusion_DDPM500_repeats100,abalone,0.1318031606,0.0525018824,0.2260364968,0.00875786356,0.1685409648,0.00438439347,0.033,0.006480740698,3.867078615,0.5475355184,TabICL_regression03/runs/6M/context_ratio_ddpm500_repeats100/step-120000_ddpm500_rows200_repeats100_ctx10pct_5fold.json,TabICL_regression03/runs/6M/context_ratio_ddpm500_repeats100/step-120000_ddpm500_rows200_repeats100_ctx10pct_5fold_bins10-uncertainty.json,
ex3-3_context_ratio,10%,Diffusion_DDPM500_repeats100,airfoil_self_noise,-0.004463437276,0.04885046239,0.2319014448,0.01068662181,0.1864958721,0.01143785759,0.011,0.00316227766,3.955831985,0.211866543,TabICL_regression03/runs/6M/context_ratio_ddpm500_repeats100/step-120000_ddpm500_rows200_repeats100_ctx10pct_5fold.json,TabICL_regression03/runs/6M/context_ratio_ddpm500_repeats100/step-120000_ddpm500_rows200_repeats100_ctx10pct_5fold_bins10-uncertainty.json,
ex3-3_context_ratio,10%,Diffusion_DDPM500_repeats100,auction_verification,-0.0116898123,0.08338972822,0.3049297561,0.01740238998,0.2313946538,0.0146781721,0.061,0.006418722614,4.076719401,0.4714203286,TabICL_regression03/runs/6M/context_ratio_ddpm500_repeats100/step-120000_ddpm500_rows200_repeats100_ctx10pct_5fold.json,TabICL_regression03/runs/6M/context_ratio_ddpm500_repeats100/step-120000_ddpm500_rows200_repeats100_ctx10pct_5fold_bins10-uncertainty.json,
ex3-3_context_ratio,10%,Diffusion_DDPM500_repeats100,boston,0.1583365459,0.03972758659,0.2151865665,0.009572518642,0.165545549,0.008517612275,0.051,0.009011104261,4.78864109,0.7126806551,TabICL_regression03/runs/6M/context_ratio_ddpm500_repeats100/step-120000_ddpm500_rows200_repeats100_ctx10pct_5fold.json,TabICL_regression03/runs/6M/context_ratio_ddpm500_repeats100/step-120000_ddpm500_rows200_repeats100_ctx10pct_5fold_bins10-uncertainty.json,
ex3-3_context_ratio,10%,Diffusion_DDPM500_repeats100,cars,0.1545020183,0.03163039423,0.220671686,0.01409042593,0.1749261479,0.01400399321,0.058,0.008532291603,4.931928013,0.896180825,TabICL_regression03/runs/6M/context_ratio_ddpm500_repeats100/step-120000_ddpm500_rows200_repeats100_ctx10pct_5fold.json,TabICL_regression03/runs/6M/context_ratio_ddpm500_repeats100/step-120000_ddpm500_rows200_repeats100_ctx10pct_5fold_bins10-uncertainty.json,
ex3-3_context_ratio,10%,Diffusion_DDPM500_repeats100,concrete_compressive_strength,-0.06041622769,0.07267426231,0.2575494208,0.008037068234,0.2049621519,0.008315795794,0.037,0.005403702434,4.946381755,0.4318418423,TabICL_regression03/runs/6M/context_ratio_ddpm500_repeats100/step-120000_ddpm500_rows200_repeats100_ctx10pct_5fold.json,TabICL_regression03/runs/6M/context_ratio_ddpm500_repeats100/step-120000_ddpm500_rows200_repeats100_ctx10pct_5fold_bins10-uncertainty.json,
ex3-3_context_ratio,10%,Diffusion_DDPM500_repeats100,cpu_activity,0.03211503067,0.0282892673,0.1973981231,0.01459329597,0.1194290893,0.01860237742,0.09,0.01154123044,4.835134239,1.007944371,TabICL_regression03/runs/6M/context_ratio_ddpm500_repeats100/step-120000_ddpm500_rows200_repeats100_ctx10pct_5fold.json,TabICL_regression03/runs/6M/context_ratio_ddpm500_repeats100/step-120000_ddpm500_rows200_repeats100_ctx10pct_5fold_bins10-uncertainty.json,
ex3-3_context_ratio,10%,Diffusion_DDPM500_repeats100,energy_efficiency,0.2324247153,0.1845249716,0.2630163926,0.02628887689,0.2197427654,0.01532281311,0.047,0.004898979486,4.488386828,0.4941686715,TabICL_regression03/runs/6M/context_ratio_ddpm500_repeats100/step-120000_ddpm500_rows200_repeats100_ctx10pct_5fold.json,TabICL_regression03/runs/6M/context_ratio_ddpm500_repeats100/step-120000_ddpm500_rows200_repeats100_ctx10pct_5fold_bins10-uncertainty.json,
ex3-3_context_ratio,10%,Diffusion_DDPM500_repeats100,grid_stability,-0.02140215207,0.02663852489,0.2694843701,0.006908166015,0.2289046003,0.008298571401,0.041,0.007071067812,5.141877119,0.2488868323,TabICL_regression03/runs/6M/context_ratio_ddpm500_repeats100/step-120000_ddpm500_rows200_repeats100_ctx10pct_5fold.json,TabICL_regression03/runs/6M/context_ratio_ddpm500_repeats100/step-120000_ddpm500_rows200_repeats100_ctx10pct_5fold_bins10-uncertainty.json,
ex3-3_context_ratio,10%,Diffusion_DDPM500_repeats100,kin8nm,-0.000359110214,0.02689367458,0.2460728389,0.009903078838,0.1986863554,0.01105957687,0.045,0.003633180425,5.587920737,0.2488353168,TabICL_regression03/runs/6M/context_ratio_ddpm500_repeats100/step-120000_ddpm500_rows200_repeats100_ctx10pct_5fold.json,TabICL_regression03/runs/6M/context_ratio_ddpm500_repeats100/step-120000_ddpm500_rows200_repeats100_ctx10pct_5fold_bins10-uncertainty.json,
ex3-3_context_ratio,10%,Diffusion_DDPM500_repeats100,Moneyball,0.08477590131,0.05043255396,0.2193778222,0.01108689811,0.1780789941,0.01162391013,0.036,0.0045607017,4.691063442,0.4655611817,TabICL_regression03/runs/6M/context_ratio_ddpm500_repeats100/step-120000_ddpm500_rows200_repeats100_ctx10pct_5fold.json,TabICL_regression03/runs/6M/context_ratio_ddpm500_repeats100/step-120000_ddpm500_rows200_repeats100_ctx10pct_5fold_bins10-uncertainty.json,
ex3-3_context_ratio,10%,Diffusion_DDPM500_repeats100,pumadyn32nh,-0.1168024969,0.03399822674,0.2257736337,0.008723718759,0.1782167059,0.008722876461,0.042,0.008648699324,5.121864381,0.7538638686,TabICL_regression03/runs/6M/context_ratio_ddpm500_repeats100/step-120000_ddpm500_rows200_repeats100_ctx10pct_5fold.json,TabICL_regression03/runs/6M/context_ratio_ddpm500_repeats100/step-120000_ddpm500_rows200_repeats100_ctx10pct_5fold_bins10-uncertainty.json,
ex3-3_context_ratio,10%,Diffusion_DDPM500_repeats100,QSAR_fish_toxicity,0.08270493187,0.02271258366,0.1977324762,0.01079609692,0.1550639116,0.01195073474,0.046,0.006228964601,4.993468898,0.6139872477,TabICL_regression03/runs/6M/context_ratio_ddpm500_repeats100/step-120000_ddpm500_rows200_repeats100_ctx10pct_5fold.json,TabICL_regression03/runs/6M/context_ratio_ddpm500_repeats100/step-120000_ddpm500_rows200_repeats100_ctx10pct_5fold_bins10-uncertainty.json,
ex3-3_context_ratio,10%,Diffusion_DDPM500_repeats100,quake,-0.1153908122,0.03681536941,0.283330391,0.00956992508,0.2334046202,0.01111012398,0.034,0.004242640687,4.16565381,0.3678743136,TabICL_regression03/runs/6M/context_ratio_ddpm500_repeats100/step-120000_ddpm500_rows200_repeats100_ctx10pct_5fold.json,TabICL_regression03/runs/6M/context_ratio_ddpm500_repeats100/step-120000_ddpm500_rows200_repeats100_ctx10pct_5fold_bins10-uncertainty.json,
ex3-3_context_ratio,10%,Diffusion_DDPM500_repeats100,sensory,-0.1136457938,0.1064251881,0.258586615,0.01768450583,0.2058489795,0.013979609,0.032,0.00554977477,4.868183065,0.6395943597,TabICL_regression03/runs/6M/context_ratio_ddpm500_repeats100/step-120000_ddpm500_rows200_repeats100_ctx10pct_5fold.json,TabICL_regression03/runs/6M/context_ratio_ddpm500_repeats100/step-120000_ddpm500_rows200_repeats100_ctx10pct_5fold_bins10-uncertainty.json,
ex3-3_context_ratio,10%,Diffusion_DDPM500_repeats100,socmob,-0.09921689375,0.1886879927,0.1930187378,0.03060600152,0.1201746667,0.03973391555,0.088,0.004604345773,4.15955353,1.872641487,TabICL_regression03/runs/6M/context_ratio_ddpm500_repeats100/step-120000_ddpm500_rows200_repeats100_ctx10pct_5fold.json,TabICL_regression03/runs/6M/context_ratio_ddpm500_repeats100/step-120000_ddpm500_rows200_repeats100_ctx10pct_5fold_bins10-uncertainty.json,
ex3-3_context_ratio,10%,Diffusion_DDPM500_repeats100,space_ga,0.07426458402,0.01216256528,0.230408116,0.01667447943,0.1811954474,0.01910322607,0.04,0.007823042886,4.546899913,0.5445828872,TabICL_regression03/runs/6M/context_ratio_ddpm500_repeats100/step-120000_ddpm500_rows200_repeats100_ctx10pct_5fold.json,TabICL_regression03/runs/6M/context_ratio_ddpm500_repeats100/step-120000_ddpm500_rows200_repeats100_ctx10pct_5fold_bins10-uncertainty.json,
ex3-3_context_ratio,10%,Diffusion_DDPM500_repeats100,student_performance,-0.2445268974,0.1300612446,0.2228813418,0.01918480879,0.1692641112,0.01593773416,0.045,0.008786353055,5.173195141,0.9495649124,TabICL_regression03/runs/6M/context_ratio_ddpm500_repeats100/step-120000_ddpm500_rows200_repeats100_ctx10pct_5fold.json,TabICL_regression03/runs/6M/context_ratio_ddpm500_repeats100/step-120000_ddpm500_rows200_repeats100_ctx10pct_5fold_bins10-uncertainty.json,
ex3-3_context_ratio,10%,nanoTabPFN,abalone,-0.1974418948,0.2211815318,0.2598340582,0.0231984965,0.1974296253,0.01716493368,0.061,0.009899494937,1.87100579,0.1617879194,nanoTabPFN_version10_original02/6M/context_ratio/model_step_0120000_rows200_bins10_ctx10pct_5fold_eval.json,nanoTabPFN_version10_original02/6M/context_ratio/model_step_0120000_rows200_bins10_ctx10pct_5fold_eval.json,
ex3-3_context_ratio,10%,nanoTabPFN,airfoil_self_noise,0.1514598912,0.07586145451,0.2120131445,0.01225637002,0.1653307409,0.009921191869,0.053,0.00692820323,2.28490161,0.2348028753,nanoTabPFN_version10_original02/6M/context_ratio/model_step_0120000_rows200_bins10_ctx10pct_5fold_eval.json,nanoTabPFN_version10_original02/6M/context_ratio/model_step_0120000_rows200_bins10_ctx10pct_5fold_eval.json,
ex3-3_context_ratio,10%,nanoTabPFN,auction_verification,0.2934035565,0.08652579565,0.2530474987,0.01887975771,0.1570595888,0.009737302777,0.069,0.01033440855,1.263740286,0.1934652814,nanoTabPFN_version10_original02/6M/context_ratio/model_step_0120000_rows200_bins10_ctx10pct_5fold_eval.json,nanoTabPFN_version10_original02/6M/context_ratio/model_step_0120000_rows200_bins10_ctx10pct_5fold_eval.json,
ex3-3_context_ratio,10%,nanoTabPFN,boston,0.594204697,0.09264138813,0.1435592915,0.01528321938,0.1007755598,0.01040964926,0.048,0.01015874008,1.290994749,0.1777097798,nanoTabPFN_version10_original02/6M/context_ratio/model_step_0120000_rows200_bins10_ctx10pct_5fold_eval.json,nanoTabPFN_version10_original02/6M/context_ratio/model_step_0120000_rows200_bins10_ctx10pct_5fold_eval.json,
ex3-3_context_ratio,10%,nanoTabPFN,cars,0.66656046,0.04275498718,0.1382475536,0.01352154664,0.09589275003,0.01064423978,0.063,0.00438178046,1.136980945,0.08853771379,nanoTabPFN_version10_original02/6M/context_ratio/model_step_0120000_rows200_bins10_ctx10pct_5fold_eval.json,nanoTabPFN_version10_original02/6M/context_ratio/model_step_0120000_rows200_bins10_ctx10pct_5fold_eval.json,
ex3-3_context_ratio,10%,nanoTabPFN,concrete_compressive_strength,0.3176513149,0.09830218835,0.2041920872,0.0136882746,0.1595834457,0.01143919774,0.044,0.006,1.779922602,0.238067412,nanoTabPFN_version10_original02/6M/context_ratio/model_step_0120000_rows200_bins10_ctx10pct_5fold_eval.json,nanoTabPFN_version10_original02/6M/context_ratio/model_step_0120000_rows200_bins10_ctx10pct_5fold_eval.json,
ex3-3_context_ratio,10%,nanoTabPFN,cpu_activity,0.4066310028,0.1206718826,0.150774886,0.02178091336,0.06375489496,0.005016819145,0.045,0.007127411872,0.8838015257,0.1982087529,nanoTabPFN_version10_original02/6M/context_ratio/model_step_0120000_rows200_bins10_ctx10pct_5fold_eval.json,nanoTabPFN_version10_original02/6M/context_ratio/model_step_0120000_rows200_bins10_ctx10pct_5fold_eval.json,
ex3-3_context_ratio,10%,nanoTabPFN,energy_efficiency,0.7868780721,0.06057731636,0.1356166249,0.02050267516,0.09270981216,0.01276463074,0.051,0.005215361924,0.9724867653,0.1165712352,nanoTabPFN_version10_original02/6M/context_ratio/model_step_0120000_rows200_bins10_ctx10pct_5fold_eval.json,nanoTabPFN_version10_original02/6M/context_ratio/model_step_0120000_rows200_bins10_ctx10pct_5fold_eval.json,
ex3-3_context_ratio,10%,nanoTabPFN,grid_stability,0.1884798072,0.06572903335,0.2403451256,0.01446295007,0.1969277931,0.01129810731,0.031,0.003577708764,2.468542214,0.1291397481,nanoTabPFN_version10_original02/6M/context_ratio/model_step_0120000_rows200_bins10_ctx10pct_5fold_eval.json,nanoTabPFN_version10_original02/6M/context_ratio/model_step_0120000_rows200_bins10_ctx10pct_5fold_eval.json,
ex3-3_context_ratio,10%,nanoTabPFN,kin8nm,-0.07054153612,0.09174046593,0.2539491391,0.01582756702,0.2070553609,0.01496668729,0.038,0.005215361924,2.697002855,0.1421836499,nanoTabPFN_version10_original02/6M/context_ratio/model_step_0120000_rows200_bins10_ctx10pct_5fold_eval.json,nanoTabPFN_version10_original02/6M/context_ratio/model_step_0120000_rows200_bins10_ctx10pct_5fold_eval.json,
ex3-3_context_ratio,10%,nanoTabPFN,Moneyball,0.7979174945,0.03005760884,0.101398131,0.007525298216,0.07765464478,0.005553459174,0.037,0.01063954886,1.17942506,0.07967790268,nanoTabPFN_version10_original02/6M/context_ratio/model_step_0120000_rows200_bins10_ctx10pct_5fold_eval.json,nanoTabPFN_version10_original02/6M/context_ratio/model_step_0120000_rows200_bins10_ctx10pct_5fold_eval.json,
ex3-3_context_ratio,10%,nanoTabPFN,pumadyn32nh,-0.4448586296,0.06696075509,0.2558476829,0.006372626628,0.2055871552,0.004395830796,0.064,0.008786353055,2.088377785,0.1998752252,nanoTabPFN_version10_original02/6M/context_ratio/model_step_0120000_rows200_bins10_ctx10pct_5fold_eval.json,nanoTabPFN_version10_original02/6M/context_ratio/model_step_0120000_rows200_bins10_ctx10pct_5fold_eval.json,
ex3-3_context_ratio,10%,nanoTabPFN,QSAR_fish_toxicity,0.2079200334,0.07715020062,0.1810406803,0.007489241747,0.1343644114,0.006973350007,0.042,0.002607680962,1.898321227,0.1534958154,nanoTabPFN_version10_original02/6M/context_ratio/model_step_0120000_rows200_bins10_ctx10pct_5fold_eval.json,nanoTabPFN_version10_original02/6M/context_ratio/model_step_0120000_rows200_bins10_ctx10pct_5fold_eval.json,
ex3-3_context_ratio,10%,nanoTabPFN,quake,-0.7808240471,0.1924127318,0.3556922327,0.02127016089,0.2836001639,0.0209082494,0.075,0.007348469228,1.78414367,0.6306366167,nanoTabPFN_version10_original02/6M/context_ratio/model_step_0120000_rows200_bins10_ctx10pct_5fold_eval.json,nanoTabPFN_version10_original02/6M/context_ratio/model_step_0120000_rows200_bins10_ctx10pct_5fold_eval.json,
ex3-3_context_ratio,10%,nanoTabPFN,sensory,-0.1751069602,0.1471157053,0.26593093,0.02415737984,0.2107885379,0.02010377111,0.036,0.006723094526,2.589259388,0.3566412328,nanoTabPFN_version10_original02/6M/context_ratio/model_step_0120000_rows200_bins10_ctx10pct_5fold_eval.json,nanoTabPFN_version10_original02/6M/context_ratio/model_step_0120000_rows200_bins10_ctx10pct_5fold_eval.json,
ex3-3_context_ratio,10%,nanoTabPFN,socmob,0.3824513593,0.1402793392,0.1387331265,0.01841766246,0.05559260435,0.01013753079,0.07,0.01082589488,0.4240116313,0.1224157159,nanoTabPFN_version10_original02/6M/context_ratio/model_step_0120000_rows200_bins10_ctx10pct_5fold_eval.json,nanoTabPFN_version10_original02/6M/context_ratio/model_step_0120000_rows200_bins10_ctx10pct_5fold_eval.json,
ex3-3_context_ratio,10%,nanoTabPFN,space_ga,0.2709953958,0.07244994739,0.2021904976,0.01597006645,0.1569243606,0.01774395363,0.054,0.004,1.633154242,0.1116545537,nanoTabPFN_version10_original02/6M/context_ratio/model_step_0120000_rows200_bins10_ctx10pct_5fold_eval.json,nanoTabPFN_version10_original02/6M/context_ratio/model_step_0120000_rows200_bins10_ctx10pct_5fold_eval.json,
ex3-3_context_ratio,10%,nanoTabPFN,student_performance,-0.6218746167,0.2502477667,0.2491140457,0.0174369596,0.1857183495,0.01720904819,0.049,0.005176871642,2.561411908,0.3888323928,nanoTabPFN_version10_original02/6M/context_ratio/model_step_0120000_rows200_bins10_ctx10pct_5fold_eval.json,nanoTabPFN_version10_original02/6M/context_ratio/model_step_0120000_rows200_bins10_ctx10pct_5fold_eval.json,
ex3-3_context_ratio,10%,ngboost,abalone,0.1511877914,0.06854853879,0.2224736158,0.00775074602,0.1683126204,0.003948882974,0.151,0.001673320053,,,TabICL_regression03/runs/distribution_baselines_context_ratio/distribution_baselines_rows200_bins10_ctx10pct_5fold_library_defaults.json,TabICL_regression03/runs/distribution_baselines_context_ratio/distribution_baselines_rows200_bins10_ctx10pct_5fold_library_defaults.json,
ex3-3_context_ratio,10%,ngboost,airfoil_self_noise,0.162892033,0.1039657997,0.2077691443,0.009644289032,0.1692041541,0.01090416623,0.16,5.551115123e-18,,,TabICL_regression03/runs/distribution_baselines_context_ratio/distribution_baselines_rows200_bins10_ctx10pct_5fold_library_defaults.json,TabICL_regression03/runs/distribution_baselines_context_ratio/distribution_baselines_rows200_bins10_ctx10pct_5fold_library_defaults.json,
ex3-3_context_ratio,10%,ngboost,auction_verification,0.2430744769,0.2203883586,0.2533417533,0.0425311308,0.1576364192,0.03132299791,0.149,0.004335896678,,,TabICL_regression03/runs/distribution_baselines_context_ratio/distribution_baselines_rows200_bins10_ctx10pct_5fold_library_defaults.json,TabICL_regression03/runs/distribution_baselines_context_ratio/distribution_baselines_rows200_bins10_ctx10pct_5fold_library_defaults.json,
ex3-3_context_ratio,10%,ngboost,boston,0.6400363049,0.02782426397,0.1406160386,0.008693374817,0.1057124813,0.006856666311,0.16,9.614813432e-18,,,TabICL_regression03/runs/distribution_baselines_context_ratio/distribution_baselines_rows200_bins10_ctx10pct_5fold_library_defaults.json,TabICL_regression03/runs/distribution_baselines_context_ratio/distribution_baselines_rows200_bins10_ctx10pct_5fold_library_defaults.json,
ex3-3_context_ratio,10%,ngboost,cars,0.631640525,0.08649336872,0.1406152783,0.01851851278,0.08868994443,0.0128792295,0.148,0.003898717738,,,TabICL_regression03/runs/distribution_baselines_context_ratio/distribution_baselines_rows200_bins10_ctx10pct_5fold_library_defaults.json,TabICL_regression03/runs/distribution_baselines_context_ratio/distribution_baselines_rows200_bins10_ctx10pct_5fold_library_defaults.json,
ex3-3_context_ratio,10%,ngboost,concrete_compressive_strength,0.01279568599,0.08439993996,0.2487741812,0.01409263888,0.2050627838,0.01259720965,0.16,1.110223025e-17,,,TabICL_regression03/runs/distribution_baselines_context_ratio/distribution_baselines_rows200_bins10_ctx10pct_5fold_library_defaults.json,TabICL_regression03/runs/distribution_baselines_context_ratio/distribution_baselines_rows200_bins10_ctx10pct_5fold_library_defaults.json,
ex3-3_context_ratio,10%,ngboost,cpu_activity,0.4742372077,0.1340432873,0.1344256493,0.01758382598,0.06375771369,0.004863622235,0.16,5.551115123e-18,,,TabICL_regression03/runs/distribution_baselines_context_ratio/distribution_baselines_rows200_bins10_ctx10pct_5fold_library_defaults.json,TabICL_regression03/runs/distribution_baselines_context_ratio/distribution_baselines_rows200_bins10_ctx10pct_5fold_library_defaults.json,
ex3-3_context_ratio,10%,ngboost,energy_efficiency,0.7940498632,0.08272991888,0.1281807521,0.02307740752,0.08498560186,0.01674465322,0.159,0.000894427191,,,TabICL_regression03/runs/distribution_baselines_context_ratio/distribution_baselines_rows200_bins10_ctx10pct_5fold_library_defaults.json,TabICL_regression03/runs/distribution_baselines_context_ratio/distribution_baselines_rows200_bins10_ctx10pct_5fold_library_defaults.json,
ex3-3_context_ratio,10%,ngboost,grid_stability,-0.08556864333,0.1138722913,0.2754521013,0.01501729086,0.2246576919,0.01377970743,0.16,7.850462293e-18,,,TabICL_regression03/runs/distribution_baselines_context_ratio/distribution_baselines_rows200_bins10_ctx10pct_5fold_library_defaults.json,TabICL_regression03/runs/distribution_baselines_context_ratio/distribution_baselines_rows200_bins10_ctx10pct_5fold_library_defaults.json,
ex3-3_context_ratio,10%,ngboost,kin8nm,-0.2376144675,0.1020960048,0.270749248,0.006434815638,0.2171864859,0.00746777689,0.16,5.551115123e-18,,,TabICL_regression03/runs/distribution_baselines_context_ratio/distribution_baselines_rows200_bins10_ctx10pct_5fold_library_defaults.json,TabICL_regression03/runs/distribution_baselines_context_ratio/distribution_baselines_rows200_bins10_ctx10pct_5fold_library_defaults.json,
ex3-3_context_ratio,10%,ngboost,Moneyball,0.7154979642,0.02960587098,0.1219557535,0.008744121624,0.09821330951,0.006877137743,0.16,0,,,TabICL_regression03/runs/distribution_baselines_context_ratio/distribution_baselines_rows200_bins10_ctx10pct_5fold_library_defaults.json,TabICL_regression03/runs/distribution_baselines_context_ratio/distribution_baselines_rows200_bins10_ctx10pct_5fold_library_defaults.json,
ex3-3_context_ratio,10%,ngboost,pumadyn32nh,-0.7304210503,0.1765914943,0.279803541,0.01808643418,0.2235696952,0.01793154565,0.16,0,,,TabICL_regression03/runs/distribution_baselines_context_ratio/distribution_baselines_rows200_bins10_ctx10pct_5fold_library_defaults.json,TabICL_regression03/runs/distribution_baselines_context_ratio/distribution_baselines_rows200_bins10_ctx10pct_5fold_library_defaults.json,
ex3-3_context_ratio,10%,ngboost,QSAR_fish_toxicity,0.1210772128,0.09526558035,0.1909842983,0.0105613184,0.1500854328,0.01001288836,0.16,5.551115123e-18,,,TabICL_regression03/runs/distribution_baselines_context_ratio/distribution_baselines_rows200_bins10_ctx10pct_5fold_library_defaults.json,TabICL_regression03/runs/distribution_baselines_context_ratio/distribution_baselines_rows200_bins10_ctx10pct_5fold_library_defaults.json,
ex3-3_context_ratio,10%,ngboost,quake,-0.4856723514,0.1218804055,0.3245397751,0.008995692019,0.2599999323,0.0113178125,0.154,0.00219089023,,,TabICL_regression03/runs/distribution_baselines_context_ratio/distribution_baselines_rows200_bins10_ctx10pct_5fold_library_defaults.json,TabICL_regression03/runs/distribution_baselines_context_ratio/distribution_baselines_rows200_bins10_ctx10pct_5fold_library_defaults.json,
ex3-3_context_ratio,10%,ngboost,sensory,-0.7075525926,0.21701442,0.3199382597,0.02778294928,0.263350046,0.02392362305,0.16,1.110223025e-17,,,TabICL_regression03/runs/distribution_baselines_context_ratio/distribution_baselines_rows200_bins10_ctx10pct_5fold_library_defaults.json,TabICL_regression03/runs/distribution_baselines_context_ratio/distribution_baselines_rows200_bins10_ctx10pct_5fold_library_defaults.json,
ex3-3_context_ratio,10%,ngboost,socmob,-0.02806593612,0.4187011957,0.178559186,0.05077821507,0.07197693342,0.02486862685,0.147,0.006260990337,,,TabICL_regression03/runs/distribution_baselines_context_ratio/distribution_baselines_rows200_bins10_ctx10pct_5fold_library_defaults.json,TabICL_regression03/runs/distribution_baselines_context_ratio/distribution_baselines_rows200_bins10_ctx10pct_5fold_library_defaults.json,
ex3-3_context_ratio,10%,ngboost,space_ga,0.1449823881,0.1306011496,0.2161480058,0.02010841525,0.1687071256,0.01710085796,0.157,0.001095445115,,,TabICL_regression03/runs/distribution_baselines_context_ratio/distribution_baselines_rows200_bins10_ctx10pct_5fold_library_defaults.json,TabICL_regression03/runs/distribution_baselines_context_ratio/distribution_baselines_rows200_bins10_ctx10pct_5fold_library_defaults.json,
ex3-3_context_ratio,10%,ngboost,student_performance,-1.206070159,0.7694135426,0.2860221746,0.05898924678,0.208378038,0.04299680266,0.159,0.000894427191,,,TabICL_regression03/runs/distribution_baselines_context_ratio/distribution_baselines_rows200_bins10_ctx10pct_5fold_library_defaults.json,TabICL_regression03/runs/distribution_baselines_context_ratio/distribution_baselines_rows200_bins10_ctx10pct_5fold_library_defaults.json,
ex3-3_context_ratio,10%,catboost,abalone,0.1885350921,0.02878478271,0.2189745814,0.007135044643,0.1657200763,0.007805608308,0.135,0.00316227766,,,TabICL_regression03/runs/distribution_baselines_context_ratio/distribution_baselines_rows200_bins10_ctx10pct_5fold_library_defaults.json,TabICL_regression03/runs/distribution_baselines_context_ratio/distribution_baselines_rows200_bins10_ctx10pct_5fold_library_defaults.json,
ex3-3_context_ratio,10%,catboost,airfoil_self_noise,0.1406983729,0.07791793874,0.2127036553,0.008764308579,0.1709847728,0.008597336641,0.127,0.001095445115,,,TabICL_regression03/runs/distribution_baselines_context_ratio/distribution_baselines_rows200_bins10_ctx10pct_5fold_library_defaults.json,TabICL_regression03/runs/distribution_baselines_context_ratio/distribution_baselines_rows200_bins10_ctx10pct_5fold_library_defaults.json,
ex3-3_context_ratio,10%,catboost,auction_verification,0.1157989214,0.1376091515,0.2827482944,0.02653815808,0.1871557453,0.01779481666,0.127,0.004604345773,,,TabICL_regression03/runs/distribution_baselines_context_ratio/distribution_baselines_rows200_bins10_ctx10pct_5fold_library_defaults.json,TabICL_regression03/runs/distribution_baselines_context_ratio/distribution_baselines_rows200_bins10_ctx10pct_5fold_library_defaults.json,
ex3-3_context_ratio,10%,catboost,boston,0.4723531596,0.0536830546,0.1700181787,0.01295567728,0.1273753803,0.01023597758,0.103,0.005099019514,,,TabICL_regression03/runs/distribution_baselines_context_ratio/distribution_baselines_rows200_bins10_ctx10pct_5fold_library_defaults.json,TabICL_regression03/runs/distribution_baselines_context_ratio/distribution_baselines_rows200_bins10_ctx10pct_5fold_library_defaults.json,
ex3-3_context_ratio,10%,catboost,cars,0.4700820307,0.06836373004,0.1729879762,0.01487672366,0.1121082265,0.01142655709,0.108,0.000894427191,,,TabICL_regression03/runs/distribution_baselines_context_ratio/distribution_baselines_rows200_bins10_ctx10pct_5fold_library_defaults.json,TabICL_regression03/runs/distribution_baselines_context_ratio/distribution_baselines_rows200_bins10_ctx10pct_5fold_library_defaults.json,
ex3-3_context_ratio,10%,catboost,concrete_compressive_strength,0.07858206904,0.1189967659,0.2375261866,0.01189478354,0.1902771245,0.00852129514,0.098,0.005366563146,,,TabICL_regression03/runs/distribution_baselines_context_ratio/distribution_baselines_rows200_bins10_ctx10pct_5fold_library_defaults.json,TabICL_regression03/runs/distribution_baselines_context_ratio/distribution_baselines_rows200_bins10_ctx10pct_5fold_library_defaults.json,
ex3-3_context_ratio,10%,catboost,cpu_activity,0.2629849084,0.04410417835,0.1710088494,0.01035655552,0.07556775663,0.00700227417,0.097,0.007483314774,,,TabICL_regression03/runs/distribution_baselines_context_ratio/distribution_baselines_rows200_bins10_ctx10pct_5fold_library_defaults.json,TabICL_regression03/runs/distribution_baselines_context_ratio/distribution_baselines_rows200_bins10_ctx10pct_5fold_library_defaults.json,
ex3-3_context_ratio,10%,catboost,energy_efficiency,0.6676252846,0.1417338222,0.162131557,0.02949907751,0.1170099153,0.01990931201,0.096,0.006260990337,,,TabICL_regression03/runs/distribution_baselines_context_ratio/distribution_baselines_rows200_bins10_ctx10pct_5fold_library_defaults.json,TabICL_regression03/runs/distribution_baselines_context_ratio/distribution_baselines_rows200_bins10_ctx10pct_5fold_library_defaults.json,
ex3-3_context_ratio,10%,catboost,grid_stability,0.08294317226,0.05090784253,0.2548371325,0.008619393553,0.2164588521,0.008082601978,0.098,0.004,,,TabICL_regression03/runs/distribution_baselines_context_ratio/distribution_baselines_rows200_bins10_ctx10pct_5fold_library_defaults.json,TabICL_regression03/runs/distribution_baselines_context_ratio/distribution_baselines_rows200_bins10_ctx10pct_5fold_library_defaults.json,
ex3-3_context_ratio,10%,catboost,kin8nm,0.1369606855,0.03675885397,0.2288615445,0.01196275102,0.1856667895,0.0102714021,0.081,0.004147288271,,,TabICL_regression03/runs/distribution_baselines_context_ratio/distribution_baselines_rows200_bins10_ctx10pct_5fold_library_defaults.json,TabICL_regression03/runs/distribution_baselines_context_ratio/distribution_baselines_rows200_bins10_ctx10pct_5fold_library_defaults.json,
ex3-3_context_ratio,10%,catboost,Moneyball,0.6290431821,0.05270037625,0.138510003,0.0129591702,0.1059735693,0.0120920677,0.084,0.01331164903,,,TabICL_regression03/runs/distribution_baselines_context_ratio/distribution_baselines_rows200_bins10_ctx10pct_5fold_library_defaults.json,TabICL_regression03/runs/distribution_baselines_context_ratio/distribution_baselines_rows200_bins10_ctx10pct_5fold_library_defaults.json,
ex3-3_context_ratio,10%,catboost,pumadyn32nh,-0.03913341904,0.01993019883,0.2180026202,0.008908777607,0.1705242889,0.008246792647,0.067,0.004147288271,,,TabICL_regression03/runs/distribution_baselines_context_ratio/distribution_baselines_rows200_bins10_ctx10pct_5fold_library_defaults.json,TabICL_regression03/runs/distribution_baselines_context_ratio/distribution_baselines_rows200_bins10_ctx10pct_5fold_library_defaults.json,
ex3-3_context_ratio,10%,catboost,QSAR_fish_toxicity,0.3135633097,0.03915062956,0.1703759471,0.008455134819,0.1314912426,0.01023973219,0.094,0.008294576541,,,TabICL_regression03/runs/distribution_baselines_context_ratio/distribution_baselines_rows200_bins10_ctx10pct_5fold_library_defaults.json,TabICL_regression03/runs/distribution_baselines_context_ratio/distribution_baselines_rows200_bins10_ctx10pct_5fold_library_defaults.json,
ex3-3_context_ratio,10%,catboost,quake,-0.2697704447,0.0390643277,0.3022975688,0.01005328538,0.2400560921,0.009702679396,0.14,0.006164414003,,,TabICL_regression03/runs/distribution_baselines_context_ratio/distribution_baselines_rows200_bins10_ctx10pct_5fold_library_defaults.json,TabICL_regression03/runs/distribution_baselines_context_ratio/distribution_baselines_rows200_bins10_ctx10pct_5fold_library_defaults.json,
ex3-3_context_ratio,10%,catboost,sensory,-0.1352062526,0.08423321017,0.2612981566,0.0152443303,0.2080101862,0.01279089565,0.086,0.004242640687,,,TabICL_regression03/runs/distribution_baselines_context_ratio/distribution_baselines_rows200_bins10_ctx10pct_5fold_library_defaults.json,TabICL_regression03/runs/distribution_baselines_context_ratio/distribution_baselines_rows200_bins10_ctx10pct_5fold_library_defaults.json,
ex3-3_context_ratio,10%,catboost,socmob,0.1858634474,0.158592052,0.1651548683,0.02802565794,0.07674061983,0.02498149651,0.113,0.005403702434,,,TabICL_regression03/runs/distribution_baselines_context_ratio/distribution_baselines_rows200_bins10_ctx10pct_5fold_library_defaults.json,TabICL_regression03/runs/distribution_baselines_context_ratio/distribution_baselines_rows200_bins10_ctx10pct_5fold_library_defaults.json,
ex3-3_context_ratio,10%,catboost,space_ga,0.2421367884,0.04992819643,0.2073043151,0.01575247184,0.1656998695,0.01512633254,0.123,0.003633180425,,,TabICL_regression03/runs/distribution_baselines_context_ratio/distribution_baselines_rows200_bins10_ctx10pct_5fold_library_defaults.json,TabICL_regression03/runs/distribution_baselines_context_ratio/distribution_baselines_rows200_bins10_ctx10pct_5fold_library_defaults.json,
ex3-3_context_ratio,10%,catboost,student_performance,-0.2256254393,0.1342808572,0.2199435536,0.01566649637,0.1660243232,0.0147749043,0.094,0.008717797887,,,TabICL_regression03/runs/distribution_baselines_context_ratio/distribution_baselines_rows200_bins10_ctx10pct_5fold_library_defaults.json,TabICL_regression03/runs/distribution_baselines_context_ratio/distribution_baselines_rows200_bins10_ctx10pct_5fold_library_defaults.json,
ex3-3_context_ratio,10%,xgboost,abalone,-0.03834154692,0.06227023298,0.2481022113,0.0128607595,0.187215063,0.01074210832,0.046,0.003464101615,,,TabICL_regression03/runs/distribution_baselines_context_ratio/distribution_baselines_rows200_bins10_ctx10pct_5fold_library_defaults.json,TabICL_regression03/runs/distribution_baselines_context_ratio/distribution_baselines_rows200_bins10_ctx10pct_5fold_library_defaults.json,
ex3-3_context_ratio,10%,xgboost,airfoil_self_noise,0.2001612491,0.1058881245,0.2036672555,0.009379281071,0.1619209088,0.007604989157,0.073,0.002828427125,,,TabICL_regression03/runs/distribution_baselines_context_ratio/distribution_baselines_rows200_bins10_ctx10pct_5fold_library_defaults.json,TabICL_regression03/runs/distribution_baselines_context_ratio/distribution_baselines_rows200_bins10_ctx10pct_5fold_library_defaults.json,
ex3-3_context_ratio,10%,xgboost,auction_verification,-0.1828327434,0.1233848663,0.3287573061,0.02286867246,0.2391959715,0.01394762263,0.083,0.006542170894,,,TabICL_regression03/runs/distribution_baselines_context_ratio/distribution_baselines_rows200_bins10_ctx10pct_5fold_library_defaults.json,TabICL_regression03/runs/distribution_baselines_context_ratio/distribution_baselines_rows200_bins10_ctx10pct_5fold_library_defaults.json,
ex3-3_context_ratio,10%,xgboost,boston,0.2008760016,0.1226238268,0.205947055,0.0123148229,0.1578970599,0.005051716632,0.074,0.000894427191,,,TabICL_regression03/runs/distribution_baselines_context_ratio/distribution_baselines_rows200_bins10_ctx10pct_5fold_library_defaults.json,TabICL_regression03/runs/distribution_baselines_context_ratio/distribution_baselines_rows200_bins10_ctx10pct_5fold_library_defaults.json,
ex3-3_context_ratio,10%,xgboost,cars,0.3942952516,0.07493757764,0.1851930284,0.01545859359,0.1292102987,0.01142383091,0.063,0.006418722614,,,TabICL_regression03/runs/distribution_baselines_context_ratio/distribution_baselines_rows200_bins10_ctx10pct_5fold_library_defaults.json,TabICL_regression03/runs/distribution_baselines_context_ratio/distribution_baselines_rows200_bins10_ctx10pct_5fold_library_defaults.json,
ex3-3_context_ratio,10%,xgboost,concrete_compressive_strength,0.09123615829,0.07292680093,0.2414793225,0.01962006606,0.199585114,0.01540569406,0.081,0.003033150178,,,TabICL_regression03/runs/distribution_baselines_context_ratio/distribution_baselines_rows200_bins10_ctx10pct_5fold_library_defaults.json,TabICL_regression03/runs/distribution_baselines_context_ratio/distribution_baselines_rows200_bins10_ctx10pct_5fold_library_defaults.json,
ex3-3_context_ratio,10%,xgboost,cpu_activity,0.2213008537,0.1064631999,0.1729894993,0.01705987153,0.08191818441,0.007551168533,0.052,0.01108151614,,,TabICL_regression03/runs/distribution_baselines_context_ratio/distribution_baselines_rows200_bins10_ctx10pct_5fold_library_defaults.json,TabICL_regression03/runs/distribution_baselines_context_ratio/distribution_baselines_rows200_bins10_ctx10pct_5fold_library_defaults.json,
ex3-3_context_ratio,10%,xgboost,energy_efficiency,0.506642944,0.1537250922,0.2029113316,0.0313887958,0.1337285985,0.0184213627,0.066,0.007797435476,,,TabICL_regression03/runs/distribution_baselines_context_ratio/distribution_baselines_rows200_bins10_ctx10pct_5fold_library_defaults.json,TabICL_regression03/runs/distribution_baselines_context_ratio/distribution_baselines_rows200_bins10_ctx10pct_5fold_library_defaults.json,
ex3-3_context_ratio,10%,xgboost,grid_stability,-0.06201553812,0.1540257105,0.2697087961,0.01819447586,0.2167563096,0.01518087555,0.068,0.007071067812,,,TabICL_regression03/runs/distribution_baselines_context_ratio/distribution_baselines_rows200_bins10_ctx10pct_5fold_library_defaults.json,TabICL_regression03/runs/distribution_baselines_context_ratio/distribution_baselines_rows200_bins10_ctx10pct_5fold_library_defaults.json,
ex3-3_context_ratio,10%,xgboost,kin8nm,-0.2944518352,0.2056687539,0.2760583577,0.02355352653,0.2199606367,0.01995464479,0.059,0.009838699101,,,TabICL_regression03/runs/distribution_baselines_context_ratio/distribution_baselines_rows200_bins10_ctx10pct_5fold_library_defaults.json,TabICL_regression03/runs/distribution_baselines_context_ratio/distribution_baselines_rows200_bins10_ctx10pct_5fold_library_defaults.json,
ex3-3_context_ratio,10%,xgboost,Moneyball,0.6342552202,0.0718135371,0.1371005734,0.01575825377,0.1078494296,0.0119435533,0.057,0.009055385138,,,TabICL_regression03/runs/distribution_baselines_context_ratio/distribution_baselines_rows200_bins10_ctx10pct_5fold_library_defaults.json,TabICL_regression03/runs/distribution_baselines_context_ratio/distribution_baselines_rows200_bins10_ctx10pct_5fold_library_defaults.json,
ex3-3_context_ratio,10%,xgboost,pumadyn32nh,-0.5811903613,0.3477249432,0.2615081078,0.0268751802,0.202207712,0.02210551589,0.063,0.005830951895,,,TabICL_regression03/runs/distribution_baselines_context_ratio/distribution_baselines_rows200_bins10_ctx10pct_5fold_library_defaults.json,TabICL_regression03/runs/distribution_baselines_context_ratio/distribution_baselines_rows200_bins10_ctx10pct_5fold_library_defaults.json,
ex3-3_context_ratio,10%,xgboost,QSAR_fish_toxicity,0.2174503622,0.06732978368,0.1819815098,0.01215220901,0.142048743,0.01210231665,0.071,0.006841052551,,,TabICL_regression03/runs/distribution_baselines_context_ratio/distribution_baselines_rows200_bins10_ctx10pct_5fold_library_defaults.json,TabICL_regression03/runs/distribution_baselines_context_ratio/distribution_baselines_rows200_bins10_ctx10pct_5fold_library_defaults.json,
ex3-3_context_ratio,10%,xgboost,quake,-0.7610294298,0.2351414793,0.3512155159,0.01844643557,0.2833020389,0.01671824894,0.061,0.003286335345,,,TabICL_regression03/runs/distribution_baselines_context_ratio/distribution_baselines_rows200_bins10_ctx10pct_5fold_library_defaults.json,TabICL_regression03/runs/distribution_baselines_context_ratio/distribution_baselines_rows200_bins10_ctx10pct_5fold_library_defaults.json,
ex3-3_context_ratio,10%,xgboost,sensory,-0.402878107,0.1226349892,0.2900726316,0.017660176,0.2356473595,0.01701980827,0.053,0.005019960159,,,TabICL_regression03/runs/distribution_baselines_context_ratio/distribution_baselines_rows200_bins10_ctx10pct_5fold_library_defaults.json,TabICL_regression03/runs/distribution_baselines_context_ratio/distribution_baselines_rows200_bins10_ctx10pct_5fold_library_defaults.json,
ex3-3_context_ratio,10%,xgboost,socmob,0.04181119364,0.2446365669,0.1785580784,0.03543881717,0.07276038261,0.01712826829,0.066,0.007694153625,,,TabICL_regression03/runs/distribution_baselines_context_ratio/distribution_baselines_rows200_bins10_ctx10pct_5fold_library_defaults.json,TabICL_regression03/runs/distribution_baselines_context_ratio/distribution_baselines_rows200_bins10_ctx10pct_5fold_library_defaults.json,
ex3-3_context_ratio,10%,xgboost,space_ga,0.1132100201,0.10635664,0.2235474045,0.02288587127,0.1755987159,0.02018053434,0.072,0.01082589488,,,TabICL_regression03/runs/distribution_baselines_context_ratio/distribution_baselines_rows200_bins10_ctx10pct_5fold_library_defaults.json,TabICL_regression03/runs/distribution_baselines_context_ratio/distribution_baselines_rows200_bins10_ctx10pct_5fold_library_defaults.json,
ex3-3_context_ratio,10%,xgboost,student_performance,-0.5213734096,0.187588904,0.2451700767,0.021777084,0.179585786,0.01868860108,0.048,0.003633180425,,,TabICL_regression03/runs/distribution_baselines_context_ratio/distribution_baselines_rows200_bins10_ctx10pct_5fold_library_defaults.json,TabICL_regression03/runs/distribution_baselines_context_ratio/distribution_baselines_rows200_bins10_ctx10pct_5fold_library_defaults.json,
ex3-3_context_ratio,10%,gaussian_process,abalone,0.0352507204,0.03642658153,0.2383802817,0.005262289907,0.1794571415,0.003172035109,0.028,0.004,,,TabICL_regression03/runs/distribution_baselines_context_ratio/distribution_baselines_rows200_bins10_ctx10pct_5fold_library_defaults.json,TabICL_regression03/runs/distribution_baselines_context_ratio/distribution_baselines_rows200_bins10_ctx10pct_5fold_library_defaults.json,
ex3-3_context_ratio,10%,gaussian_process,airfoil_self_noise,0.1032480795,0.08668979882,0.2168853523,0.01086432476,0.1690784845,0.008813785893,0.035,0.003898717738,,,TabICL_regression03/runs/distribution_baselines_context_ratio/distribution_baselines_rows200_bins10_ctx10pct_5fold_library_defaults.json,TabICL_regression03/runs/distribution_baselines_context_ratio/distribution_baselines_rows200_bins10_ctx10pct_5fold_library_defaults.json,
ex3-3_context_ratio,10%,gaussian_process,auction_verification,0.03980850781,0.09528371142,0.2959362706,0.01712126143,0.2172974353,0.009627536602,0.055,0.01089954127,,,TabICL_regression03/runs/distribution_baselines_context_ratio/distribution_baselines_rows200_bins10_ctx10pct_5fold_library_defaults.json,TabICL_regression03/runs/distribution_baselines_context_ratio/distribution_baselines_rows200_bins10_ctx10pct_5fold_library_defaults.json,
ex3-3_context_ratio,10%,gaussian_process,boston,0.3375558598,0.1064080559,0.1888937803,0.01919508013,0.1421255285,0.01348173547,0.023,0.005656854249,,,TabICL_regression03/runs/distribution_baselines_context_ratio/distribution_baselines_rows200_bins10_ctx10pct_5fold_library_defaults.json,TabICL_regression03/runs/distribution_baselines_context_ratio/distribution_baselines_rows200_bins10_ctx10pct_5fold_library_defaults.json,
ex3-3_context_ratio,10%,gaussian_process,cars,0.425412134,0.1162364795,0.1706075247,0.01421224092,0.1250290346,0.01177627885,0.037,0.004604345773,,,TabICL_regression03/runs/distribution_baselines_context_ratio/distribution_baselines_rows200_bins10_ctx10pct_5fold_library_defaults.json,TabICL_regression03/runs/distribution_baselines_context_ratio/distribution_baselines_rows200_bins10_ctx10pct_5fold_library_defaults.json,
ex3-3_context_ratio,10%,gaussian_process,concrete_compressive_strength,0.1628912782,0.04607510693,0.2308232198,0.014195852,0.1859448973,0.01011024839,0.025,0.004147288271,,,TabICL_regression03/runs/distribution_baselines_context_ratio/distribution_baselines_rows200_bins10_ctx10pct_5fold_library_defaults.json,TabICL_regression03/runs/distribution_baselines_context_ratio/distribution_baselines_rows200_bins10_ctx10pct_5fold_library_defaults.json,
ex3-3_context_ratio,10%,gaussian_process,cpu_activity,0.3787937912,0.1042385461,0.1529339968,0.01235068054,0.06674463637,0.004759688512,0.029,0.006480740698,,,TabICL_regression03/runs/distribution_baselines_context_ratio/distribution_baselines_rows200_bins10_ctx10pct_5fold_library_defaults.json,TabICL_regression03/runs/distribution_baselines_context_ratio/distribution_baselines_rows200_bins10_ctx10pct_5fold_library_defaults.json,
ex3-3_context_ratio,10%,gaussian_process,energy_efficiency,0.7224989876,0.09879853874,0.1499747443,0.02466379764,0.1086738951,0.01552577993,0.024,0.007293833012,,,TabICL_regression03/runs/distribution_baselines_context_ratio/distribution_baselines_rows200_bins10_ctx10pct_5fold_library_defaults.json,TabICL_regression03/runs/distribution_baselines_context_ratio/distribution_baselines_rows200_bins10_ctx10pct_5fold_library_defaults.json,
ex3-3_context_ratio,10%,gaussian_process,grid_stability,0.1215525105,0.1175476637,0.2459448787,0.01318352715,0.2002774262,0.01028131523,0.029,0.008438009244,,,TabICL_regression03/runs/distribution_baselines_context_ratio/distribution_baselines_rows200_bins10_ctx10pct_5fold_library_defaults.json,TabICL_regression03/runs/distribution_baselines_context_ratio/distribution_baselines_rows200_bins10_ctx10pct_5fold_library_defaults.json,
ex3-3_context_ratio,10%,gaussian_process,kin8nm,0.145021937,0.04177568398,0.2269683455,0.008671287725,0.1833590706,0.007362159246,0.017,0.004335896678,,,TabICL_regression03/runs/distribution_baselines_context_ratio/distribution_baselines_rows200_bins10_ctx10pct_5fold_library_defaults.json,TabICL_regression03/runs/distribution_baselines_context_ratio/distribution_baselines_rows200_bins10_ctx10pct_5fold_library_defaults.json,
ex3-3_context_ratio,10%,gaussian_process,Moneyball,0.7792770685,0.0480514957,0.1051594717,0.01480465044,0.08374055528,0.01199735915,0.015,0.007536577473,,,TabICL_regression03/runs/distribution_baselines_context_ratio/distribution_baselines_rows200_bins10_ctx10pct_5fold_library_defaults.json,TabICL_regression03/runs/distribution_baselines_context_ratio/distribution_baselines_rows200_bins10_ctx10pct_5fold_library_defaults.json,
ex3-3_context_ratio,10%,gaussian_process,pumadyn32nh,-0.05788598783,0.03032384284,0.2194190786,0.006385845204,0.1712138089,0.006280113825,0.016,0.004604345773,,,TabICL_regression03/runs/distribution_baselines_context_ratio/distribution_baselines_rows200_bins10_ctx10pct_5fold_library_defaults.json,TabICL_regression03/runs/distribution_baselines_context_ratio/distribution_baselines_rows200_bins10_ctx10pct_5fold_library_defaults.json,
ex3-3_context_ratio,10%,gaussian_process,QSAR_fish_toxicity,0.2059661862,0.06979843087,0.182447263,0.009938465925,0.1354685252,0.01117526829,0.025,0.003898717738,,,TabICL_regression03/runs/distribution_baselines_context_ratio/distribution_baselines_rows200_bins10_ctx10pct_5fold_library_defaults.json,TabICL_regression03/runs/distribution_baselines_context_ratio/distribution_baselines_rows200_bins10_ctx10pct_5fold_library_defaults.json,
ex3-3_context_ratio,10%,gaussian_process,quake,-0.09080183261,0.05194122066,0.2802980691,0.01206245263,0.2335604844,0.01402844915,0.061,0.003033150178,,,TabICL_regression03/runs/distribution_baselines_context_ratio/distribution_baselines_rows200_bins10_ctx10pct_5fold_library_defaults.json,TabICL_regression03/runs/distribution_baselines_context_ratio/distribution_baselines_rows200_bins10_ctx10pct_5fold_library_defaults.json,
ex3-3_context_ratio,10%,gaussian_process,sensory,-0.1088609484,0.05141088699,0.2588947218,0.01352477551,0.2068555631,0.0132701926,0.03,0.009797958971,,,TabICL_regression03/runs/distribution_baselines_context_ratio/distribution_baselines_rows200_bins10_ctx10pct_5fold_library_defaults.json,TabICL_regression03/runs/distribution_baselines_context_ratio/distribution_baselines_rows200_bins10_ctx10pct_5fold_library_defaults.json,
ex3-3_context_ratio,10%,gaussian_process,socmob,-0.06833035526,0.3697369637,0.1835046371,0.04698526784,0.1018408111,0.04625155804,0.042,0.01109954954,,,TabICL_regression03/runs/distribution_baselines_context_ratio/distribution_baselines_rows200_bins10_ctx10pct_5fold_library_defaults.json,TabICL_regression03/runs/distribution_baselines_context_ratio/distribution_baselines_rows200_bins10_ctx10pct_5fold_library_defaults.json,
ex3-3_context_ratio,10%,gaussian_process,space_ga,0.111241883,0.05659402377,0.2256055573,0.0187080959,0.1802773792,0.01843358759,0.027,0.006782329983,,,TabICL_regression03/runs/distribution_baselines_context_ratio/distribution_baselines_rows200_bins10_ctx10pct_5fold_library_defaults.json,TabICL_regression03/runs/distribution_baselines_context_ratio/distribution_baselines_rows200_bins10_ctx10pct_5fold_library_defaults.json,
ex3-3_context_ratio,10%,gaussian_process,student_performance,-0.2057254822,0.1046675583,0.2193837727,0.016191973,0.1658668097,0.01411433408,0.02,0.006099180273,,,TabICL_regression03/runs/distribution_baselines_context_ratio/distribution_baselines_rows200_bins10_ctx10pct_5fold_library_defaults.json,TabICL_regression03/runs/distribution_baselines_context_ratio/distribution_baselines_rows200_bins10_ctx10pct_5fold_library_defaults.json,
ex3-3_context_ratio,10%,conformal_quantile,abalone,0.04425233412,0.0755149278,0.2373200592,0.0125462749,0.1811482951,0.008300710833,0.046,0.004147288271,,,TabICL_regression03/runs/distribution_baselines_context_ratio/distribution_baselines_rows200_bins10_ctx10pct_5fold_library_defaults.json,TabICL_regression03/runs/distribution_baselines_context_ratio/distribution_baselines_rows200_bins10_ctx10pct_5fold_library_defaults.json,
ex3-3_context_ratio,10%,conformal_quantile,airfoil_self_noise,-0.1144816975,0.1478200463,0.2420090945,0.02094753763,0.1940714928,0.02001330558,0.062,0.006099180273,,,TabICL_regression03/runs/distribution_baselines_context_ratio/distribution_baselines_rows200_bins10_ctx10pct_5fold_library_defaults.json,TabICL_regression03/runs/distribution_baselines_context_ratio/distribution_baselines_rows200_bins10_ctx10pct_5fold_library_defaults.json,
ex3-3_context_ratio,10%,conformal_quantile,auction_verification,-0.06209089834,0.158780638,0.3068802563,0.02421325077,0.2213572559,0.02363429903,0.053,0.01473770674,,,TabICL_regression03/runs/distribution_baselines_context_ratio/distribution_baselines_rows200_bins10_ctx10pct_5fold_library_defaults.json,TabICL_regression03/runs/distribution_baselines_context_ratio/distribution_baselines_rows200_bins10_ctx10pct_5fold_library_defaults.json,
ex3-3_context_ratio,10%,conformal_quantile,boston,0.3150001395,0.04433418328,0.1934419349,0.007719834639,0.1497401175,0.006374478933,0.057,0.008173126697,,,TabICL_regression03/runs/distribution_baselines_context_ratio/distribution_baselines_rows200_bins10_ctx10pct_5fold_library_defaults.json,TabICL_regression03/runs/distribution_baselines_context_ratio/distribution_baselines_rows200_bins10_ctx10pct_5fold_library_defaults.json,
ex3-3_context_ratio,10%,conformal_quantile,cars,0.3533377116,0.07001834878,0.1909997021,0.01425008943,0.1329464791,0.01396263083,0.039,0.006542170894,,,TabICL_regression03/runs/distribution_baselines_context_ratio/distribution_baselines_rows200_bins10_ctx10pct_5fold_library_defaults.json,TabICL_regression03/runs/distribution_baselines_context_ratio/distribution_baselines_rows200_bins10_ctx10pct_5fold_library_defaults.json,
ex3-3_context_ratio,10%,conformal_quantile,concrete_compressive_strength,0.01540314039,0.1273690692,0.2454074351,0.01115136348,0.2033590526,0.01033160591,0.055,0.004774934555,,,TabICL_regression03/runs/distribution_baselines_context_ratio/distribution_baselines_rows200_bins10_ctx10pct_5fold_library_defaults.json,TabICL_regression03/runs/distribution_baselines_context_ratio/distribution_baselines_rows200_bins10_ctx10pct_5fold_library_defaults.json,
ex3-3_context_ratio,10%,conformal_quantile,cpu_activity,0.06192539569,0.04699057472,0.195604452,0.01833021621,0.0858430032,0.01022562075,0.027,0.005830951895,,,TabICL_regression03/runs/distribution_baselines_context_ratio/distribution_baselines_rows200_bins10_ctx10pct_5fold_library_defaults.json,TabICL_regression03/runs/distribution_baselines_context_ratio/distribution_baselines_rows200_bins10_ctx10pct_5fold_library_defaults.json,
ex3-3_context_ratio,10%,conformal_quantile,energy_efficiency,-0.1244440359,0.3058991437,0.3097948837,0.04953683051,0.2407140901,0.04452395864,0.076,0.01005982107,,,TabICL_regression03/runs/distribution_baselines_context_ratio/distribution_baselines_rows200_bins10_ctx10pct_5fold_library_defaults.json,TabICL_regression03/runs/distribution_baselines_context_ratio/distribution_baselines_rows200_bins10_ctx10pct_5fold_library_defaults.json,
ex3-3_context_ratio,10%,conformal_quantile,grid_stability,-0.2675167423,0.1770258578,0.296011992,0.01878446945,0.2390614689,0.01370332248,0.035,0.006542170894,,,TabICL_regression03/runs/distribution_baselines_context_ratio/distribution_baselines_rows200_bins10_ctx10pct_5fold_library_defaults.json,TabICL_regression03/runs/distribution_baselines_context_ratio/distribution_baselines_rows200_bins10_ctx10pct_5fold_library_defaults.json,
ex3-3_context_ratio,10%,conformal_quantile,kin8nm,-0.6832939437,0.07239954304,0.3192712695,0.01445650154,0.2569030172,0.01376321742,0.055,0.008786353055,,,TabICL_regression03/runs/distribution_baselines_context_ratio/distribution_baselines_rows200_bins10_ctx10pct_5fold_library_defaults.json,TabICL_regression03/runs/distribution_baselines_context_ratio/distribution_baselines_rows200_bins10_ctx10pct_5fold_library_defaults.json,
ex3-3_context_ratio,10%,conformal_quantile,Moneyball,0.3697305944,0.08088735419,0.1791254814,0.009906117033,0.1450836232,0.01187658851,0.052,0.006164414003,,,TabICL_regression03/runs/distribution_baselines_context_ratio/distribution_baselines_rows200_bins10_ctx10pct_5fold_library_defaults.json,TabICL_regression03/runs/distribution_baselines_context_ratio/distribution_baselines_rows200_bins10_ctx10pct_5fold_library_defaults.json,
ex3-3_context_ratio,10%,conformal_quantile,pumadyn32nh,-0.6988502607,0.2704478049,0.2755712636,0.02450332088,0.2187908986,0.02345881312,0.035,0.01025670512,,,TabICL_regression03/runs/distribution_baselines_context_ratio/distribution_baselines_rows200_bins10_ctx10pct_5fold_library_defaults.json,TabICL_regression03/runs/distribution_baselines_context_ratio/distribution_baselines_rows200_bins10_ctx10pct_5fold_library_defaults.json,
ex3-3_context_ratio,10%,conformal_quantile,QSAR_fish_toxicity,-0.08839646987,0.1951982668,0.2143697927,0.02815938497,0.1709165991,0.02501854325,0.054,0.004774934555,,,TabICL_regression03/runs/distribution_baselines_context_ratio/distribution_baselines_rows200_bins10_ctx10pct_5fold_library_defaults.json,TabICL_regression03/runs/distribution_baselines_context_ratio/distribution_baselines_rows200_bins10_ctx10pct_5fold_library_defaults.json,
ex3-3_context_ratio,10%,conformal_quantile,quake,-0.6187124006,0.216149889,0.3372934139,0.01935605985,0.2736451839,0.01657497558,0.058,0.009316651759,,,TabICL_regression03/runs/distribution_baselines_context_ratio/distribution_baselines_rows200_bins10_ctx10pct_5fold_library_defaults.json,TabICL_regression03/runs/distribution_baselines_context_ratio/distribution_baselines_rows200_bins10_ctx10pct_5fold_library_defaults.json,
ex3-3_context_ratio,10%,conformal_quantile,sensory,-0.2195809667,0.09621200194,0.2699915559,0.01244598449,0.2156781874,0.01428731539,0.043,0.01204989627,,,TabICL_regression03/runs/distribution_baselines_context_ratio/distribution_baselines_rows200_bins10_ctx10pct_5fold_library_defaults.json,TabICL_regression03/runs/distribution_baselines_context_ratio/distribution_baselines_rows200_bins10_ctx10pct_5fold_library_defaults.json,
ex3-3_context_ratio,10%,conformal_quantile,socmob,0.1915752633,0.163014016,0.1654711212,0.02875060546,0.06995631726,0.01651405548,0.05,0.007949842766,,,TabICL_regression03/runs/distribution_baselines_context_ratio/distribution_baselines_rows200_bins10_ctx10pct_5fold_library_defaults.json,TabICL_regression03/runs/distribution_baselines_context_ratio/distribution_baselines_rows200_bins10_ctx10pct_5fold_library_defaults.json,
ex3-3_context_ratio,10%,conformal_quantile,space_ga,-0.05989666379,0.1526455775,0.2405659047,0.02168148989,0.1917253245,0.02032726967,0.068,0.005019960159,,,TabICL_regression03/runs/distribution_baselines_context_ratio/distribution_baselines_rows200_bins10_ctx10pct_5fold_library_defaults.json,TabICL_regression03/runs/distribution_baselines_context_ratio/distribution_baselines_rows200_bins10_ctx10pct_5fold_library_defaults.json,
ex3-3_context_ratio,10%,conformal_quantile,student_performance,-0.8314900623,0.1955979963,0.2682917301,0.01980593407,0.205432511,0.01584060956,0.056,0.01023718711,,,TabICL_regression03/runs/distribution_baselines_context_ratio/distribution_baselines_rows200_bins10_ctx10pct_5fold_library_defaults.json,TabICL_regression03/runs/distribution_baselines_context_ratio/distribution_baselines_rows200_bins10_ctx10pct_5fold_library_defaults.json,
ex3-3_context_ratio,20%,Diffusion_DDPM500_repeats100,abalone,0.2328835577,0.05996335905,0.2120237135,0.01076355847,0.1574214414,0.009691388175,0.035,0.005899152482,3.764529092,0.2224850441,TabICL_regression03/runs/6M/context_ratio_ddpm500_repeats100/step-120000_ddpm500_rows200_repeats100_ctx20pct_5fold.json,TabICL_regression03/runs/6M/context_ratio_ddpm500_repeats100/step-120000_ddpm500_rows200_repeats100_ctx20pct_5fold_bins10-uncertainty.json,
ex3-3_context_ratio,20%,Diffusion_DDPM500_repeats100,airfoil_self_noise,0.3614584488,0.06181172424,0.1838579925,0.01095908958,0.150209845,0.008261808733,0.04,0.0045607017,4.459245081,0.1941557352,TabICL_regression03/runs/6M/context_ratio_ddpm500_repeats100/step-120000_ddpm500_rows200_repeats100_ctx20pct_5fold.json,TabICL_regression03/runs/6M/context_ratio_ddpm500_repeats100/step-120000_ddpm500_rows200_repeats100_ctx20pct_5fold_bins10-uncertainty.json,
ex3-3_context_ratio,20%,Diffusion_DDPM500_repeats100,auction_verification,0.3797014896,0.06555612177,0.2372709877,0.01193095352,0.178925884,0.009032853631,0.065,0.00593295879,4.241508186,0.3800849491,TabICL_regression03/runs/6M/context_ratio_ddpm500_repeats100/step-120000_ddpm500_rows200_repeats100_ctx20pct_5fold.json,TabICL_regression03/runs/6M/context_ratio_ddpm500_repeats100/step-120000_ddpm500_rows200_repeats100_ctx20pct_5fold_bins10-uncertainty.json,
ex3-3_context_ratio,20%,Diffusion_DDPM500_repeats100,boston,0.6061718399,0.05428704978,0.1459322409,0.0124890333,0.112207345,0.0086673219,0.064,0.008197560613,3.862437892,0.3483272491,TabICL_regression03/runs/6M/context_ratio_ddpm500_repeats100/step-120000_ddpm500_rows200_repeats100_ctx20pct_5fold.json,TabICL_regression03/runs/6M/context_ratio_ddpm500_repeats100/step-120000_ddpm500_rows200_repeats100_ctx20pct_5fold_bins10-uncertainty.json,
ex3-3_context_ratio,20%,Diffusion_DDPM500_repeats100,cars,0.4943404222,0.0549066136,0.1681458809,0.01022942164,0.1165974758,0.009756161387,0.045,0.003577708764,3.390720505,0.2811139471,TabICL_regression03/runs/6M/context_ratio_ddpm500_repeats100/step-120000_ddpm500_rows200_repeats100_ctx20pct_5fold.json,TabICL_regression03/runs/6M/context_ratio_ddpm500_repeats100/step-120000_ddpm500_rows200_repeats100_ctx20pct_5fold_bins10-uncertainty.json,
ex3-3_context_ratio,20%,Diffusion_DDPM500_repeats100,concrete_compressive_strength,0.3441580324,0.05819695527,0.2023269206,0.01101077344,0.1613239069,0.0104295258,0.042,0.007155417528,4.499534862,0.40781951,TabICL_regression03/runs/6M/context_ratio_ddpm500_repeats100/step-120000_ddpm500_rows200_repeats100_ctx20pct_5fold.json,TabICL_regression03/runs/6M/context_ratio_ddpm500_repeats100/step-120000_ddpm500_rows200_repeats100_ctx20pct_5fold_bins10-uncertainty.json,
ex3-3_context_ratio,20%,Diffusion_DDPM500_repeats100,cpu_activity,0.2661768381,0.08985239753,0.1713646439,0.01817394035,0.08836324276,0.009717124089,0.079,0.006099180273,3.823727556,0.1944325824,TabICL_regression03/runs/6M/context_ratio_ddpm500_repeats100/step-120000_ddpm500_rows200_repeats100_ctx20pct_5fold.json,TabICL_regression03/runs/6M/context_ratio_ddpm500_repeats100/step-120000_ddpm500_rows200_repeats100_ctx20pct_5fold_bins10-uncertainty.json,
ex3-3_context_ratio,20%,Diffusion_DDPM500_repeats100,energy_efficiency,0.6831604833,0.1316044383,0.162516432,0.03588959887,0.1267795199,0.03007265621,0.065,0.008414273587,3.229523262,0.1512788438,TabICL_regression03/runs/6M/context_ratio_ddpm500_repeats100/step-120000_ddpm500_rows200_repeats100_ctx20pct_5fold.json,TabICL_regression03/runs/6M/context_ratio_ddpm500_repeats100/step-120000_ddpm500_rows200_repeats100_ctx20pct_5fold_bins10-uncertainty.json,
ex3-3_context_ratio,20%,Diffusion_DDPM500_repeats100,grid_stability,0.1537556965,0.03276097293,0.2451258646,0.007004097558,0.2065262338,0.007161537293,0.038,0.002966479395,4.713480003,0.137716725,TabICL_regression03/runs/6M/context_ratio_ddpm500_repeats100/step-120000_ddpm500_rows200_repeats100_ctx20pct_5fold.json,TabICL_regression03/runs/6M/context_ratio_ddpm500_repeats100/step-120000_ddpm500_rows200_repeats100_ctx20pct_5fold_bins10-uncertainty.json,
ex3-3_context_ratio,20%,Diffusion_DDPM500_repeats100,kin8nm,0.02288662785,0.02467300161,0.2431595437,0.009312321913,0.1991620037,0.01053121519,0.04,0.00219089023,4.950477069,0.2056301642,TabICL_regression03/runs/6M/context_ratio_ddpm500_repeats100/step-120000_ddpm500_rows200_repeats100_ctx20pct_5fold.json,TabICL_regression03/runs/6M/context_ratio_ddpm500_repeats100/step-120000_ddpm500_rows200_repeats100_ctx20pct_5fold_bins10-uncertainty.json,
ex3-3_context_ratio,20%,Diffusion_DDPM500_repeats100,Moneyball,0.4216592091,0.05049866732,0.1738327116,0.01070220949,0.1309441324,0.008292284377,0.063,0.005761944116,4.363355556,0.3800601892,TabICL_regression03/runs/6M/context_ratio_ddpm500_repeats100/step-120000_ddpm500_rows200_repeats100_ctx20pct_5fold.json,TabICL_regression03/runs/6M/context_ratio_ddpm500_repeats100/step-120000_ddpm500_rows200_repeats100_ctx20pct_5fold_bins10-uncertainty.json,
ex3-3_context_ratio,20%,Diffusion_DDPM500_repeats100,pumadyn32nh,-0.03497763029,0.02343101671,0.217180321,0.006857485572,0.1694960202,0.0077798778,0.037,0.004604345773,4.785909165,0.3521043003,TabICL_regression03/runs/6M/context_ratio_ddpm500_repeats100/step-120000_ddpm500_rows200_repeats100_ctx20pct_5fold.json,TabICL_regression03/runs/6M/context_ratio_ddpm500_repeats100/step-120000_ddpm500_rows200_repeats100_ctx20pct_5fold_bins10-uncertainty.json,
ex3-3_context_ratio,20%,Diffusion_DDPM500_repeats100,QSAR_fish_toxicity,0.1806234999,0.06730822839,0.1862695536,0.01252579184,0.1440026971,0.009579487607,0.032,0.009230384607,4.378826052,0.524075535,TabICL_regression03/runs/6M/context_ratio_ddpm500_repeats100/step-120000_ddpm500_rows200_repeats100_ctx20pct_5fold.json,TabICL_regression03/runs/6M/context_ratio_ddpm500_repeats100/step-120000_ddpm500_rows200_repeats100_ctx20pct_5fold_bins10-uncertainty.json,
ex3-3_context_ratio,20%,Diffusion_DDPM500_repeats100,quake,-0.1394593035,0.04835027369,0.2858481978,0.007835590889,0.2311909141,0.01194562324,0.033,0.0045607017,3.724317334,0.3102131829,TabICL_regression03/runs/6M/context_ratio_ddpm500_repeats100/step-120000_ddpm500_rows200_repeats100_ctx20pct_5fold.json,TabICL_regression03/runs/6M/context_ratio_ddpm500_repeats100/step-120000_ddpm500_rows200_repeats100_ctx20pct_5fold_bins10-uncertainty.json,
ex3-3_context_ratio,20%,Diffusion_DDPM500_repeats100,sensory,-0.1118519324,0.06082204488,0.2590191069,0.01365905212,0.2067237948,0.01263279558,0.035,0.005477225575,4.931512998,0.3329764241,TabICL_regression03/runs/6M/context_ratio_ddpm500_repeats100/step-120000_ddpm500_rows200_repeats100_ctx20pct_5fold.json,TabICL_regression03/runs/6M/context_ratio_ddpm500_repeats100/step-120000_ddpm500_rows200_repeats100_ctx20pct_5fold_bins10-uncertainty.json,
ex3-3_context_ratio,20%,Diffusion_DDPM500_repeats100,socmob,0.3330465709,0.1167543163,0.1431089265,0.01326367871,0.06903955469,0.01326131554,0.052,0.009338094024,2.751780423,0.8549972715,TabICL_regression03/runs/6M/context_ratio_ddpm500_repeats100/step-120000_ddpm500_rows200_repeats100_ctx20pct_5fold.json,TabICL_regression03/runs/6M/context_ratio_ddpm500_repeats100/step-120000_ddpm500_rows200_repeats100_ctx20pct_5fold_bins10-uncertainty.json,
ex3-3_context_ratio,20%,Diffusion_DDPM500_repeats100,space_ga,0.273878291,0.04589536637,0.203626942,0.01694991401,0.1598735061,0.01702552937,0.032,0.005403702434,3.684198611,0.3517367267,TabICL_regression03/runs/6M/context_ratio_ddpm500_repeats100/step-120000_ddpm500_rows200_repeats100_ctx20pct_5fold.json,TabICL_regression03/runs/6M/context_ratio_ddpm500_repeats100/step-120000_ddpm500_rows200_repeats100_ctx20pct_5fold_bins10-uncertainty.json,
ex3-3_context_ratio,20%,Diffusion_DDPM500_repeats100,student_performance,-0.1364005105,0.05290675655,0.2123221924,0.007991602889,0.1606846737,0.007625305298,0.055,0.00593295879,5.558150797,0.609312969,TabICL_regression03/runs/6M/context_ratio_ddpm500_repeats100/step-120000_ddpm500_rows200_repeats100_ctx20pct_5fold.json,TabICL_regression03/runs/6M/context_ratio_ddpm500_repeats100/step-120000_ddpm500_rows200_repeats100_ctx20pct_5fold_bins10-uncertainty.json,
ex3-3_context_ratio,20%,nanoTabPFN,abalone,0.1950752197,0.04637909594,0.2175672561,0.006602896696,0.1603140815,0.003912734545,0.06,0.00554977477,1.620356163,0.1974926723,nanoTabPFN_version10_original02/6M/context_ratio/model_step_0120000_rows200_bins10_ctx20pct_5fold_eval.json,nanoTabPFN_version10_original02/6M/context_ratio/model_step_0120000_rows200_bins10_ctx20pct_5fold_eval.json,
ex3-3_context_ratio,20%,nanoTabPFN,airfoil_self_noise,0.4011846474,0.03230028738,0.1793066748,0.009761907352,0.1387134496,0.009039146699,0.049,0.006260990337,1.814612126,0.1016551127,nanoTabPFN_version10_original02/6M/context_ratio/model_step_0120000_rows200_bins10_ctx20pct_5fold_eval.json,nanoTabPFN_version10_original02/6M/context_ratio/model_step_0120000_rows200_bins10_ctx20pct_5fold_eval.json,
ex3-3_context_ratio,20%,nanoTabPFN,auction_verification,0.7673880286,0.05418262553,0.1392431446,0.01591603063,0.08250873808,0.00951582468,0.054,0.004147288271,0.9053424301,0.1450197904,nanoTabPFN_version10_original02/6M/context_ratio/model_step_0120000_rows200_bins10_ctx20pct_5fold_eval.json,nanoTabPFN_version10_original02/6M/context_ratio/model_step_0120000_rows200_bins10_ctx20pct_5fold_eval.json,
ex3-3_context_ratio,20%,nanoTabPFN,boston,0.7527132753,0.04750001176,0.1150829163,0.01359497838,0.07880068718,0.006790346516,0.057,0.00756306816,0.9473459296,0.1152714089,nanoTabPFN_version10_original02/6M/context_ratio/model_step_0120000_rows200_bins10_ctx20pct_5fold_eval.json,nanoTabPFN_version10_original02/6M/context_ratio/model_step_0120000_rows200_bins10_ctx20pct_5fold_eval.json,
ex3-3_context_ratio,20%,nanoTabPFN,cars,0.7838304601,0.01215633649,0.1120839375,0.009443996869,0.07558163302,0.007692835652,0.063,0.01033440855,0.8850434727,0.1373776164,nanoTabPFN_version10_original02/6M/context_ratio/model_step_0120000_rows200_bins10_ctx20pct_5fold_eval.json,nanoTabPFN_version10_original02/6M/context_ratio/model_step_0120000_rows200_bins10_ctx20pct_5fold_eval.json,
ex3-3_context_ratio,20%,nanoTabPFN,concrete_compressive_strength,0.4675150282,0.0623199063,0.1826172718,0.01474047817,0.1408525099,0.01363883269,0.052,0.006480740698,1.632124632,0.05541287166,nanoTabPFN_version10_original02/6M/context_ratio/model_step_0120000_rows200_bins10_ctx20pct_5fold_eval.json,nanoTabPFN_version10_original02/6M/context_ratio/model_step_0120000_rows200_bins10_ctx20pct_5fold_eval.json,
ex3-3_context_ratio,20%,nanoTabPFN,cpu_activity,0.5347705044,0.1148880465,0.1330287234,0.02373139915,0.05843405456,0.006187817524,0.066,0.006542170894,0.8461871231,0.1586919161,nanoTabPFN_version10_original02/6M/context_ratio/model_step_0120000_rows200_bins10_ctx20pct_5fold_eval.json,nanoTabPFN_version10_original02/6M/context_ratio/model_step_0120000_rows200_bins10_ctx20pct_5fold_eval.json,
ex3-3_context_ratio,20%,nanoTabPFN,energy_efficiency,0.9636405651,0.009759938089,0.05708748791,0.008962821022,0.04021076224,0.005741765509,0.056,0.006870225615,0.4709686244,0.05430035118,nanoTabPFN_version10_original02/6M/context_ratio/model_step_0120000_rows200_bins10_ctx20pct_5fold_eval.json,nanoTabPFN_version10_original02/6M/context_ratio/model_step_0120000_rows200_bins10_ctx20pct_5fold_eval.json,
ex3-3_context_ratio,20%,nanoTabPFN,grid_stability,0.3832530104,0.0566172702,0.2085328937,0.01068185048,0.1722349384,0.009802326801,0.045,0.004774934555,1.899433725,0.08329609131,nanoTabPFN_version10_original02/6M/context_ratio/model_step_0120000_rows200_bins10_ctx20pct_5fold_eval.json,nanoTabPFN_version10_original02/6M/context_ratio/model_step_0120000_rows200_bins10_ctx20pct_5fold_eval.json,
ex3-3_context_ratio,20%,nanoTabPFN,kin8nm,0.1073428521,0.08802245066,0.2296733331,0.007505683397,0.185721566,0.008275314061,0.033,0.007924645102,2.287101983,0.09195154687,nanoTabPFN_version10_original02/6M/context_ratio/model_step_0120000_rows200_bins10_ctx20pct_5fold_eval.json,nanoTabPFN_version10_original02/6M/context_ratio/model_step_0120000_rows200_bins10_ctx20pct_5fold_eval.json,
ex3-3_context_ratio,20%,nanoTabPFN,Moneyball,0.8860915939,0.01979261493,0.075594472,0.005903469047,0.06093979392,0.004391742721,0.076,0.008246211251,0.5985333752,0.05190260136,nanoTabPFN_version10_original02/6M/context_ratio/model_step_0120000_rows200_bins10_ctx20pct_5fold_eval.json,nanoTabPFN_version10_original02/6M/context_ratio/model_step_0120000_rows200_bins10_ctx20pct_5fold_eval.json,
ex3-3_context_ratio,20%,nanoTabPFN,pumadyn32nh,-0.3425482174,0.08289186363,0.2460431895,0.00545877165,0.1971950373,0.007303680919,0.05,0.003286335345,2.298104235,0.2073428437,nanoTabPFN_version10_original02/6M/context_ratio/model_step_0120000_rows200_bins10_ctx20pct_5fold_eval.json,nanoTabPFN_version10_original02/6M/context_ratio/model_step_0120000_rows200_bins10_ctx20pct_5fold_eval.json,
ex3-3_context_ratio,20%,nanoTabPFN,QSAR_fish_toxicity,0.3398608211,0.0530312821,0.1667332341,0.00939384883,0.1316385081,0.008590880818,0.057,0.009121403401,1.805614423,0.2141487128,nanoTabPFN_version10_original02/6M/context_ratio/model_step_0120000_rows200_bins10_ctx20pct_5fold_eval.json,nanoTabPFN_version10_original02/6M/context_ratio/model_step_0120000_rows200_bins10_ctx20pct_5fold_eval.json,
ex3-3_context_ratio,20%,nanoTabPFN,quake,-0.3992756012,0.1394910898,0.3155314388,0.01708652171,0.2448082219,0.0158222688,0.072,0.006228964601,1.505077463,0.09110362938,nanoTabPFN_version10_original02/6M/context_ratio/model_step_0120000_rows200_bins10_ctx20pct_5fold_eval.json,nanoTabPFN_version10_original02/6M/context_ratio/model_step_0120000_rows200_bins10_ctx20pct_5fold_eval.json,
ex3-3_context_ratio,20%,nanoTabPFN,sensory,-0.4079440308,0.1284764647,0.2911913547,0.02059791326,0.2322419678,0.0192211371,0.058,0.008532291603,1.935048811,0.2669245296,nanoTabPFN_version10_original02/6M/context_ratio/model_step_0120000_rows200_bins10_ctx20pct_5fold_eval.json,nanoTabPFN_version10_original02/6M/context_ratio/model_step_0120000_rows200_bins10_ctx20pct_5fold_eval.json,
ex3-3_context_ratio,20%,nanoTabPFN,socmob,0.2757037394,0.1106985678,0.1555670351,0.02214342502,0.05682503942,0.01220434867,0.059,0.007014271167,0.6514001766,0.2238639113,nanoTabPFN_version10_original02/6M/context_ratio/model_step_0120000_rows200_bins10_ctx20pct_5fold_eval.json,nanoTabPFN_version10_original02/6M/context_ratio/model_step_0120000_rows200_bins10_ctx20pct_5fold_eval.json,
ex3-3_context_ratio,20%,nanoTabPFN,space_ga,0.3868500882,0.0871472066,0.1811132147,0.008430715932,0.14058319,0.007094089863,0.045,0.006723094526,1.76132958,0.1460237734,nanoTabPFN_version10_original02/6M/context_ratio/model_step_0120000_rows200_bins10_ctx20pct_5fold_eval.json,nanoTabPFN_version10_original02/6M/context_ratio/model_step_0120000_rows200_bins10_ctx20pct_5fold_eval.json,
ex3-3_context_ratio,20%,nanoTabPFN,student_performance,-0.2770583161,0.09512249034,0.2248838711,0.01334788876,0.1700955087,0.01276124086,0.05,0.009011104261,2.047006753,0.1824059507,nanoTabPFN_version10_original02/6M/context_ratio/model_step_0120000_rows200_bins10_ctx20pct_5fold_eval.json,nanoTabPFN_version10_original02/6M/context_ratio/model_step_0120000_rows200_bins10_ctx20pct_5fold_eval.json,
ex3-3_context_ratio,20%,ngboost,abalone,0.08114891949,0.1147995912,0.2307627827,0.01475443189,0.1756908772,0.01448401719,0.149,0.001673320053,,,TabICL_regression03/runs/distribution_baselines_context_ratio/distribution_baselines_rows200_bins10_ctx20pct_5fold_library_defaults.json,TabICL_regression03/runs/distribution_baselines_context_ratio/distribution_baselines_rows200_bins10_ctx20pct_5fold_library_defaults.json,
ex3-3_context_ratio,20%,ngboost,airfoil_self_noise,0.3311446699,0.07848134388,0.1863176829,0.008944838953,0.1465843503,0.007194720736,0.144,0.001673320053,,,TabICL_regression03/runs/distribution_baselines_context_ratio/distribution_baselines_rows200_bins10_ctx20pct_5fold_library_defaults.json,TabICL_regression03/runs/distribution_baselines_context_ratio/distribution_baselines_rows200_bins10_ctx20pct_5fold_library_defaults.json,
ex3-3_context_ratio,20%,ngboost,auction_verification,0.713904584,0.01884510669,0.1619552485,0.006508506351,0.09593017022,0.007326017191,0.109,0.01299230542,,,TabICL_regression03/runs/distribution_baselines_context_ratio/distribution_baselines_rows200_bins10_ctx20pct_5fold_library_defaults.json,TabICL_regression03/runs/distribution_baselines_context_ratio/distribution_baselines_rows200_bins10_ctx20pct_5fold_library_defaults.json,
ex3-3_context_ratio,20%,ngboost,boston,0.620690804,0.06152727129,0.1413340035,0.01432202757,0.09761289794,0.008088950296,0.153,0.003033150178,,,TabICL_regression03/runs/distribution_baselines_context_ratio/distribution_baselines_rows200_bins10_ctx20pct_5fold_library_defaults.json,TabICL_regression03/runs/distribution_baselines_context_ratio/distribution_baselines_rows200_bins10_ctx20pct_5fold_library_defaults.json,
ex3-3_context_ratio,20%,ngboost,cars,0.7515808156,0.04197290716,0.1152541718,0.008371567437,0.07848173163,0.007459129927,0.128,0.00756306816,,,TabICL_regression03/runs/distribution_baselines_context_ratio/distribution_baselines_rows200_bins10_ctx20pct_5fold_library_defaults.json,TabICL_regression03/runs/distribution_baselines_context_ratio/distribution_baselines_rows200_bins10_ctx20pct_5fold_library_defaults.json,
ex3-3_context_ratio,20%,ngboost,concrete_compressive_strength,0.4516642646,0.07642687187,0.1862558751,0.01959976939,0.1477237992,0.016717262,0.147,0.003346640106,,,TabICL_regression03/runs/distribution_baselines_context_ratio/distribution_baselines_rows200_bins10_ctx20pct_5fold_library_defaults.json,TabICL_regression03/runs/distribution_baselines_context_ratio/distribution_baselines_rows200_bins10_ctx20pct_5fold_library_defaults.json,
ex3-3_context_ratio,20%,ngboost,cpu_activity,0.8531241683,0.05186817598,0.0680966881,0.01062840108,0.03746379964,0.004806004699,0.152,0.00228035085,,,TabICL_regression03/runs/distribution_baselines_context_ratio/distribution_baselines_rows200_bins10_ctx20pct_5fold_library_defaults.json,TabICL_regression03/runs/distribution_baselines_context_ratio/distribution_baselines_rows200_bins10_ctx20pct_5fold_library_defaults.json,
ex3-3_context_ratio,20%,ngboost,energy_efficiency,0.9470160808,0.01145550165,0.06989495933,0.009159659278,0.0477243631,0.005524873043,0.128,0.006870225615,,,TabICL_regression03/runs/distribution_baselines_context_ratio/distribution_baselines_rows200_bins10_ctx20pct_5fold_library_defaults.json,TabICL_regression03/runs/distribution_baselines_context_ratio/distribution_baselines_rows200_bins10_ctx20pct_5fold_library_defaults.json,
ex3-3_context_ratio,20%,ngboost,grid_stability,0.188747394,0.08272779851,0.2401670483,0.0183745787,0.1965934301,0.01353426828,0.156,0.001673320053,,,TabICL_regression03/runs/distribution_baselines_context_ratio/distribution_baselines_rows200_bins10_ctx20pct_5fold_library_defaults.json,TabICL_regression03/runs/distribution_baselines_context_ratio/distribution_baselines_rows200_bins10_ctx20pct_5fold_library_defaults.json,
ex3-3_context_ratio,20%,ngboost,kin8nm,-0.1142094065,0.1358501944,0.2553595334,0.007872347313,0.1986251185,0.006817388788,0.152,0.001095445115,,,TabICL_regression03/runs/distribution_baselines_context_ratio/distribution_baselines_rows200_bins10_ctx20pct_5fold_library_defaults.json,TabICL_regression03/runs/distribution_baselines_context_ratio/distribution_baselines_rows200_bins10_ctx20pct_5fold_library_defaults.json,
ex3-3_context_ratio,20%,ngboost,Moneyball,0.8561977744,0.01172667977,0.08662027272,0.004264911619,0.06849486002,0.004100555117,0.157,0.001788854382,,,TabICL_regression03/runs/distribution_baselines_context_ratio/distribution_baselines_rows200_bins10_ctx20pct_5fold_library_defaults.json,TabICL_regression03/runs/distribution_baselines_context_ratio/distribution_baselines_rows200_bins10_ctx20pct_5fold_library_defaults.json,
ex3-3_context_ratio,20%,ngboost,pumadyn32nh,-0.1528608388,0.03764484881,0.2290214026,0.00703600977,0.1764544283,0.006593282288,0.155,0.001414213562,,,TabICL_regression03/runs/distribution_baselines_context_ratio/distribution_baselines_rows200_bins10_ctx20pct_5fold_library_defaults.json,TabICL_regression03/runs/distribution_baselines_context_ratio/distribution_baselines_rows200_bins10_ctx20pct_5fold_library_defaults.json,
ex3-3_context_ratio,20%,ngboost,QSAR_fish_toxicity,0.2086095418,0.1019304564,0.18065996,0.01167378154,0.1388680233,0.008639444705,0.148,0.005403702434,,,TabICL_regression03/runs/distribution_baselines_context_ratio/distribution_baselines_rows200_bins10_ctx20pct_5fold_library_defaults.json,TabICL_regression03/runs/distribution_baselines_context_ratio/distribution_baselines_rows200_bins10_ctx20pct_5fold_library_defaults.json,
ex3-3_context_ratio,20%,ngboost,quake,-0.6549487302,0.08469836223,0.3464816521,0.02070278201,0.2812540276,0.01923513902,0.142,0.005215361924,,,TabICL_regression03/runs/distribution_baselines_context_ratio/distribution_baselines_rows200_bins10_ctx20pct_5fold_library_defaults.json,TabICL_regression03/runs/distribution_baselines_context_ratio/distribution_baselines_rows200_bins10_ctx20pct_5fold_library_defaults.json,
ex3-3_context_ratio,20%,ngboost,sensory,-0.5489196353,0.1983931126,0.3034026115,0.02328981948,0.2386581009,0.01920935561,0.136,0.003847076812,,,TabICL_regression03/runs/distribution_baselines_context_ratio/distribution_baselines_rows200_bins10_ctx20pct_5fold_library_defaults.json,TabICL_regression03/runs/distribution_baselines_context_ratio/distribution_baselines_rows200_bins10_ctx20pct_5fold_library_defaults.json,
ex3-3_context_ratio,20%,ngboost,socmob,0.5037869765,0.03893982416,0.1276689526,0.009922496327,0.05543107789,0.009351091143,0.12,0.005656854249,,,TabICL_regression03/runs/distribution_baselines_context_ratio/distribution_baselines_rows200_bins10_ctx20pct_5fold_library_defaults.json,TabICL_regression03/runs/distribution_baselines_context_ratio/distribution_baselines_rows200_bins10_ctx20pct_5fold_library_defaults.json,
ex3-3_context_ratio,20%,ngboost,space_ga,0.3610805469,0.06925969374,0.1887692261,0.01523984123,0.1486456274,0.01491287035,0.147,0.003633180425,,,TabICL_regression03/runs/distribution_baselines_context_ratio/distribution_baselines_rows200_bins10_ctx20pct_5fold_library_defaults.json,TabICL_regression03/runs/distribution_baselines_context_ratio/distribution_baselines_rows200_bins10_ctx20pct_5fold_library_defaults.json,
ex3-3_context_ratio,20%,ngboost,student_performance,-0.4031506473,0.1748550928,0.2340079722,0.01619581051,0.1782444519,0.01213792266,0.15,0.00316227766,,,TabICL_regression03/runs/distribution_baselines_context_ratio/distribution_baselines_rows200_bins10_ctx20pct_5fold_library_defaults.json,TabICL_regression03/runs/distribution_baselines_context_ratio/distribution_baselines_rows200_bins10_ctx20pct_5fold_library_defaults.json,
ex3-3_context_ratio,20%,catboost,abalone,0.2300295895,0.08033480581,0.2114721064,0.01112872631,0.1620102487,0.0104220924,0.136,0.005176871642,,,TabICL_regression03/runs/distribution_baselines_context_ratio/distribution_baselines_rows200_bins10_ctx20pct_5fold_library_defaults.json,TabICL_regression03/runs/distribution_baselines_context_ratio/distribution_baselines_rows200_bins10_ctx20pct_5fold_library_defaults.json,
ex3-3_context_ratio,20%,catboost,airfoil_self_noise,0.474666375,0.04091194168,0.1661777073,0.004809799217,0.1341954674,0.004928605182,0.13,0.004,,,TabICL_regression03/runs/distribution_baselines_context_ratio/distribution_baselines_rows200_bins10_ctx20pct_5fold_library_defaults.json,TabICL_regression03/runs/distribution_baselines_context_ratio/distribution_baselines_rows200_bins10_ctx20pct_5fold_library_defaults.json,
ex3-3_context_ratio,20%,catboost,auction_verification,0.5856411823,0.06386644151,0.1923960249,0.01488545417,0.1233635217,0.008488104655,0.13,0.006542170894,,,TabICL_regression03/runs/distribution_baselines_context_ratio/distribution_baselines_rows200_bins10_ctx20pct_5fold_library_defaults.json,TabICL_regression03/runs/distribution_baselines_context_ratio/distribution_baselines_rows200_bins10_ctx20pct_5fold_library_defaults.json,
ex3-3_context_ratio,20%,catboost,boston,0.6713484174,0.05039921982,0.1332958538,0.01265798624,0.09498713646,0.006851111466,0.115,0.008717797887,,,TabICL_regression03/runs/distribution_baselines_context_ratio/distribution_baselines_rows200_bins10_ctx20pct_5fold_library_defaults.json,TabICL_regression03/runs/distribution_baselines_context_ratio/distribution_baselines_rows200_bins10_ctx20pct_5fold_library_defaults.json,
ex3-3_context_ratio,20%,catboost,cars,0.6362765153,0.05305407238,0.1406633549,0.008068668863,0.09006697504,0.007427643648,0.124,0.00554977477,,,TabICL_regression03/runs/distribution_baselines_context_ratio/distribution_baselines_rows200_bins10_ctx20pct_5fold_library_defaults.json,TabICL_regression03/runs/distribution_baselines_context_ratio/distribution_baselines_rows200_bins10_ctx20pct_5fold_library_defaults.json,
ex3-3_context_ratio,20%,catboost,concrete_compressive_strength,0.4648496566,0.06748831896,0.1829313745,0.01566517207,0.1417392497,0.01301861889,0.116,0.002607680962,,,TabICL_regression03/runs/distribution_baselines_context_ratio/distribution_baselines_rows200_bins10_ctx20pct_5fold_library_defaults.json,TabICL_regression03/runs/distribution_baselines_context_ratio/distribution_baselines_rows200_bins10_ctx20pct_5fold_library_defaults.json,
ex3-3_context_ratio,20%,catboost,cpu_activity,0.3113613765,0.08587593076,0.1644466204,0.01384622515,0.07219923912,0.004924108973,0.119,0.004774934555,,,TabICL_regression03/runs/distribution_baselines_context_ratio/distribution_baselines_rows200_bins10_ctx20pct_5fold_library_defaults.json,TabICL_regression03/runs/distribution_baselines_context_ratio/distribution_baselines_rows200_bins10_ctx20pct_5fold_library_defaults.json,
ex3-3_context_ratio,20%,catboost,energy_efficiency,0.8894680244,0.03152791157,0.09809897669,0.01694498164,0.06981558293,0.01096371952,0.074,0.005761944116,,,TabICL_regression03/runs/distribution_baselines_context_ratio/distribution_baselines_rows200_bins10_ctx20pct_5fold_library_defaults.json,TabICL_regression03/runs/distribution_baselines_context_ratio/distribution_baselines_rows200_bins10_ctx20pct_5fold_library_defaults.json,
ex3-3_context_ratio,20%,catboost,grid_stability,0.2149689373,0.04214087695,0.2362271261,0.00963822132,0.1950305279,0.01007529082,0.103,0.007949842766,,,TabICL_regression03/runs/distribution_baselines_context_ratio/distribution_baselines_rows200_bins10_ctx20pct_5fold_library_defaults.json,TabICL_regression03/runs/distribution_baselines_context_ratio/distribution_baselines_rows200_bins10_ctx20pct_5fold_library_defaults.json,
ex3-3_context_ratio,20%,catboost,kin8nm,0.09074170757,0.0395645832,0.2337932979,0.006340574036,0.1876951852,0.007137969213,0.117,0.006418722614,,,TabICL_regression03/runs/distribution_baselines_context_ratio/distribution_baselines_rows200_bins10_ctx20pct_5fold_library_defaults.json,TabICL_regression03/runs/distribution_baselines_context_ratio/distribution_baselines_rows200_bins10_ctx20pct_5fold_library_defaults.json,
ex3-3_context_ratio,20%,catboost,Moneyball,0.7588279537,0.01924475883,0.1121109609,0.005867549249,0.08300394006,0.00358214043,0.094,0.004774934555,,,TabICL_regression03/runs/distribution_baselines_context_ratio/distribution_baselines_rows200_bins10_ctx20pct_5fold_library_defaults.json,TabICL_regression03/runs/distribution_baselines_context_ratio/distribution_baselines_rows200_bins10_ctx20pct_5fold_library_defaults.json,
ex3-3_context_ratio,20%,catboost,pumadyn32nh,-0.0501567034,0.01667283399,0.2187661753,0.006420017868,0.1732130745,0.006768988388,0.1,0.005366563146,,,TabICL_regression03/runs/distribution_baselines_context_ratio/distribution_baselines_rows200_bins10_ctx20pct_5fold_library_defaults.json,TabICL_regression03/runs/distribution_baselines_context_ratio/distribution_baselines_rows200_bins10_ctx20pct_5fold_library_defaults.json,
ex3-3_context_ratio,20%,catboost,QSAR_fish_toxicity,0.3725634122,0.05666324007,0.1622019198,0.008415948003,0.1241202744,0.007545952382,0.126,0.006260990337,,,TabICL_regression03/runs/distribution_baselines_context_ratio/distribution_baselines_rows200_bins10_ctx20pct_5fold_library_defaults.json,TabICL_regression03/runs/distribution_baselines_context_ratio/distribution_baselines_rows200_bins10_ctx20pct_5fold_library_defaults.json,
ex3-3_context_ratio,20%,catboost,quake,-0.3754406771,0.02560181391,0.3154272073,0.01349797599,0.2548102514,0.01504766762,0.149,0.00219089023,,,TabICL_regression03/runs/distribution_baselines_context_ratio/distribution_baselines_rows200_bins10_ctx20pct_5fold_library_defaults.json,TabICL_regression03/runs/distribution_baselines_context_ratio/distribution_baselines_rows200_bins10_ctx20pct_5fold_library_defaults.json,
ex3-3_context_ratio,20%,catboost,sensory,-0.07609155363,0.05213002815,0.2549058079,0.01298889389,0.2022858672,0.01367298166,0.096,0.00593295879,,,TabICL_regression03/runs/distribution_baselines_context_ratio/distribution_baselines_rows200_bins10_ctx20pct_5fold_library_defaults.json,TabICL_regression03/runs/distribution_baselines_context_ratio/distribution_baselines_rows200_bins10_ctx20pct_5fold_library_defaults.json,
ex3-3_context_ratio,20%,catboost,socmob,0.1236113835,0.3201784301,0.1679978708,0.04268238759,0.06632107386,0.01905246198,0.126,0.005176871642,,,TabICL_regression03/runs/distribution_baselines_context_ratio/distribution_baselines_rows200_bins10_ctx20pct_5fold_library_defaults.json,TabICL_regression03/runs/distribution_baselines_context_ratio/distribution_baselines_rows200_bins10_ctx20pct_5fold_library_defaults.json,
ex3-3_context_ratio,20%,catboost,space_ga,0.403822717,0.04329192859,0.1829927248,0.01200845918,0.1408946442,0.01175039465,0.14,0.004242640687,,,TabICL_regression03/runs/distribution_baselines_context_ratio/distribution_baselines_rows200_bins10_ctx20pct_5fold_library_defaults.json,TabICL_regression03/runs/distribution_baselines_context_ratio/distribution_baselines_rows200_bins10_ctx20pct_5fold_library_defaults.json,
ex3-3_context_ratio,20%,catboost,student_performance,-0.07446438367,0.03728414156,0.2068102078,0.00851999911,0.1535980108,0.008786370911,0.106,0.006723094526,,,TabICL_regression03/runs/distribution_baselines_context_ratio/distribution_baselines_rows200_bins10_ctx20pct_5fold_library_defaults.json,TabICL_regression03/runs/distribution_baselines_context_ratio/distribution_baselines_rows200_bins10_ctx20pct_5fold_library_defaults.json,
ex3-3_context_ratio,20%,xgboost,abalone,0.05559620745,0.1186446807,0.2336592193,0.0140017328,0.184023356,0.01354620586,0.082,0.006782329983,,,TabICL_regression03/runs/distribution_baselines_context_ratio/distribution_baselines_rows200_bins10_ctx20pct_5fold_library_defaults.json,TabICL_regression03/runs/distribution_baselines_context_ratio/distribution_baselines_rows200_bins10_ctx20pct_5fold_library_defaults.json,
ex3-3_context_ratio,20%,xgboost,airfoil_self_noise,0.1341981643,0.119470524,0.2106034431,0.00752631897,0.1602839477,0.004365597707,0.078,0.008786353055,,,TabICL_regression03/runs/distribution_baselines_context_ratio/distribution_baselines_rows200_bins10_ctx20pct_5fold_library_defaults.json,TabICL_regression03/runs/distribution_baselines_context_ratio/distribution_baselines_rows200_bins10_ctx20pct_5fold_library_defaults.json,
ex3-3_context_ratio,20%,xgboost,auction_verification,0.4097074868,0.07242665113,0.2322275366,0.01945457164,0.1676567054,0.0163155614,0.088,0.007155417528,,,TabICL_regression03/runs/distribution_baselines_context_ratio/distribution_baselines_rows200_bins10_ctx20pct_5fold_library_defaults.json,TabICL_regression03/runs/distribution_baselines_context_ratio/distribution_baselines_rows200_bins10_ctx20pct_5fold_library_defaults.json,
ex3-3_context_ratio,20%,xgboost,boston,0.5517619619,0.04882021614,0.1563441296,0.01093371946,0.1177558647,0.005823029135,0.075,0.005403702434,,,TabICL_regression03/runs/distribution_baselines_context_ratio/distribution_baselines_rows200_bins10_ctx20pct_5fold_library_defaults.json,TabICL_regression03/runs/distribution_baselines_context_ratio/distribution_baselines_rows200_bins10_ctx20pct_5fold_library_defaults.json,
ex3-3_context_ratio,20%,xgboost,cars,0.2055622059,0.1990663076,0.2064609728,0.02637727131,0.1370614176,0.01144174609,0.093,0.005366563146,,,TabICL_regression03/runs/distribution_baselines_context_ratio/distribution_baselines_rows200_bins10_ctx20pct_5fold_library_defaults.json,TabICL_regression03/runs/distribution_baselines_context_ratio/distribution_baselines_rows200_bins10_ctx20pct_5fold_library_defaults.json,
ex3-3_context_ratio,20%,xgboost,concrete_compressive_strength,0.2985875129,0.08144764895,0.2091059271,0.01552954577,0.1664730827,0.01259913958,0.074,0.005899152482,,,TabICL_regression03/runs/distribution_baselines_context_ratio/distribution_baselines_rows200_bins10_ctx20pct_5fold_library_defaults.json,TabICL_regression03/runs/distribution_baselines_context_ratio/distribution_baselines_rows200_bins10_ctx20pct_5fold_library_defaults.json,
ex3-3_context_ratio,20%,xgboost,cpu_activity,0.1998413333,0.07007956221,0.1773824825,0.01114562577,0.08315008998,0.00460909688,0.066,0.00219089023,,,TabICL_regression03/runs/distribution_baselines_context_ratio/distribution_baselines_rows200_bins10_ctx20pct_5fold_library_defaults.json,TabICL_regression03/runs/distribution_baselines_context_ratio/distribution_baselines_rows200_bins10_ctx20pct_5fold_library_defaults.json,
ex3-3_context_ratio,20%,xgboost,energy_efficiency,0.8273378871,0.03520015521,0.1255189002,0.01206373196,0.0926378187,0.01137054115,0.076,0.01228006515,,,TabICL_regression03/runs/distribution_baselines_context_ratio/distribution_baselines_rows200_bins10_ctx20pct_5fold_library_defaults.json,TabICL_regression03/runs/distribution_baselines_context_ratio/distribution_baselines_rows200_bins10_ctx20pct_5fold_library_defaults.json,
ex3-3_context_ratio,20%,xgboost,grid_stability,0.03175018171,0.05491180909,0.2625623812,0.01208894837,0.2183842359,0.01177890498,0.084,0.001095445115,,,TabICL_regression03/runs/distribution_baselines_context_ratio/distribution_baselines_rows200_bins10_ctx20pct_5fold_library_defaults.json,TabICL_regression03/runs/distribution_baselines_context_ratio/distribution_baselines_rows200_bins10_ctx20pct_5fold_library_defaults.json,
ex3-3_context_ratio,20%,xgboost,kin8nm,-0.2136545517,0.2537093368,0.2644572527,0.02456302954,0.2087382934,0.02012204989,0.07,0.01118928058,,,TabICL_regression03/runs/distribution_baselines_context_ratio/distribution_baselines_rows200_bins10_ctx20pct_5fold_library_defaults.json,TabICL_regression03/runs/distribution_baselines_context_ratio/distribution_baselines_rows200_bins10_ctx20pct_5fold_library_defaults.json,
ex3-3_context_ratio,20%,xgboost,Moneyball,0.7027124342,0.06782522113,0.1217149869,0.01272634867,0.09803729406,0.009591272322,0.07,0.006542170894,,,TabICL_regression03/runs/distribution_baselines_context_ratio/distribution_baselines_rows200_bins10_ctx20pct_5fold_library_defaults.json,TabICL_regression03/runs/distribution_baselines_context_ratio/distribution_baselines_rows200_bins10_ctx20pct_5fold_library_defaults.json,
ex3-3_context_ratio,20%,xgboost,pumadyn32nh,-0.2967716812,0.1407188363,0.2418908149,0.01526011215,0.1900380044,0.01229108956,0.076,0.004604345773,,,TabICL_regression03/runs/distribution_baselines_context_ratio/distribution_baselines_rows200_bins10_ctx20pct_5fold_library_defaults.json,TabICL_regression03/runs/distribution_baselines_context_ratio/distribution_baselines_rows200_bins10_ctx20pct_5fold_library_defaults.json,
ex3-3_context_ratio,20%,xgboost,QSAR_fish_toxicity,0.1016226103,0.1004196629,0.1932782414,0.01166387963,0.1527122475,0.01041663887,0.09,0.008049844719,,,TabICL_regression03/runs/distribution_baselines_context_ratio/distribution_baselines_rows200_bins10_ctx20pct_5fold_library_defaults.json,TabICL_regression03/runs/distribution_baselines_context_ratio/distribution_baselines_rows200_bins10_ctx20pct_5fold_library_defaults.json,
ex3-3_context_ratio,20%,xgboost,quake,-0.8073936857,0.2060828537,0.3603969727,0.03004580683,0.2936520893,0.02937328083,0.075,0.00228035085,,,TabICL_regression03/runs/distribution_baselines_context_ratio/distribution_baselines_rows200_bins10_ctx20pct_5fold_library_defaults.json,TabICL_regression03/runs/distribution_baselines_context_ratio/distribution_baselines_rows200_bins10_ctx20pct_5fold_library_defaults.json,
ex3-3_context_ratio,20%,xgboost,sensory,-0.3488654111,0.1573674699,0.2835840342,0.01999553742,0.2262913583,0.01992374466,0.073,0.004979959839,,,TabICL_regression03/runs/distribution_baselines_context_ratio/distribution_baselines_rows200_bins10_ctx20pct_5fold_library_defaults.json,TabICL_regression03/runs/distribution_baselines_context_ratio/distribution_baselines_rows200_bins10_ctx20pct_5fold_library_defaults.json,
ex3-3_context_ratio,20%,xgboost,socmob,0.03464153077,0.5042714512,0.1681744622,0.05746369461,0.07880141748,0.03070339314,0.07,0.004472135955,,,TabICL_regression03/runs/distribution_baselines_context_ratio/distribution_baselines_rows200_bins10_ctx20pct_5fold_library_defaults.json,TabICL_regression03/runs/distribution_baselines_context_ratio/distribution_baselines_rows200_bins10_ctx20pct_5fold_library_defaults.json,
ex3-3_context_ratio,20%,xgboost,space_ga,0.303913447,0.05390198575,0.1974982747,0.01282546087,0.1510735938,0.01224189106,0.079,0.008246211251,,,TabICL_regression03/runs/distribution_baselines_context_ratio/distribution_baselines_rows200_bins10_ctx20pct_5fold_library_defaults.json,TabICL_regression03/runs/distribution_baselines_context_ratio/distribution_baselines_rows200_bins10_ctx20pct_5fold_library_defaults.json,
ex3-3_context_ratio,20%,xgboost,student_performance,-0.2901279558,0.1181899947,0.2267235172,0.01604647488,0.172001768,0.01345015675,0.069,0.002683281573,,,TabICL_regression03/runs/distribution_baselines_context_ratio/distribution_baselines_rows200_bins10_ctx20pct_5fold_library_defaults.json,TabICL_regression03/runs/distribution_baselines_context_ratio/distribution_baselines_rows200_bins10_ctx20pct_5fold_library_defaults.json,
ex3-3_context_ratio,20%,gaussian_process,abalone,0.1793511065,0.08472391021,0.2173283787,0.005873777703,0.1668107226,0.007714206994,0.03,0.003741657387,,,TabICL_regression03/runs/distribution_baselines_context_ratio/distribution_baselines_rows200_bins10_ctx20pct_5fold_library_defaults.json,TabICL_regression03/runs/distribution_baselines_context_ratio/distribution_baselines_rows200_bins10_ctx20pct_5fold_library_defaults.json,
ex3-3_context_ratio,20%,gaussian_process,airfoil_self_noise,0.4692805106,0.06114143073,0.167433485,0.01035747563,0.1356555161,0.01061088859,0.012,0.00438178046,,,TabICL_regression03/runs/distribution_baselines_context_ratio/distribution_baselines_rows200_bins10_ctx20pct_5fold_library_defaults.json,TabICL_regression03/runs/distribution_baselines_context_ratio/distribution_baselines_rows200_bins10_ctx20pct_5fold_library_defaults.json,
ex3-3_context_ratio,20%,gaussian_process,auction_verification,0.2100778992,0.02493260611,0.2699463051,0.009788596785,0.204984732,0.0105959217,0.039,0.004472135955,,,TabICL_regression03/runs/distribution_baselines_context_ratio/distribution_baselines_rows200_bins10_ctx20pct_5fold_library_defaults.json,TabICL_regression03/runs/distribution_baselines_context_ratio/distribution_baselines_rows200_bins10_ctx20pct_5fold_library_defaults.json,
ex3-3_context_ratio,20%,gaussian_process,boston,0.7130139897,0.03170069806,0.1247437719,0.007622712738,0.09061504968,0.002883242722,0.031,0.003741657387,,,TabICL_regression03/runs/distribution_baselines_context_ratio/distribution_baselines_rows200_bins10_ctx20pct_5fold_library_defaults.json,TabICL_regression03/runs/distribution_baselines_context_ratio/distribution_baselines_rows200_bins10_ctx20pct_5fold_library_defaults.json,
ex3-3_context_ratio,20%,gaussian_process,cars,0.7206671556,0.07357244367,0.1208952461,0.01513077362,0.07987014925,0.01156905177,0.028,0.00228035085,,,TabICL_regression03/runs/distribution_baselines_context_ratio/distribution_baselines_rows200_bins10_ctx20pct_5fold_library_defaults.json,TabICL_regression03/runs/distribution_baselines_context_ratio/distribution_baselines_rows200_bins10_ctx20pct_5fold_library_defaults.json,
ex3-3_context_ratio,20%,gaussian_process,concrete_compressive_strength,0.2124650862,0.1198588419,0.219350815,0.02226917687,0.1738281125,0.02012521579,0.018,0.006723094526,,,TabICL_regression03/runs/distribution_baselines_context_ratio/distribution_baselines_rows200_bins10_ctx20pct_5fold_library_defaults.json,TabICL_regression03/runs/distribution_baselines_context_ratio/distribution_baselines_rows200_bins10_ctx20pct_5fold_library_defaults.json,
ex3-3_context_ratio,20%,gaussian_process,cpu_activity,0.817706314,0.04263219366,0.08042744344,0.0100332266,0.0425789792,0.003351105594,0.034,0.01228006515,,,TabICL_regression03/runs/distribution_baselines_context_ratio/distribution_baselines_rows200_bins10_ctx20pct_5fold_library_defaults.json,TabICL_regression03/runs/distribution_baselines_context_ratio/distribution_baselines_rows200_bins10_ctx20pct_5fold_library_defaults.json,
ex3-3_context_ratio,20%,gaussian_process,energy_efficiency,0.894381405,0.0136302946,0.1000963706,0.00738265298,0.07218217377,0.004098435024,0.037,0.003898717738,,,TabICL_regression03/runs/distribution_baselines_context_ratio/distribution_baselines_rows200_bins10_ctx20pct_5fold_library_defaults.json,TabICL_regression03/runs/distribution_baselines_context_ratio/distribution_baselines_rows200_bins10_ctx20pct_5fold_library_defaults.json,
ex3-3_context_ratio,20%,gaussian_process,grid_stability,0.4888929745,0.02390882402,0.1904772807,0.006409306542,0.1550830006,0.005157374458,0.017,0.004335896678,,,TabICL_regression03/runs/distribution_baselines_context_ratio/distribution_baselines_rows200_bins10_ctx20pct_5fold_library_defaults.json,TabICL_regression03/runs/distribution_baselines_context_ratio/distribution_baselines_rows200_bins10_ctx20pct_5fold_library_defaults.json,
ex3-3_context_ratio,20%,gaussian_process,kin8nm,0.07970741208,0.05345585373,0.234490852,0.00482276308,0.1867595366,0.004122976704,0.017,0.005215361924,,,TabICL_regression03/runs/distribution_baselines_context_ratio/distribution_baselines_rows200_bins10_ctx20pct_5fold_library_defaults.json,TabICL_regression03/runs/distribution_baselines_context_ratio/distribution_baselines_rows200_bins10_ctx20pct_5fold_library_defaults.json,
ex3-3_context_ratio,20%,gaussian_process,Moneyball,0.9335060291,0.008186534509,0.05837588184,0.003237931928,0.04579449236,0.002374680144,0.02,0.007694153625,,,TabICL_regression03/runs/distribution_baselines_context_ratio/distribution_baselines_rows200_bins10_ctx20pct_5fold_library_defaults.json,TabICL_regression03/runs/distribution_baselines_context_ratio/distribution_baselines_rows200_bins10_ctx20pct_5fold_library_defaults.json,
ex3-3_context_ratio,20%,gaussian_process,pumadyn32nh,-0.02076046334,0.01023673517,0.2159313942,0.00761188006,0.1703939945,0.00744205575,0.016,0.002449489743,,,TabICL_regression03/runs/distribution_baselines_context_ratio/distribution_baselines_rows200_bins10_ctx20pct_5fold_library_defaults.json,TabICL_regression03/runs/distribution_baselines_context_ratio/distribution_baselines_rows200_bins10_ctx20pct_5fold_library_defaults.json,
ex3-3_context_ratio,20%,gaussian_process,QSAR_fish_toxicity,0.2545688108,0.07193152088,0.1763036598,0.008898443761,0.1346515641,0.009166300402,0.023,0.00756306816,,,TabICL_regression03/runs/distribution_baselines_context_ratio/distribution_baselines_rows200_bins10_ctx20pct_5fold_library_defaults.json,TabICL_regression03/runs/distribution_baselines_context_ratio/distribution_baselines_rows200_bins10_ctx20pct_5fold_library_defaults.json,
ex3-3_context_ratio,20%,gaussian_process,quake,-0.08099660859,0.021908033,0.2799184311,0.01342005101,0.2310738356,0.01602707752,0.054,0.004098780306,,,TabICL_regression03/runs/distribution_baselines_context_ratio/distribution_baselines_rows200_bins10_ctx20pct_5fold_library_defaults.json,TabICL_regression03/runs/distribution_baselines_context_ratio/distribution_baselines_rows200_bins10_ctx20pct_5fold_library_defaults.json,
ex3-3_context_ratio,20%,gaussian_process,sensory,-0.1017453546,0.04183332321,0.257497767,0.009863482971,0.2038253737,0.01062488532,0.03,0.007483314774,,,TabICL_regression03/runs/distribution_baselines_context_ratio/distribution_baselines_rows200_bins10_ctx20pct_5fold_library_defaults.json,TabICL_regression03/runs/distribution_baselines_context_ratio/distribution_baselines_rows200_bins10_ctx20pct_5fold_library_defaults.json,
ex3-3_context_ratio,20%,gaussian_process,socmob,0.1988689743,0.1646955167,0.1561143842,0.01812395924,0.07047275312,0.01011416028,0.029,0.004472135955,,,TabICL_regression03/runs/distribution_baselines_context_ratio/distribution_baselines_rows200_bins10_ctx20pct_5fold_library_defaults.json,TabICL_regression03/runs/distribution_baselines_context_ratio/distribution_baselines_rows200_bins10_ctx20pct_5fold_library_defaults.json,
ex3-3_context_ratio,20%,gaussian_process,space_ga,0.2455386971,0.09059764858,0.2076213531,0.02330747837,0.1652512809,0.02171495701,0.023,0.005176871642,,,TabICL_regression03/runs/distribution_baselines_context_ratio/distribution_baselines_rows200_bins10_ctx20pct_5fold_library_defaults.json,TabICL_regression03/runs/distribution_baselines_context_ratio/distribution_baselines_rows200_bins10_ctx20pct_5fold_library_defaults.json,
ex3-3_context_ratio,20%,gaussian_process,student_performance,-0.0717084672,0.06785267877,0.2061574825,0.009375821959,0.1548610345,0.01029635388,0.033,0.005019960159,,,TabICL_regression03/runs/distribution_baselines_context_ratio/distribution_baselines_rows200_bins10_ctx20pct_5fold_library_defaults.json,TabICL_regression03/runs/distribution_baselines_context_ratio/distribution_baselines_rows200_bins10_ctx20pct_5fold_library_defaults.json,
ex3-3_context_ratio,20%,conformal_quantile,abalone,-0.02413183605,0.09307014177,0.2445352318,0.01192713429,0.1881340684,0.009991420617,0.045,0.006782329983,,,TabICL_regression03/runs/distribution_baselines_context_ratio/distribution_baselines_rows200_bins10_ctx20pct_5fold_library_defaults.json,TabICL_regression03/runs/distribution_baselines_context_ratio/distribution_baselines_rows200_bins10_ctx20pct_5fold_library_defaults.json,
ex3-3_context_ratio,20%,conformal_quantile,airfoil_self_noise,0.2046898132,0.06501255086,0.2047880181,0.007521796718,0.1561507083,0.004982631207,0.034,0.00593295879,,,TabICL_regression03/runs/distribution_baselines_context_ratio/distribution_baselines_rows200_bins10_ctx20pct_5fold_library_defaults.json,TabICL_regression03/runs/distribution_baselines_context_ratio/distribution_baselines_rows200_bins10_ctx20pct_5fold_library_defaults.json,
ex3-3_context_ratio,20%,conformal_quantile,auction_verification,0.2604670744,0.2260114261,0.2510993044,0.04013371785,0.1845440635,0.03484799212,0.049,0.007536577473,,,TabICL_regression03/runs/distribution_baselines_context_ratio/distribution_baselines_rows200_bins10_ctx20pct_5fold_library_defaults.json,TabICL_regression03/runs/distribution_baselines_context_ratio/distribution_baselines_rows200_bins10_ctx20pct_5fold_library_defaults.json,
ex3-3_context_ratio,20%,conformal_quantile,boston,0.6624052523,0.07311734275,0.1331439419,0.0172417975,0.1011627982,0.01072083608,0.04,0.002607680962,,,TabICL_regression03/runs/distribution_baselines_context_ratio/distribution_baselines_rows200_bins10_ctx20pct_5fold_library_defaults.json,TabICL_regression03/runs/distribution_baselines_context_ratio/distribution_baselines_rows200_bins10_ctx20pct_5fold_library_defaults.json,
ex3-3_context_ratio,20%,conformal_quantile,cars,0.4570854107,0.07425755153,0.1729683745,0.01498821381,0.1194067381,0.01030697051,0.04,0.005727128425,,,TabICL_regression03/runs/distribution_baselines_context_ratio/distribution_baselines_rows200_bins10_ctx20pct_5fold_library_defaults.json,TabICL_regression03/runs/distribution_baselines_context_ratio/distribution_baselines_rows200_bins10_ctx20pct_5fold_library_defaults.json,
ex3-3_context_ratio,20%,conformal_quantile,concrete_compressive_strength,0.1027937822,0.1934916461,0.2338803559,0.03283691911,0.1851727264,0.02981315869,0.041,0.005403702434,,,TabICL_regression03/runs/distribution_baselines_context_ratio/distribution_baselines_rows200_bins10_ctx20pct_5fold_library_defaults.json,TabICL_regression03/runs/distribution_baselines_context_ratio/distribution_baselines_rows200_bins10_ctx20pct_5fold_library_defaults.json,
ex3-3_context_ratio,20%,conformal_quantile,cpu_activity,0.2809509493,0.1304606174,0.163699304,0.01423192151,0.08108330999,0.003722717167,0.06,0.008294576541,,,TabICL_regression03/runs/distribution_baselines_context_ratio/distribution_baselines_rows200_bins10_ctx20pct_5fold_library_defaults.json,TabICL_regression03/runs/distribution_baselines_context_ratio/distribution_baselines_rows200_bins10_ctx20pct_5fold_library_defaults.json,
ex3-3_context_ratio,20%,conformal_quantile,energy_efficiency,0.8465496813,0.03636276998,0.1136702766,0.01663909306,0.08352531321,0.01292470359,0.042,0.009859006035,,,TabICL_regression03/runs/distribution_baselines_context_ratio/distribution_baselines_rows200_bins10_ctx20pct_5fold_library_defaults.json,TabICL_regression03/runs/distribution_baselines_context_ratio/distribution_baselines_rows200_bins10_ctx20pct_5fold_library_defaults.json,
ex3-3_context_ratio,20%,conformal_quantile,grid_stability,-0.5346222811,0.2277308528,0.3244284331,0.01520010486,0.2715610882,0.01610390847,0.085,0.01095445115,,,TabICL_regression03/runs/distribution_baselines_context_ratio/distribution_baselines_rows200_bins10_ctx20pct_5fold_library_defaults.json,TabICL_regression03/runs/distribution_baselines_context_ratio/distribution_baselines_rows200_bins10_ctx20pct_5fold_library_defaults.json,
ex3-3_context_ratio,20%,conformal_quantile,kin8nm,-0.2556531718,0.1839077707,0.2717860898,0.02085983532,0.221203785,0.01921484991,0.026,0.007293833012,,,TabICL_regression03/runs/distribution_baselines_context_ratio/distribution_baselines_rows200_bins10_ctx20pct_5fold_library_defaults.json,TabICL_regression03/runs/distribution_baselines_context_ratio/distribution_baselines_rows200_bins10_ctx20pct_5fold_library_defaults.json,
ex3-3_context_ratio,20%,conformal_quantile,Moneyball,0.7211572223,0.05007609336,0.1187264837,0.01021598151,0.09489460675,0.008776705486,0.025,0.006841052551,,,TabICL_regression03/runs/distribution_baselines_context_ratio/distribution_baselines_rows200_bins10_ctx20pct_5fold_library_defaults.json,TabICL_regression03/runs/distribution_baselines_context_ratio/distribution_baselines_rows200_bins10_ctx20pct_5fold_library_defaults.json,
ex3-3_context_ratio,20%,conformal_quantile,pumadyn32nh,-0.26905763,0.04255039776,0.2400008411,0.005192574424,0.1838184153,0.005308351112,0.041,0.003033150178,,,TabICL_regression03/runs/distribution_baselines_context_ratio/distribution_baselines_rows200_bins10_ctx20pct_5fold_library_defaults.json,TabICL_regression03/runs/distribution_baselines_context_ratio/distribution_baselines_rows200_bins10_ctx20pct_5fold_library_defaults.json,
ex3-3_context_ratio,20%,conformal_quantile,QSAR_fish_toxicity,0.09143695683,0.1030931885,0.194041682,0.01108824139,0.1482152951,0.00800119547,0.024,0.007694153625,,,TabICL_regression03/runs/distribution_baselines_context_ratio/distribution_baselines_rows200_bins10_ctx20pct_5fold_library_defaults.json,TabICL_regression03/runs/distribution_baselines_context_ratio/distribution_baselines_rows200_bins10_ctx20pct_5fold_library_defaults.json,
ex3-3_context_ratio,20%,conformal_quantile,quake,-0.523821221,0.1460801746,0.3327665397,0.02829799728,0.2752317378,0.02487036743,0.055,0.005366563146,,,TabICL_regression03/runs/distribution_baselines_context_ratio/distribution_baselines_rows200_bins10_ctx20pct_5fold_library_defaults.json,TabICL_regression03/runs/distribution_baselines_context_ratio/distribution_baselines_rows200_bins10_ctx20pct_5fold_library_defaults.json,
ex3-3_context_ratio,20%,conformal_quantile,sensory,-0.5580883131,0.1630211993,0.3047254843,0.0205130641,0.254124904,0.01903888608,0.039,0.002966479395,,,TabICL_regression03/runs/distribution_baselines_context_ratio/distribution_baselines_rows200_bins10_ctx20pct_5fold_library_defaults.json,TabICL_regression03/runs/distribution_baselines_context_ratio/distribution_baselines_rows200_bins10_ctx20pct_5fold_library_defaults.json,
ex3-3_context_ratio,20%,conformal_quantile,socmob,-0.2783933215,0.3243780431,0.2038593421,0.03885674251,0.09542599925,0.02562991317,0.044,0.007924645102,,,TabICL_regression03/runs/distribution_baselines_context_ratio/distribution_baselines_rows200_bins10_ctx20pct_5fold_library_defaults.json,TabICL_regression03/runs/distribution_baselines_context_ratio/distribution_baselines_rows200_bins10_ctx20pct_5fold_library_defaults.json,
ex3-3_context_ratio,20%,conformal_quantile,space_ga,0.2884192535,0.07214482151,0.198986992,0.01414511615,0.1493096563,0.01104273282,0.034,0.005403702434,,,TabICL_regression03/runs/distribution_baselines_context_ratio/distribution_baselines_rows200_bins10_ctx20pct_5fold_library_defaults.json,TabICL_regression03/runs/distribution_baselines_context_ratio/distribution_baselines_rows200_bins10_ctx20pct_5fold_library_defaults.json,
ex3-3_context_ratio,20%,conformal_quantile,student_performance,-0.3200122342,0.05410933142,0.229410356,0.01107763098,0.1781831611,0.01351959289,0.042,0.005366563146,,,TabICL_regression03/runs/distribution_baselines_context_ratio/distribution_baselines_rows200_bins10_ctx20pct_5fold_library_defaults.json,TabICL_regression03/runs/distribution_baselines_context_ratio/distribution_baselines_rows200_bins10_ctx20pct_5fold_library_defaults.json,
ex3-3_context_ratio,50%,Diffusion_DDPM500_repeats100,abalone,0.4253571904,0.04355475184,0.1841536297,0.01079486388,0.1346952271,0.006722588997,0.015,0.004147288271,2.660904556,0.1534796177,TabICL_regression03/runs/6M/context_ratio_ddpm500_repeats100/step-120000_ddpm500_rows200_repeats100_ctx50pct_5fold.json,TabICL_regression03/runs/6M/context_ratio_ddpm500_repeats100/step-120000_ddpm500_rows200_repeats100_ctx50pct_5fold_bins10-uncertainty.json,
ex3-3_context_ratio,50%,Diffusion_DDPM500_repeats100,airfoil_self_noise,0.568764075,0.06657147189,0.1485268638,0.01048183781,0.1124429553,0.008196286237,0.016,0.00228035085,2.509800785,0.08279472475,TabICL_regression03/runs/6M/context_ratio_ddpm500_repeats100/step-120000_ddpm500_rows200_repeats100_ctx50pct_5fold.json,TabICL_regression03/runs/6M/context_ratio_ddpm500_repeats100/step-120000_ddpm500_rows200_repeats100_ctx50pct_5fold_bins10-uncertainty.json,
ex3-3_context_ratio,50%,Diffusion_DDPM500_repeats100,auction_verification,0.8702601448,0.01692666883,0.1080150632,0.007735434432,0.06530109404,0.003402550743,0.02,0.002607680962,1.365045585,0.1100781851,TabICL_regression03/runs/6M/context_ratio_ddpm500_repeats100/step-120000_ddpm500_rows200_repeats100_ctx50pct_5fold.json,TabICL_regression03/runs/6M/context_ratio_ddpm500_repeats100/step-120000_ddpm500_rows200_repeats100_ctx50pct_5fold_bins10-uncertainty.json,
ex3-3_context_ratio,50%,Diffusion_DDPM500_repeats100,boston,0.815625808,0.02397148331,0.09990515745,0.00826481978,0.06845019029,0.002810369326,0.021,0.00438178046,1.473866378,0.09142835315,TabICL_regression03/runs/6M/context_ratio_ddpm500_repeats100/step-120000_ddpm500_rows200_repeats100_ctx50pct_5fold.json,TabICL_regression03/runs/6M/context_ratio_ddpm500_repeats100/step-120000_ddpm500_rows200_repeats100_ctx50pct_5fold_bins10-uncertainty.json,
ex3-3_context_ratio,50%,Diffusion_DDPM500_repeats100,cars,0.8860580292,0.02693052405,0.07766951543,0.01049147979,0.04871392214,0.005791581351,0.024,0.000894427191,0.9838080379,0.0870935306,TabICL_regression03/runs/6M/context_ratio_ddpm500_repeats100/step-120000_ddpm500_rows200_repeats100_ctx50pct_5fold.json,TabICL_regression03/runs/6M/context_ratio_ddpm500_repeats100/step-120000_ddpm500_rows200_repeats100_ctx50pct_5fold_bins10-uncertainty.json,
ex3-3_context_ratio,50%,Diffusion_DDPM500_repeats100,concrete_compressive_strength,0.7291726156,0.04318770283,0.1292014995,0.01254224436,0.09690733559,0.008905257792,0.02,0.002449489743,2.197858053,0.1570903771,TabICL_regression03/runs/6M/context_ratio_ddpm500_repeats100/step-120000_ddpm500_rows200_repeats100_ctx50pct_5fold.json,TabICL_regression03/runs/6M/context_ratio_ddpm500_repeats100/step-120000_ddpm500_rows200_repeats100_ctx50pct_5fold_bins10-uncertainty.json,
ex3-3_context_ratio,50%,Diffusion_DDPM500_repeats100,cpu_activity,0.8620525925,0.05124211457,0.06751959294,0.01353361692,0.03200557787,0.004230026694,0.023,0.00657267069,0.8528795753,0.1024420105,TabICL_regression03/runs/6M/context_ratio_ddpm500_repeats100/step-120000_ddpm500_rows200_repeats100_ctx50pct_5fold.json,TabICL_regression03/runs/6M/context_ratio_ddpm500_repeats100/step-120000_ddpm500_rows200_repeats100_ctx50pct_5fold_bins10-uncertainty.json,
ex3-3_context_ratio,50%,Diffusion_DDPM500_repeats100,energy_efficiency,0.9679313635,0.005826286937,0.05452808243,0.006472840597,0.03478882054,0.004128328539,0.029,0.005176871642,0.4458528177,0.05947895964,TabICL_regression03/runs/6M/context_ratio_ddpm500_repeats100/step-120000_ddpm500_rows200_repeats100_ctx50pct_5fold.json,TabICL_regression03/runs/6M/context_ratio_ddpm500_repeats100/step-120000_ddpm500_rows200_repeats100_ctx50pct_5fold_bins10-uncertainty.json,
ex3-3_context_ratio,50%,Diffusion_DDPM500_repeats100,grid_stability,0.6215718831,0.0542996093,0.1605558145,0.009338560933,0.1306265966,0.006924535438,0.027,0.005176871642,2.74271907,0.07689284823,TabICL_regression03/runs/6M/context_ratio_ddpm500_repeats100/step-120000_ddpm500_rows200_repeats100_ctx50pct_5fold.json,TabICL_regression03/runs/6M/context_ratio_ddpm500_repeats100/step-120000_ddpm500_rows200_repeats100_ctx50pct_5fold_bins10-uncertainty.json,
ex3-3_context_ratio,50%,Diffusion_DDPM500_repeats100,kin8nm,0.2725296869,0.03750549818,0.2091477026,0.007318338426,0.1668529541,0.008126812621,0.028,0.001673320053,3.493345925,0.2075606943,TabICL_regression03/runs/6M/context_ratio_ddpm500_repeats100/step-120000_ddpm500_rows200_repeats100_ctx50pct_5fold.json,TabICL_regression03/runs/6M/context_ratio_ddpm500_repeats100/step-120000_ddpm500_rows200_repeats100_ctx50pct_5fold_bins10-uncertainty.json,
ex3-3_context_ratio,50%,Diffusion_DDPM500_repeats100,Moneyball,0.9214499893,0.01098096545,0.06360625201,0.004770592548,0.05209863684,0.004674068347,0.022,0.005176871642,1.182758782,0.08273627002,TabICL_regression03/runs/6M/context_ratio_ddpm500_repeats100/step-120000_ddpm500_rows200_repeats100_ctx50pct_5fold.json,TabICL_regression03/runs/6M/context_ratio_ddpm500_repeats100/step-120000_ddpm500_rows200_repeats100_ctx50pct_5fold_bins10-uncertainty.json,
ex3-3_context_ratio,50%,Diffusion_DDPM500_repeats100,pumadyn32nh,-0.00455228343,0.0450613913,0.2139740352,0.00875375626,0.1747157857,0.007234302886,0.024,0.004147288271,4.058570889,0.2917963836,TabICL_regression03/runs/6M/context_ratio_ddpm500_repeats100/step-120000_ddpm500_rows200_repeats100_ctx50pct_5fold.json,TabICL_regression03/runs/6M/context_ratio_ddpm500_repeats100/step-120000_ddpm500_rows200_repeats100_ctx50pct_5fold_bins10-uncertainty.json,
ex3-3_context_ratio,50%,Diffusion_DDPM500_repeats100,QSAR_fish_toxicity,0.4713238318,0.07201311419,0.14754999,0.008651421122,0.1077855579,0.004220680888,0.019,0.001673320053,2.564143176,0.1975634469,TabICL_regression03/runs/6M/context_ratio_ddpm500_repeats100/step-120000_ddpm500_rows200_repeats100_ctx50pct_5fold.json,TabICL_regression03/runs/6M/context_ratio_ddpm500_repeats100/step-120000_ddpm500_rows200_repeats100_ctx50pct_5fold_bins10-uncertainty.json,
ex3-3_context_ratio,50%,Diffusion_DDPM500_repeats100,quake,-0.1661444453,0.03657853639,0.2899652112,0.01145890334,0.2346417538,0.01340584627,0.018,0.003633180425,2.911628115,0.3320003897,TabICL_regression03/runs/6M/context_ratio_ddpm500_repeats100/step-120000_ddpm500_rows200_repeats100_ctx50pct_5fold.json,TabICL_regression03/runs/6M/context_ratio_ddpm500_repeats100/step-120000_ddpm500_rows200_repeats100_ctx50pct_5fold_bins10-uncertainty.json,
ex3-3_context_ratio,50%,Diffusion_DDPM500_repeats100,sensory,-0.007591838697,0.06213231848,0.2468934913,0.01507774458,0.1948002186,0.01378351376,0.023,0.00438178046,3.929607912,0.2802973514,TabICL_regression03/runs/6M/context_ratio_ddpm500_repeats100/step-120000_ddpm500_rows200_repeats100_ctx50pct_5fold.json,TabICL_regression03/runs/6M/context_ratio_ddpm500_repeats100/step-120000_ddpm500_rows200_repeats100_ctx50pct_5fold_bins10-uncertainty.json,
ex3-3_context_ratio,50%,Diffusion_DDPM500_repeats100,socmob,0.562599879,0.1401193419,0.1133500528,0.02063465331,0.04316576272,0.01068427287,0.038,0.004147288271,0.5202108467,0.1672150088,TabICL_regression03/runs/6M/context_ratio_ddpm500_repeats100/step-120000_ddpm500_rows200_repeats100_ctx50pct_5fold.json,TabICL_regression03/runs/6M/context_ratio_ddpm500_repeats100/step-120000_ddpm500_rows200_repeats100_ctx50pct_5fold_bins10-uncertainty.json,
ex3-3_context_ratio,50%,Diffusion_DDPM500_repeats100,space_ga,0.5035730367,0.04293373964,0.1670160549,0.01263507768,0.1304002379,0.01413485374,0.013,0.006418722614,2.361785954,0.1857298177,TabICL_regression03/runs/6M/context_ratio_ddpm500_repeats100/step-120000_ddpm500_rows200_repeats100_ctx50pct_5fold.json,TabICL_regression03/runs/6M/context_ratio_ddpm500_repeats100/step-120000_ddpm500_rows200_repeats100_ctx50pct_5fold_bins10-uncertainty.json,
ex3-3_context_ratio,50%,Diffusion_DDPM500_repeats100,student_performance,-0.03456127446,0.05968034512,0.2042179502,0.01482467894,0.1487914253,0.01482798011,0.021,0.003577708764,3.770273008,0.4146409858,TabICL_regression03/runs/6M/context_ratio_ddpm500_repeats100/step-120000_ddpm500_rows200_repeats100_ctx50pct_5fold.json,TabICL_regression03/runs/6M/context_ratio_ddpm500_repeats100/step-120000_ddpm500_rows200_repeats100_ctx50pct_5fold_bins10-uncertainty.json,
ex3-3_context_ratio,50%,nanoTabPFN,abalone,0.3454116084,0.0631281194,0.1946543372,0.004309171643,0.1451745016,0.00283478844,0.034,0.004098780306,1.743721993,0.07302888503,nanoTabPFN_version10_original02/6M/context_ratio/model_step_0120000_rows200_bins10_ctx50pct_5fold_eval.json,nanoTabPFN_version10_original02/6M/context_ratio/model_step_0120000_rows200_bins10_ctx50pct_5fold_eval.json,
ex3-3_context_ratio,50%,nanoTabPFN,airfoil_self_noise,0.6764420215,0.0523851576,0.1300726619,0.0108035671,0.1010740213,0.008784378239,0.035,0.004335896678,1.65302722,0.1388208692,nanoTabPFN_version10_original02/6M/context_ratio/model_step_0120000_rows200_bins10_ctx50pct_5fold_eval.json,nanoTabPFN_version10_original02/6M/context_ratio/model_step_0120000_rows200_bins10_ctx50pct_5fold_eval.json,
ex3-3_context_ratio,50%,nanoTabPFN,auction_verification,0.8312108251,0.01936018869,0.1234235221,0.006556862237,0.05800441623,0.004653512657,0.026,0.005291502622,0.4506917395,0.03918944394,nanoTabPFN_version10_original02/6M/context_ratio/model_step_0120000_rows200_bins10_ctx50pct_5fold_eval.json,nanoTabPFN_version10_original02/6M/context_ratio/model_step_0120000_rows200_bins10_ctx50pct_5fold_eval.json,
ex3-3_context_ratio,50%,nanoTabPFN,boston,0.7985184568,0.03598964064,0.1030034216,0.008673335348,0.07322818526,0.005990793727,0.035,0.004147288271,0.9092700595,0.08494976628,nanoTabPFN_version10_original02/6M/context_ratio/model_step_0120000_rows200_bins10_ctx50pct_5fold_eval.json,nanoTabPFN_version10_original02/6M/context_ratio/model_step_0120000_rows200_bins10_ctx50pct_5fold_eval.json,
ex3-3_context_ratio,50%,nanoTabPFN,cars,0.8931666029,0.01682498445,0.07605648049,0.004907731928,0.05112929895,0.004098004379,0.03,0.006260990337,0.7004733808,0.02694824502,nanoTabPFN_version10_original02/6M/context_ratio/model_step_0120000_rows200_bins10_ctx50pct_5fold_eval.json,nanoTabPFN_version10_original02/6M/context_ratio/model_step_0120000_rows200_bins10_ctx50pct_5fold_eval.json,
ex3-3_context_ratio,50%,nanoTabPFN,concrete_compressive_strength,0.7795047017,0.02451838663,0.1160775757,0.002462514473,0.08778506842,0.002987950744,0.028,0.005403702434,1.298693819,0.06509167584,nanoTabPFN_version10_original02/6M/context_ratio/model_step_0120000_rows200_bins10_ctx50pct_5fold_eval.json,nanoTabPFN_version10_original02/6M/context_ratio/model_step_0120000_rows200_bins10_ctx50pct_5fold_eval.json,
ex3-3_context_ratio,50%,nanoTabPFN,cpu_activity,0.7938223029,0.04368241754,0.08379833198,0.007921754273,0.03579741165,0.00175296744,0.04,0.007127411872,0.5275089111,0.07593728582,nanoTabPFN_version10_original02/6M/context_ratio/model_step_0120000_rows200_bins10_ctx50pct_5fold_eval.json,nanoTabPFN_version10_original02/6M/context_ratio/model_step_0120000_rows200_bins10_ctx50pct_5fold_eval.json,
ex3-3_context_ratio,50%,nanoTabPFN,energy_efficiency,0.9860881618,0.004866373059,0.03495692286,0.006453887191,0.02293346834,0.002544721823,0.041,0.008438009244,0.2275186227,0.02305057216,nanoTabPFN_version10_original02/6M/context_ratio/model_step_0120000_rows200_bins10_ctx50pct_5fold_eval.json,nanoTabPFN_version10_original02/6M/context_ratio/model_step_0120000_rows200_bins10_ctx50pct_5fold_eval.json,
ex3-3_context_ratio,50%,nanoTabPFN,grid_stability,0.7470539886,0.02273849415,0.1334838569,0.00623941426,0.1058576016,0.00532268802,0.022,0.003633180425,1.515649573,0.0372912705,nanoTabPFN_version10_original02/6M/context_ratio/model_step_0120000_rows200_bins10_ctx50pct_5fold_eval.json,nanoTabPFN_version10_original02/6M/context_ratio/model_step_0120000_rows200_bins10_ctx50pct_5fold_eval.json,
ex3-3_context_ratio,50%,nanoTabPFN,kin8nm,0.4131857963,0.03938773535,0.1882991399,0.01031455335,0.1504434501,0.008590708872,0.022,0.002683281573,2.451179621,0.08140843633,nanoTabPFN_version10_original02/6M/context_ratio/model_step_0120000_rows200_bins10_ctx50pct_5fold_eval.json,nanoTabPFN_version10_original02/6M/context_ratio/model_step_0120000_rows200_bins10_ctx50pct_5fold_eval.json,
ex3-3_context_ratio,50%,nanoTabPFN,Moneyball,0.9249474574,0.009681221109,0.06177169712,0.003406146681,0.04875971627,0.002942576931,0.028,0.004898979486,0.67343876,0.07096616321,nanoTabPFN_version10_original02/6M/context_ratio/model_step_0120000_rows200_bins10_ctx50pct_5fold_eval.json,nanoTabPFN_version10_original02/6M/context_ratio/model_step_0120000_rows200_bins10_ctx50pct_5fold_eval.json,
ex3-3_context_ratio,50%,nanoTabPFN,pumadyn32nh,-0.1759933213,0.08448407726,0.2316698944,0.01417624263,0.1844086283,0.01090246396,0.04,0.007071067812,2.509204481,0.2656346866,nanoTabPFN_version10_original02/6M/context_ratio/model_step_0120000_rows200_bins10_ctx50pct_5fold_eval.json,nanoTabPFN_version10_original02/6M/context_ratio/model_step_0120000_rows200_bins10_ctx50pct_5fold_eval.json,
ex3-3_context_ratio,50%,nanoTabPFN,QSAR_fish_toxicity,0.4233163143,0.07552991124,0.1545140158,0.01032454792,0.11291512,0.007178103267,0.027,0.007429670248,1.950940285,0.1703275662,nanoTabPFN_version10_original02/6M/context_ratio/model_step_0120000_rows200_bins10_ctx50pct_5fold_eval.json,nanoTabPFN_version10_original02/6M/context_ratio/model_step_0120000_rows200_bins10_ctx50pct_5fold_eval.json,
ex3-3_context_ratio,50%,nanoTabPFN,quake,-0.2904624921,0.1306553814,0.3029121494,0.01767850023,0.2491066265,0.01355196365,0.039,0.005403702434,2.702841859,0.2802785321,nanoTabPFN_version10_original02/6M/context_ratio/model_step_0120000_rows200_bins10_ctx50pct_5fold_eval.json,nanoTabPFN_version10_original02/6M/context_ratio/model_step_0120000_rows200_bins10_ctx50pct_5fold_eval.json,
ex3-3_context_ratio,50%,nanoTabPFN,sensory,0.003963308448,0.04581040793,0.2454779153,0.01326230613,0.192790969,0.01026661487,0.025,0.008876936408,3.165290224,0.2949511217,nanoTabPFN_version10_original02/6M/context_ratio/model_step_0120000_rows200_bins10_ctx50pct_5fold_eval.json,nanoTabPFN_version10_original02/6M/context_ratio/model_step_0120000_rows200_bins10_ctx50pct_5fold_eval.json,
ex3-3_context_ratio,50%,nanoTabPFN,socmob,0.2946741724,0.0706621783,0.1525665788,0.01421274427,0.05156516519,0.01045068944,0.03,0.002966479395,0.5544773531,0.08676124217,nanoTabPFN_version10_original02/6M/context_ratio/model_step_0120000_rows200_bins10_ctx50pct_5fold_eval.json,nanoTabPFN_version10_original02/6M/context_ratio/model_step_0120000_rows200_bins10_ctx50pct_5fold_eval.json,
ex3-3_context_ratio,50%,nanoTabPFN,space_ga,0.4417595242,0.01998377973,0.1793105655,0.01443619403,0.1342419125,0.0130754674,0.037,0.004147288271,1.773463596,0.1584406207,nanoTabPFN_version10_original02/6M/context_ratio/model_step_0120000_rows200_bins10_ctx50pct_5fold_eval.json,nanoTabPFN_version10_original02/6M/context_ratio/model_step_0120000_rows200_bins10_ctx50pct_5fold_eval.json,
ex3-3_context_ratio,50%,nanoTabPFN,student_performance,-0.09321950038,0.1190190903,0.2085115449,0.01764857528,0.1519603009,0.01828358769,0.035,0.004335896678,2.273843453,0.2151442747,nanoTabPFN_version10_original02/6M/context_ratio/model_step_0120000_rows200_bins10_ctx50pct_5fold_eval.json,nanoTabPFN_version10_original02/6M/context_ratio/model_step_0120000_rows200_bins10_ctx50pct_5fold_eval.json,
ex3-3_context_ratio,50%,ngboost,abalone,0.2497575233,0.04728568706,0.2101916864,0.009215447,0.1572760816,0.008155370961,0.102,0.007429670248,,,TabICL_regression03/runs/distribution_baselines_context_ratio/distribution_baselines_rows200_bins10_ctx50pct_5fold_library_defaults.json,TabICL_regression03/runs/distribution_baselines_context_ratio/distribution_baselines_rows200_bins10_ctx50pct_5fold_library_defaults.json,
ex3-3_context_ratio,50%,ngboost,airfoil_self_noise,0.5257821288,0.06447833669,0.1566913313,0.01059096754,0.1224640977,0.008641469671,0.099,0.007348469228,,,TabICL_regression03/runs/distribution_baselines_context_ratio/distribution_baselines_rows200_bins10_ctx50pct_5fold_library_defaults.json,TabICL_regression03/runs/distribution_baselines_context_ratio/distribution_baselines_rows200_bins10_ctx50pct_5fold_library_defaults.json,
ex3-3_context_ratio,50%,ngboost,auction_verification,0.8726401652,0.01772524808,0.106028656,0.008234287282,0.06127430308,0.004357870371,0.048,0.004774934555,,,TabICL_regression03/runs/distribution_baselines_context_ratio/distribution_baselines_rows200_bins10_ctx50pct_5fold_library_defaults.json,TabICL_regression03/runs/distribution_baselines_context_ratio/distribution_baselines_rows200_bins10_ctx50pct_5fold_library_defaults.json,
ex3-3_context_ratio,50%,ngboost,boston,0.8220057881,0.02474645021,0.09816783753,0.008835449084,0.07014397715,0.005045770112,0.125,0.00316227766,,,TabICL_regression03/runs/distribution_baselines_context_ratio/distribution_baselines_rows200_bins10_ctx50pct_5fold_library_defaults.json,TabICL_regression03/runs/distribution_baselines_context_ratio/distribution_baselines_rows200_bins10_ctx50pct_5fold_library_defaults.json,
ex3-3_context_ratio,50%,ngboost,cars,0.8537707776,0.03130169526,0.08915808721,0.01205105253,0.05884624218,0.006077975997,0.092,0.005761944116,,,TabICL_regression03/runs/distribution_baselines_context_ratio/distribution_baselines_rows200_bins10_ctx50pct_5fold_library_defaults.json,TabICL_regression03/runs/distribution_baselines_context_ratio/distribution_baselines_rows200_bins10_ctx50pct_5fold_library_defaults.json,
ex3-3_context_ratio,50%,ngboost,concrete_compressive_strength,0.6247531684,0.08416548417,0.1479411753,0.01644864805,0.1141696016,0.01214601957,0.117,0.008318653737,,,TabICL_regression03/runs/distribution_baselines_context_ratio/distribution_baselines_rows200_bins10_ctx50pct_5fold_library_defaults.json,TabICL_regression03/runs/distribution_baselines_context_ratio/distribution_baselines_rows200_bins10_ctx50pct_5fold_library_defaults.json,
ex3-3_context_ratio,50%,ngboost,cpu_activity,0.9646054379,0.01018968752,0.03413274886,0.003007388297,0.02348736027,0.001443834165,0.126,0.003346640106,,,TabICL_regression03/runs/distribution_baselines_context_ratio/distribution_baselines_rows200_bins10_ctx50pct_5fold_library_defaults.json,TabICL_regression03/runs/distribution_baselines_context_ratio/distribution_baselines_rows200_bins10_ctx50pct_5fold_library_defaults.json,
ex3-3_context_ratio,50%,ngboost,energy_efficiency,0.9849855209,0.002766377497,0.03719441079,0.004396999891,0.02484392387,0.002582561939,0.067,0.004774934555,,,TabICL_regression03/runs/distribution_baselines_context_ratio/distribution_baselines_rows200_bins10_ctx50pct_5fold_library_defaults.json,TabICL_regression03/runs/distribution_baselines_context_ratio/distribution_baselines_rows200_bins10_ctx50pct_5fold_library_defaults.json,
ex3-3_context_ratio,50%,ngboost,grid_stability,0.5592787989,0.05222910797,0.1741878819,0.007244058995,0.1401832089,0.00588385026,0.138,0.005585696018,,,TabICL_regression03/runs/distribution_baselines_context_ratio/distribution_baselines_rows200_bins10_ctx50pct_5fold_library_defaults.json,TabICL_regression03/runs/distribution_baselines_context_ratio/distribution_baselines_rows200_bins10_ctx50pct_5fold_library_defaults.json,
ex3-3_context_ratio,50%,ngboost,kin8nm,0.263712404,0.03998980436,0.2107517828,0.009606592177,0.1649516378,0.007556750616,0.112,0.003033150178,,,TabICL_regression03/runs/distribution_baselines_context_ratio/distribution_baselines_rows200_bins10_ctx50pct_5fold_library_defaults.json,TabICL_regression03/runs/distribution_baselines_context_ratio/distribution_baselines_rows200_bins10_ctx50pct_5fold_library_defaults.json,
ex3-3_context_ratio,50%,ngboost,Moneyball,0.8942880874,0.01278809396,0.07337701524,0.003551382246,0.0566271505,0.004579372843,0.12,0.008,,,TabICL_regression03/runs/distribution_baselines_context_ratio/distribution_baselines_rows200_bins10_ctx50pct_5fold_library_defaults.json,TabICL_regression03/runs/distribution_baselines_context_ratio/distribution_baselines_rows200_bins10_ctx50pct_5fold_library_defaults.json,
ex3-3_context_ratio,50%,ngboost,pumadyn32nh,-0.09646902996,0.02542303821,0.2237694412,0.008320764713,0.1830731324,0.006137403137,0.121,0.001673320053,,,TabICL_regression03/runs/distribution_baselines_context_ratio/distribution_baselines_rows200_bins10_ctx50pct_5fold_library_defaults.json,TabICL_regression03/runs/distribution_baselines_context_ratio/distribution_baselines_rows200_bins10_ctx50pct_5fold_library_defaults.json,
ex3-3_context_ratio,50%,ngboost,QSAR_fish_toxicity,0.4528383897,0.05038540521,0.1503062186,0.00269337879,0.1111375813,0.002664507712,0.094,0.007924645102,,,TabICL_regression03/runs/distribution_baselines_context_ratio/distribution_baselines_rows200_bins10_ctx50pct_5fold_library_defaults.json,TabICL_regression03/runs/distribution_baselines_context_ratio/distribution_baselines_rows200_bins10_ctx50pct_5fold_library_defaults.json,
ex3-3_context_ratio,50%,ngboost,quake,-0.3546600356,0.09263081007,0.3112622454,0.01276825413,0.2475860453,0.01602342362,0.101,0.005727128425,,,TabICL_regression03/runs/distribution_baselines_context_ratio/distribution_baselines_rows200_bins10_ctx50pct_5fold_library_defaults.json,TabICL_regression03/runs/distribution_baselines_context_ratio/distribution_baselines_rows200_bins10_ctx50pct_5fold_library_defaults.json,
ex3-3_context_ratio,50%,ngboost,sensory,-0.1216867128,0.08171182334,0.2607302826,0.01816219614,0.209095642,0.01353435274,0.082,0.007293833012,,,TabICL_regression03/runs/distribution_baselines_context_ratio/distribution_baselines_rows200_bins10_ctx50pct_5fold_library_defaults.json,TabICL_regression03/runs/distribution_baselines_context_ratio/distribution_baselines_rows200_bins10_ctx50pct_5fold_library_defaults.json,
ex3-3_context_ratio,50%,ngboost,socmob,0.5505443526,0.1219338402,0.1183301649,0.02473223764,0.04519873953,0.01243422949,0.085,0.007402702209,,,TabICL_regression03/runs/distribution_baselines_context_ratio/distribution_baselines_rows200_bins10_ctx50pct_5fold_library_defaults.json,TabICL_regression03/runs/distribution_baselines_context_ratio/distribution_baselines_rows200_bins10_ctx50pct_5fold_library_defaults.json,
ex3-3_context_ratio,50%,ngboost,space_ga,0.3682142462,0.058968495,0.1891832438,0.01714782659,0.1481517969,0.01573951392,0.118,0.003633180425,,,TabICL_regression03/runs/distribution_baselines_context_ratio/distribution_baselines_rows200_bins10_ctx50pct_5fold_library_defaults.json,TabICL_regression03/runs/distribution_baselines_context_ratio/distribution_baselines_rows200_bins10_ctx50pct_5fold_library_defaults.json,
ex3-3_context_ratio,50%,ngboost,student_performance,-0.1541920217,0.153874698,0.215590969,0.0237952666,0.1574030404,0.01936189605,0.098,0.00593295879,,,TabICL_regression03/runs/distribution_baselines_context_ratio/distribution_baselines_rows200_bins10_ctx50pct_5fold_library_defaults.json,TabICL_regression03/runs/distribution_baselines_context_ratio/distribution_baselines_rows200_bins10_ctx50pct_5fold_library_defaults.json,
ex3-3_context_ratio,50%,catboost,abalone,0.3126571306,0.03798028255,0.2013767879,0.008414190212,0.1475265172,0.006806298081,0.108,0.008318653737,,,TabICL_regression03/runs/distribution_baselines_context_ratio/distribution_baselines_rows200_bins10_ctx50pct_5fold_library_defaults.json,TabICL_regression03/runs/distribution_baselines_context_ratio/distribution_baselines_rows200_bins10_ctx50pct_5fold_library_defaults.json,
ex3-3_context_ratio,50%,catboost,airfoil_self_noise,0.5511391004,0.06138634467,0.1519431109,0.00839132406,0.1167993963,0.007916036171,0.118,0.0045607017,,,TabICL_regression03/runs/distribution_baselines_context_ratio/distribution_baselines_rows200_bins10_ctx50pct_5fold_library_defaults.json,TabICL_regression03/runs/distribution_baselines_context_ratio/distribution_baselines_rows200_bins10_ctx50pct_5fold_library_defaults.json,
ex3-3_context_ratio,50%,catboost,auction_verification,0.8354241707,0.0294780099,0.1198472345,0.01078037341,0.0719653992,0.005789443538,0.122,0.004604345773,,,TabICL_regression03/runs/distribution_baselines_context_ratio/distribution_baselines_rows200_bins10_ctx50pct_5fold_library_defaults.json,TabICL_regression03/runs/distribution_baselines_context_ratio/distribution_baselines_rows200_bins10_ctx50pct_5fold_library_defaults.json,
ex3-3_context_ratio,50%,catboost,boston,0.7663923335,0.03150042666,0.1128689892,0.009994870393,0.07716316621,0.003805890368,0.118,0.0045607017,,,TabICL_regression03/runs/distribution_baselines_context_ratio/distribution_baselines_rows200_bins10_ctx50pct_5fold_library_defaults.json,TabICL_regression03/runs/distribution_baselines_context_ratio/distribution_baselines_rows200_bins10_ctx50pct_5fold_library_defaults.json,
ex3-3_context_ratio,50%,catboost,cars,0.8283983928,0.04941868395,0.09250959935,0.009936165089,0.05747242292,0.004797368315,0.111,0.006870225615,,,TabICL_regression03/runs/distribution_baselines_context_ratio/distribution_baselines_rows200_bins10_ctx50pct_5fold_library_defaults.json,TabICL_regression03/runs/distribution_baselines_context_ratio/distribution_baselines_rows200_bins10_ctx50pct_5fold_library_defaults.json,
ex3-3_context_ratio,50%,catboost,concrete_compressive_strength,0.6438729051,0.06030029917,0.1473879532,0.01560669323,0.1114845526,0.0133999331,0.116,0.006387487769,,,TabICL_regression03/runs/distribution_baselines_context_ratio/distribution_baselines_rows200_bins10_ctx50pct_5fold_library_defaults.json,TabICL_regression03/runs/distribution_baselines_context_ratio/distribution_baselines_rows200_bins10_ctx50pct_5fold_library_defaults.json,
ex3-3_context_ratio,50%,catboost,cpu_activity,0.4757744576,0.07528822156,0.1450207404,0.01818063671,0.05978647418,0.005582618995,0.122,0.004604345773,,,TabICL_regression03/runs/distribution_baselines_context_ratio/distribution_baselines_rows200_bins10_ctx50pct_5fold_library_defaults.json,TabICL_regression03/runs/distribution_baselines_context_ratio/distribution_baselines_rows200_bins10_ctx50pct_5fold_library_defaults.json,
ex3-3_context_ratio,50%,catboost,energy_efficiency,0.968770058,0.008901466598,0.0521608871,0.00756310096,0.03480504739,0.004272360783,0.121,0.005585696018,,,TabICL_regression03/runs/distribution_baselines_context_ratio/distribution_baselines_rows200_bins10_ctx50pct_5fold_library_defaults.json,TabICL_regression03/runs/distribution_baselines_context_ratio/distribution_baselines_rows200_bins10_ctx50pct_5fold_library_defaults.json,
ex3-3_context_ratio,50%,catboost,grid_stability,0.5127090731,0.05196992665,0.1837031562,0.005973461306,0.1523420806,0.004405420722,0.141,0.003577708764,,,TabICL_regression03/runs/distribution_baselines_context_ratio/distribution_baselines_rows200_bins10_ctx50pct_5fold_library_defaults.json,TabICL_regression03/runs/distribution_baselines_context_ratio/distribution_baselines_rows200_bins10_ctx50pct_5fold_library_defaults.json,
ex3-3_context_ratio,50%,catboost,kin8nm,0.3105396709,0.0249474656,0.2041370513,0.008157417836,0.1640981904,0.007972479863,0.144,0.004774934555,,,TabICL_regression03/runs/distribution_baselines_context_ratio/distribution_baselines_rows200_bins10_ctx50pct_5fold_library_defaults.json,TabICL_regression03/runs/distribution_baselines_context_ratio/distribution_baselines_rows200_bins10_ctx50pct_5fold_library_defaults.json,
ex3-3_context_ratio,50%,catboost,Moneyball,0.8824790352,0.01113357001,0.07803767728,0.00414457523,0.06154002833,0.004441733214,0.121,0.006693280212,,,TabICL_regression03/runs/distribution_baselines_context_ratio/distribution_baselines_rows200_bins10_ctx50pct_5fold_library_defaults.json,TabICL_regression03/runs/distribution_baselines_context_ratio/distribution_baselines_rows200_bins10_ctx50pct_5fold_library_defaults.json,
ex3-3_context_ratio,50%,catboost,pumadyn32nh,-0.0233299399,0.03458882614,0.2159614817,0.00770946307,0.1726791249,0.006093560972,0.133,0.00438178046,,,TabICL_regression03/runs/distribution_baselines_context_ratio/distribution_baselines_rows200_bins10_ctx50pct_5fold_library_defaults.json,TabICL_regression03/runs/distribution_baselines_context_ratio/distribution_baselines_rows200_bins10_ctx50pct_5fold_library_defaults.json,
ex3-3_context_ratio,50%,catboost,QSAR_fish_toxicity,0.4444941744,0.03256370013,0.153213601,0.008112697442,0.1100143221,0.005596423814,0.125,0.006164414003,,,TabICL_regression03/runs/distribution_baselines_context_ratio/distribution_baselines_rows200_bins10_ctx50pct_5fold_library_defaults.json,TabICL_regression03/runs/distribution_baselines_context_ratio/distribution_baselines_rows200_bins10_ctx50pct_5fold_library_defaults.json,
ex3-3_context_ratio,50%,catboost,quake,-0.4559658603,0.1162621569,0.3225573296,0.01592873373,0.2577482538,0.01687877402,0.131,0.003847076812,,,TabICL_regression03/runs/distribution_baselines_context_ratio/distribution_baselines_rows200_bins10_ctx50pct_5fold_library_defaults.json,TabICL_regression03/runs/distribution_baselines_context_ratio/distribution_baselines_rows200_bins10_ctx50pct_5fold_library_defaults.json,
ex3-3_context_ratio,50%,catboost,sensory,-0.08133876409,0.06750464441,0.2557903806,0.01586093825,0.2039523425,0.01395277394,0.147,0.001788854382,,,TabICL_regression03/runs/distribution_baselines_context_ratio/distribution_baselines_rows200_bins10_ctx50pct_5fold_library_defaults.json,TabICL_regression03/runs/distribution_baselines_context_ratio/distribution_baselines_rows200_bins10_ctx50pct_5fold_library_defaults.json,
ex3-3_context_ratio,50%,catboost,socmob,0.5253946589,0.06488051856,0.1236673859,0.01018067246,0.04479697902,0.008520639398,0.126,0.004604345773,,,TabICL_regression03/runs/distribution_baselines_context_ratio/distribution_baselines_rows200_bins10_ctx50pct_5fold_library_defaults.json,TabICL_regression03/runs/distribution_baselines_context_ratio/distribution_baselines_rows200_bins10_ctx50pct_5fold_library_defaults.json,
ex3-3_context_ratio,50%,catboost,space_ga,0.370454386,0.026117581,0.189302037,0.01319709781,0.1442108198,0.01387195737,0.137,0.003633180425,,,TabICL_regression03/runs/distribution_baselines_context_ratio/distribution_baselines_rows200_bins10_ctx50pct_5fold_library_defaults.json,TabICL_regression03/runs/distribution_baselines_context_ratio/distribution_baselines_rows200_bins10_ctx50pct_5fold_library_defaults.json,
ex3-3_context_ratio,50%,catboost,student_performance,-0.03124790216,0.06542414128,0.2036653209,0.0148567417,0.1461202894,0.01475334627,0.129,0.004774934555,,,TabICL_regression03/runs/distribution_baselines_context_ratio/distribution_baselines_rows200_bins10_ctx50pct_5fold_library_defaults.json,TabICL_regression03/runs/distribution_baselines_context_ratio/distribution_baselines_rows200_bins10_ctx50pct_5fold_library_defaults.json,
ex3-3_context_ratio,50%,xgboost,abalone,0.2194613855,0.08993763762,0.2142935082,0.01626420888,0.1705715072,0.01396490206,0.075,0.007536577473,,,TabICL_regression03/runs/distribution_baselines_context_ratio/distribution_baselines_rows200_bins10_ctx50pct_5fold_library_defaults.json,TabICL_regression03/runs/distribution_baselines_context_ratio/distribution_baselines_rows200_bins10_ctx50pct_5fold_library_defaults.json,
ex3-3_context_ratio,50%,xgboost,airfoil_self_noise,0.311725573,0.07440768317,0.1897471331,0.009980102527,0.144785032,0.009281767827,0.101,0.006870225615,,,TabICL_regression03/runs/distribution_baselines_context_ratio/distribution_baselines_rows200_bins10_ctx50pct_5fold_library_defaults.json,TabICL_regression03/runs/distribution_baselines_context_ratio/distribution_baselines_rows200_bins10_ctx50pct_5fold_library_defaults.json,
ex3-3_context_ratio,50%,xgboost,auction_verification,0.7185718631,0.03228226903,0.1593105191,0.008425280071,0.1109715048,0.00649859935,0.095,0.005176871642,,,TabICL_regression03/runs/distribution_baselines_context_ratio/distribution_baselines_rows200_bins10_ctx50pct_5fold_library_defaults.json,TabICL_regression03/runs/distribution_baselines_context_ratio/distribution_baselines_rows200_bins10_ctx50pct_5fold_library_defaults.json,
ex3-3_context_ratio,50%,xgboost,boston,0.7056088303,0.008278361228,0.1272609046,0.004482664515,0.09457485725,0.002789515786,0.079,0.001673320053,,,TabICL_regression03/runs/distribution_baselines_context_ratio/distribution_baselines_rows200_bins10_ctx50pct_5fold_library_defaults.json,TabICL_regression03/runs/distribution_baselines_context_ratio/distribution_baselines_rows200_bins10_ctx50pct_5fold_library_defaults.json,
ex3-3_context_ratio,50%,xgboost,cars,0.7745097699,0.03704756143,0.1102863193,0.007733398504,0.07775910497,0.00708747651,0.076,0.008197560613,,,TabICL_regression03/runs/distribution_baselines_context_ratio/distribution_baselines_rows200_bins10_ctx50pct_5fold_library_defaults.json,TabICL_regression03/runs/distribution_baselines_context_ratio/distribution_baselines_rows200_bins10_ctx50pct_5fold_library_defaults.json,
ex3-3_context_ratio,50%,xgboost,concrete_compressive_strength,0.4800982276,0.1264193436,0.1746596314,0.02353633784,0.1319243858,0.01591708503,0.068,0.004335896678,,,TabICL_regression03/runs/distribution_baselines_context_ratio/distribution_baselines_rows200_bins10_ctx50pct_5fold_library_defaults.json,TabICL_regression03/runs/distribution_baselines_context_ratio/distribution_baselines_rows200_bins10_ctx50pct_5fold_library_defaults.json,
ex3-3_context_ratio,50%,xgboost,cpu_activity,0.5277920622,0.1044159396,0.1348044097,0.02127957592,0.06504758048,0.006368999664,0.08,0.004472135955,,,TabICL_regression03/runs/distribution_baselines_context_ratio/distribution_baselines_rows200_bins10_ctx50pct_5fold_library_defaults.json,TabICL_regression03/runs/distribution_baselines_context_ratio/distribution_baselines_rows200_bins10_ctx50pct_5fold_library_defaults.json,
ex3-3_context_ratio,50%,xgboost,energy_efficiency,0.9265303546,0.01169929825,0.08300621077,0.006867035188,0.05986169802,0.004595502444,0.086,0.004472135955,,,TabICL_regression03/runs/distribution_baselines_context_ratio/distribution_baselines_rows200_bins10_ctx50pct_5fold_library_defaults.json,TabICL_regression03/runs/distribution_baselines_context_ratio/distribution_baselines_rows200_bins10_ctx50pct_5fold_library_defaults.json,
ex3-3_context_ratio,50%,xgboost,grid_stability,0.2758811578,0.0882705881,0.223290199,0.01048637169,0.1842974572,0.01038231841,0.086,0.006723094526,,,TabICL_regression03/runs/distribution_baselines_context_ratio/distribution_baselines_rows200_bins10_ctx50pct_5fold_library_defaults.json,TabICL_regression03/runs/distribution_baselines_context_ratio/distribution_baselines_rows200_bins10_ctx50pct_5fold_library_defaults.json,
ex3-3_context_ratio,50%,xgboost,kin8nm,0.08841937292,0.07050241981,0.2349694993,0.01531827238,0.1802374559,0.0126052038,0.083,0.006387487769,,,TabICL_regression03/runs/distribution_baselines_context_ratio/distribution_baselines_rows200_bins10_ctx50pct_5fold_library_defaults.json,TabICL_regression03/runs/distribution_baselines_context_ratio/distribution_baselines_rows200_bins10_ctx50pct_5fold_library_defaults.json,
ex3-3_context_ratio,50%,xgboost,Moneyball,0.8165062125,0.02675138159,0.09650032617,0.006237068432,0.07698206512,0.006217896442,0.081,0.004604345773,,,TabICL_regression03/runs/distribution_baselines_context_ratio/distribution_baselines_rows200_bins10_ctx50pct_5fold_library_defaults.json,TabICL_regression03/runs/distribution_baselines_context_ratio/distribution_baselines_rows200_bins10_ctx50pct_5fold_library_defaults.json,
ex3-3_context_ratio,50%,xgboost,pumadyn32nh,-0.281218809,0.0764283092,0.2412037687,0.01006835793,0.1911497227,0.009350060742,0.091,0.003633180425,,,TabICL_regression03/runs/distribution_baselines_context_ratio/distribution_baselines_rows200_bins10_ctx50pct_5fold_library_defaults.json,TabICL_regression03/runs/distribution_baselines_context_ratio/distribution_baselines_rows200_bins10_ctx50pct_5fold_library_defaults.json,
ex3-3_context_ratio,50%,xgboost,QSAR_fish_toxicity,0.4004420977,0.0531782133,0.1592804304,0.01118984279,0.1170922287,0.007978110369,0.068,0.004604345773,,,TabICL_regression03/runs/distribution_baselines_context_ratio/distribution_baselines_rows200_bins10_ctx50pct_5fold_library_defaults.json,TabICL_regression03/runs/distribution_baselines_context_ratio/distribution_baselines_rows200_bins10_ctx50pct_5fold_library_defaults.json,
ex3-3_context_ratio,50%,xgboost,quake,-0.7393842869,0.2652384251,0.349399878,0.02803531992,0.2927176429,0.02609149388,0.083,0.00316227766,,,TabICL_regression03/runs/distribution_baselines_context_ratio/distribution_baselines_rows200_bins10_ctx50pct_5fold_library_defaults.json,TabICL_regression03/runs/distribution_baselines_context_ratio/distribution_baselines_rows200_bins10_ctx50pct_5fold_library_defaults.json,
ex3-3_context_ratio,50%,xgboost,sensory,-0.4657959883,0.1586945411,0.2973707957,0.0255833241,0.2367164136,0.02264371105,0.081,0.007127411872,,,TabICL_regression03/runs/distribution_baselines_context_ratio/distribution_baselines_rows200_bins10_ctx50pct_5fold_library_defaults.json,TabICL_regression03/runs/distribution_baselines_context_ratio/distribution_baselines_rows200_bins10_ctx50pct_5fold_library_defaults.json,
ex3-3_context_ratio,50%,xgboost,socmob,0.367331303,0.1551434669,0.1403715733,0.02605603958,0.06217085606,0.01531636295,0.09,0.004979959839,,,TabICL_regression03/runs/distribution_baselines_context_ratio/distribution_baselines_rows200_bins10_ctx50pct_5fold_library_defaults.json,TabICL_regression03/runs/distribution_baselines_context_ratio/distribution_baselines_rows200_bins10_ctx50pct_5fold_library_defaults.json,
ex3-3_context_ratio,50%,xgboost,space_ga,0.3540386214,0.03503163074,0.1915372044,0.01373591563,0.1459558119,0.01456228917,0.087,0.00554977477,,,TabICL_regression03/runs/distribution_baselines_context_ratio/distribution_baselines_rows200_bins10_ctx50pct_5fold_library_defaults.json,TabICL_regression03/runs/distribution_baselines_context_ratio/distribution_baselines_rows200_bins10_ctx50pct_5fold_library_defaults.json,
ex3-3_context_ratio,50%,xgboost,student_performance,-0.3319407815,0.1100989271,0.23068687,0.01730896851,0.1676208222,0.01847480815,0.081,0.006066300355,,,TabICL_regression03/runs/distribution_baselines_context_ratio/distribution_baselines_rows200_bins10_ctx50pct_5fold_library_defaults.json,TabICL_regression03/runs/distribution_baselines_context_ratio/distribution_baselines_rows200_bins10_ctx50pct_5fold_library_defaults.json,
ex3-3_context_ratio,50%,gaussian_process,abalone,0.1487910431,0.08743263018,0.2241087336,0.01698065255,0.1680717914,0.01262188661,0.036,0.005099019514,,,TabICL_regression03/runs/distribution_baselines_context_ratio/distribution_baselines_rows200_bins10_ctx50pct_5fold_library_defaults.json,TabICL_regression03/runs/distribution_baselines_context_ratio/distribution_baselines_rows200_bins10_ctx50pct_5fold_library_defaults.json,
ex3-3_context_ratio,50%,gaussian_process,airfoil_self_noise,0.5952233579,0.06110034625,0.1443163973,0.009438202433,0.1105964754,0.00793235665,0.018,0.00554977477,,,TabICL_regression03/runs/distribution_baselines_context_ratio/distribution_baselines_rows200_bins10_ctx50pct_5fold_library_defaults.json,TabICL_regression03/runs/distribution_baselines_context_ratio/distribution_baselines_rows200_bins10_ctx50pct_5fold_library_defaults.json,
ex3-3_context_ratio,50%,gaussian_process,auction_verification,0.2232188399,0.1135047408,0.2649202579,0.02315915784,0.2162336458,0.02716985112,0.076,0.01109954954,,,TabICL_regression03/runs/distribution_baselines_context_ratio/distribution_baselines_rows200_bins10_ctx50pct_5fold_library_defaults.json,TabICL_regression03/runs/distribution_baselines_context_ratio/distribution_baselines_rows200_bins10_ctx50pct_5fold_library_defaults.json,
ex3-3_context_ratio,50%,gaussian_process,boston,0.7391513413,0.04343961995,0.1176105588,0.009486450457,0.07969300265,0.003074009147,0.018,0.00228035085,,,TabICL_regression03/runs/distribution_baselines_context_ratio/distribution_baselines_rows200_bins10_ctx50pct_5fold_library_defaults.json,TabICL_regression03/runs/distribution_baselines_context_ratio/distribution_baselines_rows200_bins10_ctx50pct_5fold_library_defaults.json,
ex3-3_context_ratio,50%,gaussian_process,cars,0.8997419444,0.0122961778,0.07408837081,0.001917116832,0.04814007083,0.00419992495,0.027,0.004335896678,,,TabICL_regression03/runs/distribution_baselines_context_ratio/distribution_baselines_rows200_bins10_ctx50pct_5fold_library_defaults.json,TabICL_regression03/runs/distribution_baselines_context_ratio/distribution_baselines_rows200_bins10_ctx50pct_5fold_library_defaults.json,
ex3-3_context_ratio,50%,gaussian_process,concrete_compressive_strength,0.4875657191,0.09693234863,0.1761483828,0.01980659408,0.1333382515,0.01564790242,0.017,0.004335896678,,,TabICL_regression03/runs/distribution_baselines_context_ratio/distribution_baselines_rows200_bins10_ctx50pct_5fold_library_defaults.json,TabICL_regression03/runs/distribution_baselines_context_ratio/distribution_baselines_rows200_bins10_ctx50pct_5fold_library_defaults.json,
ex3-3_context_ratio,50%,gaussian_process,cpu_activity,0.7993184257,0.05931317581,0.08435581826,0.009626771998,0.03991245228,0.003663337256,0.037,0.003033150178,,,TabICL_regression03/runs/distribution_baselines_context_ratio/distribution_baselines_rows200_bins10_ctx50pct_5fold_library_defaults.json,TabICL_regression03/runs/distribution_baselines_context_ratio/distribution_baselines_rows200_bins10_ctx50pct_5fold_library_defaults.json,
ex3-3_context_ratio,50%,gaussian_process,energy_efficiency,0.8910735214,0.02087733643,0.1001597843,0.01152838969,0.0701937063,0.007517038456,0.037,0.005099019514,,,TabICL_regression03/runs/distribution_baselines_context_ratio/distribution_baselines_rows200_bins10_ctx50pct_5fold_library_defaults.json,TabICL_regression03/runs/distribution_baselines_context_ratio/distribution_baselines_rows200_bins10_ctx50pct_5fold_library_defaults.json,
ex3-3_context_ratio,50%,gaussian_process,grid_stability,0.6755142282,0.03750642381,0.149572364,0.006157828799,0.1144588712,0.005114595695,0.016,0.002828427125,,,TabICL_regression03/runs/distribution_baselines_context_ratio/distribution_baselines_rows200_bins10_ctx50pct_5fold_library_defaults.json,TabICL_regression03/runs/distribution_baselines_context_ratio/distribution_baselines_rows200_bins10_ctx50pct_5fold_library_defaults.json,
ex3-3_context_ratio,50%,gaussian_process,kin8nm,0.3863026186,0.03451999953,0.1926241669,0.009565486204,0.1551126336,0.007189439245,0.017,0.002607680962,,,TabICL_regression03/runs/distribution_baselines_context_ratio/distribution_baselines_rows200_bins10_ctx50pct_5fold_library_defaults.json,TabICL_regression03/runs/distribution_baselines_context_ratio/distribution_baselines_rows200_bins10_ctx50pct_5fold_library_defaults.json,
ex3-3_context_ratio,50%,gaussian_process,Moneyball,0.9450280791,0.007036812226,0.05301859443,0.00304650582,0.04228047874,0.002658897829,0.012,0.004472135955,,,TabICL_regression03/runs/distribution_baselines_context_ratio/distribution_baselines_rows200_bins10_ctx50pct_5fold_library_defaults.json,TabICL_regression03/runs/distribution_baselines_context_ratio/distribution_baselines_rows200_bins10_ctx50pct_5fold_library_defaults.json,
ex3-3_context_ratio,50%,gaussian_process,pumadyn32nh,-0.0183039251,0.005834973491,0.2156199302,0.007248492854,0.1723801603,0.006578603953,0.015,0.003286335345,,,TabICL_regression03/runs/distribution_baselines_context_ratio/distribution_baselines_rows200_bins10_ctx50pct_5fold_library_defaults.json,TabICL_regression03/runs/distribution_baselines_context_ratio/distribution_baselines_rows200_bins10_ctx50pct_5fold_library_defaults.json,
ex3-3_context_ratio,50%,gaussian_process,QSAR_fish_toxicity,0.4728611665,0.03896509993,0.1490558347,0.007771511804,0.1068658596,0.005972337993,0.026,0.007293833012,,,TabICL_regression03/runs/distribution_baselines_context_ratio/distribution_baselines_rows200_bins10_ctx50pct_5fold_library_defaults.json,TabICL_regression03/runs/distribution_baselines_context_ratio/distribution_baselines_rows200_bins10_ctx50pct_5fold_library_defaults.json,
ex3-3_context_ratio,50%,gaussian_process,quake,-0.07438229429,0.01683729327,0.2787669737,0.01167552834,0.2278640287,0.01392977683,0.076,0.003286335345,,,TabICL_regression03/runs/distribution_baselines_context_ratio/distribution_baselines_rows200_bins10_ctx50pct_5fold_library_defaults.json,TabICL_regression03/runs/distribution_baselines_context_ratio/distribution_baselines_rows200_bins10_ctx50pct_5fold_library_defaults.json,
ex3-3_context_ratio,50%,gaussian_process,sensory,-0.02671215592,0.02226304846,0.2487149978,0.008851694681,0.1928123752,0.00872022439,0.051,0.003033150178,,,TabICL_regression03/runs/distribution_baselines_context_ratio/distribution_baselines_rows200_bins10_ctx50pct_5fold_library_defaults.json,TabICL_regression03/runs/distribution_baselines_context_ratio/distribution_baselines_rows200_bins10_ctx50pct_5fold_library_defaults.json,
ex3-3_context_ratio,50%,gaussian_process,socmob,0.2550591389,0.1902390317,0.1492776126,0.02285754388,0.06554385191,0.01459374495,0.042,0.008555699854,,,TabICL_regression03/runs/distribution_baselines_context_ratio/distribution_baselines_rows200_bins10_ctx50pct_5fold_library_defaults.json,TabICL_regression03/runs/distribution_baselines_context_ratio/distribution_baselines_rows200_bins10_ctx50pct_5fold_library_defaults.json,
ex3-3_context_ratio,50%,gaussian_process,space_ga,0.1263235857,0.1144675646,0.2236242071,0.02712222937,0.1784338927,0.02613449951,0.013,0.006099180273,,,TabICL_regression03/runs/distribution_baselines_context_ratio/distribution_baselines_rows200_bins10_ctx50pct_5fold_library_defaults.json,TabICL_regression03/runs/distribution_baselines_context_ratio/distribution_baselines_rows200_bins10_ctx50pct_5fold_library_defaults.json,
ex3-3_context_ratio,50%,gaussian_process,student_performance,0.03273156595,0.04804480195,0.1972531578,0.01320087491,0.1416363734,0.0108768997,0.019,0.002828427125,,,TabICL_regression03/runs/distribution_baselines_context_ratio/distribution_baselines_rows200_bins10_ctx50pct_5fold_library_defaults.json,TabICL_regression03/runs/distribution_baselines_context_ratio/distribution_baselines_rows200_bins10_ctx50pct_5fold_library_defaults.json,
ex3-3_context_ratio,50%,conformal_quantile,abalone,0.03909773778,0.1325557919,0.2342795945,0.01443497127,0.187702397,0.01218732741,0.029,0.004147288271,,,TabICL_regression03/runs/distribution_baselines_context_ratio/distribution_baselines_rows200_bins10_ctx50pct_5fold_library_defaults.json,TabICL_regression03/runs/distribution_baselines_context_ratio/distribution_baselines_rows200_bins10_ctx50pct_5fold_library_defaults.json,
ex3-3_context_ratio,50%,conformal_quantile,airfoil_self_noise,0.5036057058,0.05439139308,0.1617742452,0.01088053632,0.1321185067,0.008360290922,0.037,0.006418722614,,,TabICL_regression03/runs/distribution_baselines_context_ratio/distribution_baselines_rows200_bins10_ctx50pct_5fold_library_defaults.json,TabICL_regression03/runs/distribution_baselines_context_ratio/distribution_baselines_rows200_bins10_ctx50pct_5fold_library_defaults.json,
ex3-3_context_ratio,50%,conformal_quantile,auction_verification,0.7113433646,0.05321377322,0.1586974036,0.01367086514,0.1044793362,0.007831373594,0.04,0.005176871642,,,TabICL_regression03/runs/distribution_baselines_context_ratio/distribution_baselines_rows200_bins10_ctx50pct_5fold_library_defaults.json,TabICL_regression03/runs/distribution_baselines_context_ratio/distribution_baselines_rows200_bins10_ctx50pct_5fold_library_defaults.json,
ex3-3_context_ratio,50%,conformal_quantile,boston,0.6722922201,0.07339225749,0.130752405,0.0159713813,0.09632687157,0.01089429236,0.036,0.004147288271,,,TabICL_regression03/runs/distribution_baselines_context_ratio/distribution_baselines_rows200_bins10_ctx50pct_5fold_library_defaults.json,TabICL_regression03/runs/distribution_baselines_context_ratio/distribution_baselines_rows200_bins10_ctx50pct_5fold_library_defaults.json,
ex3-3_context_ratio,50%,conformal_quantile,cars,0.7725312109,0.03153518522,0.1120520331,0.009238456291,0.07568101709,0.008245333808,0.034,0.005215361924,,,TabICL_regression03/runs/distribution_baselines_context_ratio/distribution_baselines_rows200_bins10_ctx50pct_5fold_library_defaults.json,TabICL_regression03/runs/distribution_baselines_context_ratio/distribution_baselines_rows200_bins10_ctx50pct_5fold_library_defaults.json,
ex3-3_context_ratio,50%,conformal_quantile,concrete_compressive_strength,0.5056965048,0.05864136879,0.1752925847,0.01244878911,0.1360689658,0.009118100011,0.031,0.005585696018,,,TabICL_regression03/runs/distribution_baselines_context_ratio/distribution_baselines_rows200_bins10_ctx50pct_5fold_library_defaults.json,TabICL_regression03/runs/distribution_baselines_context_ratio/distribution_baselines_rows200_bins10_ctx50pct_5fold_library_defaults.json,
ex3-3_context_ratio,50%,conformal_quantile,cpu_activity,0.3709034645,0.1462558453,0.1553799139,0.02479175413,0.07196966005,0.008518226206,0.049,0.01308434179,,,TabICL_regression03/runs/distribution_baselines_context_ratio/distribution_baselines_rows200_bins10_ctx50pct_5fold_library_defaults.json,TabICL_regression03/runs/distribution_baselines_context_ratio/distribution_baselines_rows200_bins10_ctx50pct_5fold_library_defaults.json,
ex3-3_context_ratio,50%,conformal_quantile,energy_efficiency,0.9402617262,0.009501920482,0.07492920979,0.00666026435,0.05045109882,0.003815763377,0.033,0.004604345773,,,TabICL_regression03/runs/distribution_baselines_context_ratio/distribution_baselines_rows200_bins10_ctx50pct_5fold_library_defaults.json,TabICL_regression03/runs/distribution_baselines_context_ratio/distribution_baselines_rows200_bins10_ctx50pct_5fold_library_defaults.json,
ex3-3_context_ratio,50%,conformal_quantile,grid_stability,0.3335040322,0.05738638182,0.2161655125,0.008703545967,0.1748390625,0.008343128947,0.032,0.002966479395,,,TabICL_regression03/runs/distribution_baselines_context_ratio/distribution_baselines_rows200_bins10_ctx50pct_5fold_library_defaults.json,TabICL_regression03/runs/distribution_baselines_context_ratio/distribution_baselines_rows200_bins10_ctx50pct_5fold_library_defaults.json,
ex3-3_context_ratio,50%,conformal_quantile,kin8nm,0.09616627488,0.07654164789,0.233792548,0.01644463544,0.1873962148,0.01545491866,0.027,0.005099019514,,,TabICL_regression03/runs/distribution_baselines_context_ratio/distribution_baselines_rows200_bins10_ctx50pct_5fold_library_defaults.json,TabICL_regression03/runs/distribution_baselines_context_ratio/distribution_baselines_rows200_bins10_ctx50pct_5fold_library_defaults.json,
ex3-3_context_ratio,50%,conformal_quantile,Moneyball,0.8347265002,0.009309340975,0.09298128376,0.003490252971,0.0738386995,0.003236212239,0.026,0.002607680962,,,TabICL_regression03/runs/distribution_baselines_context_ratio/distribution_baselines_rows200_bins10_ctx50pct_5fold_library_defaults.json,TabICL_regression03/runs/distribution_baselines_context_ratio/distribution_baselines_rows200_bins10_ctx50pct_5fold_library_defaults.json,
ex3-3_context_ratio,50%,conformal_quantile,pumadyn32nh,-0.282598032,0.1320204935,0.2410841588,0.01565374083,0.1965250945,0.01309292398,0.032,0.006542170894,,,TabICL_regression03/runs/distribution_baselines_context_ratio/distribution_baselines_rows200_bins10_ctx50pct_5fold_library_defaults.json,TabICL_regression03/runs/distribution_baselines_context_ratio/distribution_baselines_rows200_bins10_ctx50pct_5fold_library_defaults.json,
ex3-3_context_ratio,50%,conformal_quantile,QSAR_fish_toxicity,0.2935285503,0.1127649076,0.1704632174,0.0141290513,0.1288044992,0.01216544848,0.02,0.002683281573,,,TabICL_regression03/runs/distribution_baselines_context_ratio/distribution_baselines_rows200_bins10_ctx50pct_5fold_library_defaults.json,TabICL_regression03/runs/distribution_baselines_context_ratio/distribution_baselines_rows200_bins10_ctx50pct_5fold_library_defaults.json,
ex3-3_context_ratio,50%,conformal_quantile,quake,-0.6094269497,0.1756045411,0.3360073711,0.019079239,0.2688505937,0.01951954403,0.027,0.005477225575,,,TabICL_regression03/runs/distribution_baselines_context_ratio/distribution_baselines_rows200_bins10_ctx50pct_5fold_library_defaults.json,TabICL_regression03/runs/distribution_baselines_context_ratio/distribution_baselines_rows200_bins10_ctx50pct_5fold_library_defaults.json,
ex3-3_context_ratio,50%,conformal_quantile,sensory,-0.8547423673,0.4075743022,0.3304559016,0.04790738461,0.2710150567,0.04300143367,0.037,0.0045607017,,,TabICL_regression03/runs/distribution_baselines_context_ratio/distribution_baselines_rows200_bins10_ctx50pct_5fold_library_defaults.json,TabICL_regression03/runs/distribution_baselines_context_ratio/distribution_baselines_rows200_bins10_ctx50pct_5fold_library_defaults.json,
ex3-3_context_ratio,50%,conformal_quantile,socmob,0.5049584302,0.1445486629,0.1256599789,0.02808259294,0.05388725205,0.01591130921,0.031,0.006228964601,,,TabICL_regression03/runs/distribution_baselines_context_ratio/distribution_baselines_rows200_bins10_ctx50pct_5fold_library_defaults.json,TabICL_regression03/runs/distribution_baselines_context_ratio/distribution_baselines_rows200_bins10_ctx50pct_5fold_library_defaults.json,
ex3-3_context_ratio,50%,conformal_quantile,space_ga,0.3653842553,0.06574994119,0.1873915589,0.01141608946,0.1420580115,0.0116957821,0.02,0.002,,,TabICL_regression03/runs/distribution_baselines_context_ratio/distribution_baselines_rows200_bins10_ctx50pct_5fold_library_defaults.json,TabICL_regression03/runs/distribution_baselines_context_ratio/distribution_baselines_rows200_bins10_ctx50pct_5fold_library_defaults.json,
ex3-3_context_ratio,50%,conformal_quantile,student_performance,-0.2063583836,0.1259344854,0.2193848095,0.01898617961,0.1656774472,0.01770657004,0.036,0.006723094526,,,TabICL_regression03/runs/distribution_baselines_context_ratio/distribution_baselines_rows200_bins10_ctx50pct_5fold_library_defaults.json,TabICL_regression03/runs/distribution_baselines_context_ratio/distribution_baselines_rows200_bins10_ctx50pct_5fold_library_defaults.json,
