{
  "run_dir": "C:\\Users\\apex\\Code\\Python\\ndp_pytorch_refactor\\nanoTabPFN_version05\\wandb\\run-20251201_235306-6gle7ejd",
  "checkpoints": [
    {
      "step": 350000,
      "checkpoint": "C:\\Users\\apex\\Code\\Python\\ndp_pytorch_refactor\\nanoTabPFN_version05\\wandb\\run-20251201_235306-6gle7ejd\\files\\model_step_350000.pt",
      "datasets": {
        "breast_cancer": {
          "accuracy": 0.8842105263157894,
          "balanced_accuracy": 0.8789659534099294,
          "roc_auc": 0.8973331927901339
        },
        "tabarena_diabetes": {
          "accuracy": 0.625,
          "balanced_accuracy": 0.5250149253731343,
          "roc_auc": 0.5498507462686567
        },
        "tabarena_blood_transfusion": {
          "accuracy": 0.713903743315508,
          "balanced_accuracy": 0.5263749260792431,
          "roc_auc": 0.5202050068992706
        },
        "tabarena_amazon_employee_access": {
          "accuracy": 0.896,
          "balanced_accuracy": 0.5081719128329298,
          "roc_auc": 0.5386652542372882
        }
      }
    },
    {
      "step": 360000,
      "checkpoint": "C:\\Users\\apex\\Code\\Python\\ndp_pytorch_refactor\\nanoTabPFN_version05\\wandb\\run-20251201_235306-6gle7ejd\\files\\model_step_360000.pt",
      "datasets": {
        "breast_cancer": {
          "accuracy": 0.8491228070175438,
          "balanced_accuracy": 0.8164066617476546,
          "roc_auc": 0.8370401602192474
        },
        "tabarena_diabetes": {
          "accuracy": 0.6015625,
          "balanced_accuracy": 0.5710746268656717,
          "roc_auc": 0.5636119402985075
        },
        "tabarena_blood_transfusion": {
          "accuracy": 0.6363636363636364,
          "balanced_accuracy": 0.5218608318549182,
          "roc_auc": 0.5367632564557461
        },
        "tabarena_amazon_employee_access": {
          "accuracy": 0.914,
          "balanced_accuracy": 0.5177058111380145,
          "roc_auc": 0.5516797820823245
        }
      }
    },
    {
      "step": 370000,
      "checkpoint": "C:\\Users\\apex\\Code\\Python\\ndp_pytorch_refactor\\nanoTabPFN_version05\\wandb\\run-20251201_235306-6gle7ejd\\files\\model_step_370000.pt",
      "datasets": {
        "breast_cancer": {
          "accuracy": 0.8631578947368421,
          "balanced_accuracy": 0.8468166965320966,
          "roc_auc": 0.8356698640244544
        },
        "tabarena_diabetes": {
          "accuracy": 0.6380208333333334,
          "balanced_accuracy": 0.6163880597014926,
          "roc_auc": 0.6026865671641791
        },
        "tabarena_blood_transfusion": {
          "accuracy": 0.6390374331550802,
          "balanced_accuracy": 0.5352059925093633,
          "roc_auc": 0.5760693869505223
        },
        "tabarena_amazon_employee_access": {
          "accuracy": 0.912,
          "balanced_accuracy": 0.5334443099273608,
          "roc_auc": 0.592766343825666
        }
      }
    },
    {
      "step": 380000,
      "checkpoint": "C:\\Users\\apex\\Code\\Python\\ndp_pytorch_refactor\\nanoTabPFN_version05\\wandb\\run-20251201_235306-6gle7ejd\\files\\model_step_380000.pt",
      "datasets": {
        "breast_cancer": {
          "accuracy": 0.8842105263157894,
          "balanced_accuracy": 0.8655001581110995,
          "roc_auc": 0.8650258248129019
        },
        "tabarena_diabetes": {
          "accuracy": 0.6197916666666666,
          "balanced_accuracy": 0.5487164179104478,
          "roc_auc": 0.5452537313432837
        },
        "tabarena_blood_transfusion": {
          "accuracy": 0.6898395721925134,
          "balanced_accuracy": 0.545357776463631,
          "roc_auc": 0.5199290360733294
        },
        "tabarena_amazon_employee_access": {
          "accuracy": 0.902,
          "balanced_accuracy": 0.5113498789346247,
          "roc_auc": 0.5705205811138016
        }
      }
    },
    {
      "step": 390000,
      "checkpoint": "C:\\Users\\apex\\Code\\Python\\ndp_pytorch_refactor\\nanoTabPFN_version05\\wandb\\run-20251201_235306-6gle7ejd\\files\\model_step_390000.pt",
      "datasets": {
        "breast_cancer": {
          "accuracy": 0.8596491228070176,
          "balanced_accuracy": 0.832481290186571,
          "roc_auc": 0.8437862337936123
        },
        "tabarena_diabetes": {
          "accuracy": 0.6302083333333334,
          "balanced_accuracy": 0.5671044776119403,
          "roc_auc": 0.5640597014925373
        },
        "tabarena_blood_transfusion": {
          "accuracy": 0.679144385026738,
          "balanced_accuracy": 0.49197713384585057,
          "roc_auc": 0.4663512714370195
        },
        "tabarena_amazon_employee_access": {
          "accuracy": 0.874,
          "balanced_accuracy": 0.5301150121065376,
          "roc_auc": 0.4749546004842614
        }
      }
    },
    {
      "step": 400000,
      "checkpoint": "C:\\Users\\apex\\Code\\Python\\ndp_pytorch_refactor\\nanoTabPFN_version05\\wandb\\run-20251201_235306-6gle7ejd\\files\\model_step_400000.pt",
      "datasets": {
        "breast_cancer": {
          "accuracy": 0.7894736842105263,
          "balanced_accuracy": 0.7265995572889217,
          "roc_auc": 0.7297354274270054
        },
        "tabarena_diabetes": {
          "accuracy": 0.5494791666666666,
          "balanced_accuracy": 0.48779104477611934,
          "roc_auc": 0.47005970149253734
        },
        "tabarena_blood_transfusion": {
          "accuracy": 0.6898395721925134,
          "balanced_accuracy": 0.526039818647743,
          "roc_auc": 0.5311649911295092
        },
        "tabarena_amazon_employee_access": {
          "accuracy": 0.93,
          "balanced_accuracy": 0.4925847457627119,
          "roc_auc": 0.4639830508474577
        }
      }
    },
    {
      "step": 410000,
      "checkpoint": "C:\\Users\\apex\\Code\\Python\\ndp_pytorch_refactor\\nanoTabPFN_version05\\wandb\\run-20251201_235306-6gle7ejd\\files\\model_step_410000.pt",
      "datasets": {
        "breast_cancer": {
          "accuracy": 0.7894736842105263,
          "balanced_accuracy": 0.7342942974596817,
          "roc_auc": 0.7423316116791399
        },
        "tabarena_diabetes": {
          "accuracy": 0.6145833333333334,
          "balanced_accuracy": 0.5654925373134329,
          "roc_auc": 0.5486567164179105
        },
        "tabarena_blood_transfusion": {
          "accuracy": 0.6818181818181818,
          "balanced_accuracy": 0.5555489848216046,
          "roc_auc": 0.541612458111571
        },
        "tabarena_amazon_employee_access": {
          "accuracy": 0.902,
          "balanced_accuracy": 0.4777542372881356,
          "roc_auc": 0.48426150121065376
        }
      }
    },
    {
      "step": 420000,
      "checkpoint": "C:\\Users\\apex\\Code\\Python\\ndp_pytorch_refactor\\nanoTabPFN_version05\\wandb\\run-20251201_235306-6gle7ejd\\files\\model_step_420000.pt",
      "datasets": {
        "breast_cancer": {
          "accuracy": 0.8701754385964913,
          "balanced_accuracy": 0.8639453989670075,
          "roc_auc": 0.8772003794666384
        },
        "tabarena_diabetes": {
          "accuracy": 0.6015625,
          "balanced_accuracy": 0.5139402985074627,
          "roc_auc": 0.5178507462686568
        },
        "tabarena_blood_transfusion": {
          "accuracy": 0.7433155080213903,
          "balanced_accuracy": 0.5340823970037454,
          "roc_auc": 0.4756554307116105
        },
        "tabarena_amazon_employee_access": {
          "accuracy": 0.902,
          "balanced_accuracy": 0.49455205811138014,
          "roc_auc": 0.42970641646489105
        }
      }
    },
    {
      "step": 430000,
      "checkpoint": "C:\\Users\\apex\\Code\\Python\\ndp_pytorch_refactor\\nanoTabPFN_version05\\wandb\\run-20251201_235306-6gle7ejd\\files\\model_step_430000.pt",
      "datasets": {
        "breast_cancer": {
          "accuracy": 0.8771929824561403,
          "balanced_accuracy": 0.8579898808896385,
          "roc_auc": 0.8610203436281227
        },