{
  "run_dir": "C:\\Users\\apex\\Code\\Python\\ndp_pytorch_refactor\\nanoTabPFN_version05\\wandb\\run-20251201_235306-6gle7ejd",
  "prior_h5": "C:\\Users\\apex\\Code\\Python\\ndp_pytorch_refactor\\nanoTabPFN_version05\\300k_150x5_2.h5",
  "checkpoints": [
    {
      "step": 350000,
      "checkpoint": "C:\\Users\\apex\\Code\\Python\\ndp_pytorch_refactor\\nanoTabPFN_version05\\wandb\\run-20251201_235306-6gle7ejd\\files\\model_step_350000.pt",
      "datasets": {
        "prior_task_191086": {
          "accuracy": 0.6964285714285714,
          "balanced_accuracy": 0.5104166666666667,
          "roc_auc": 0.515625
        },
        "prior_task_153339": {
          "accuracy": 0.49107142857142855,
          "balanced_accuracy": 0.5487967914438503,
          "roc_auc": 0.5344251336898396
        },
        "prior_task_80935": {
          "accuracy": 0.5,
          "balanced_accuracy": 0.5547691270643748,
          "roc_auc": 0.5992585102797439
        },
        "prior_task_92348": {
          "accuracy": 0.8571428571428571,
          "balanced_accuracy": 0.6521739130434783,
          "roc_auc": 0.7068881289692233
        },
        "prior_task_255183": {
          "accuracy": 0.5446428571428571,
          "balanced_accuracy": 0.5711538461538461,
          "roc_auc": 0.5253205128205128
        }
      },
      "prior_h5": "C:\\Users\\apex\\Code\\Python\\ndp_pytorch_refactor\\nanoTabPFN_version05\\300k_150x5_2.h5"
    },
    {
      "step": 360000,
      "checkpoint": "C:\\Users\\apex\\Code\\Python\\ndp_pytorch_refactor\\nanoTabPFN_version05\\wandb\\run-20251201_235306-6gle7ejd\\files\\model_step_360000.pt",
      "datasets": {
        "prior_task_191086": {
          "accuracy": 0.7857142857142857,
          "balanced_accuracy": 0.4583333333333333,
          "roc_auc": 0.36328125000000006
        },
        "prior_task_153339": {
          "accuracy": 0.4642857142857143,
          "balanced_accuracy": 0.45053475935828874,
          "roc_auc": 0.463903743315508
        },
        "prior_task_80935": {
          "accuracy": 0.5803571428571429,
          "balanced_accuracy": 0.514829794405123,
          "roc_auc": 0.5156723963599595
        },
        "prior_task_92348": {
          "accuracy": 0.8839285714285714,
          "balanced_accuracy": 0.7818759159745969,
          "roc_auc": 0.8124084025403028
        },
        "prior_task_255183": {
          "accuracy": 0.5714285714285714,
          "balanced_accuracy": 0.5564102564102564,
          "roc_auc": 0.4980769230769231
        }
      },
      "prior_h5": "C:\\Users\\apex\\Code\\Python\\ndp_pytorch_refactor\\nanoTabPFN_version05\\300k_150x5_2.h5"
    },
    {
      "step": 370000,
      "checkpoint": "C:\\Users\\apex\\Code\\Python\\ndp_pytorch_refactor\\nanoTabPFN_version05\\wandb\\run-20251201_235306-6gle7ejd\\files\\model_step_370000.pt",
      "datasets": {
        "prior_task_191086": {
          "accuracy": 0.8660714285714286,
          "balanced_accuracy": 0.6354166666666667,
          "roc_auc": 0.5768229166666667
        },
        "prior_task_153339": {
          "accuracy": 0.5267857142857143,
          "balanced_accuracy": 0.46590909090909094,
          "roc_auc": 0.49565508021390375
        },
        "prior_task_80935": {
          "accuracy": 0.6071428571428571,
          "balanced_accuracy": 0.5672396359959555,
          "roc_auc": 0.564206268958544
        },
        "prior_task_92348": {
          "accuracy": 0.7142857142857143,
          "balanced_accuracy": 0.4978016609672692,
          "roc_auc": 0.5610649731314117
        },
        "prior_task_255183": {
          "accuracy": 0.4107142857142857,
          "balanced_accuracy": 0.42820512820512824,
          "roc_auc": 0.47435897435897434
        }
      },
      "prior_h5": "C:\\Users\\apex\\Code\\Python\\ndp_pytorch_refactor\\nanoTabPFN_version05\\300k_150x5_2.h5"
    },
    {
      "step": 380000,
      "checkpoint": "C:\\Users\\apex\\Code\\Python\\ndp_pytorch_refactor\\nanoTabPFN_version05\\wandb\\run-20251201_235306-6gle7ejd\\files\\model_step_380000.pt",
      "datasets": {
        "prior_task_191086": {
          "accuracy": 0.7053571428571429,
          "balanced_accuracy": 0.4635416666666667,
          "roc_auc": 0.43229166666666663
        },
        "prior_task_153339": {
          "accuracy": 0.48214285714285715,
          "balanced_accuracy": 0.48930481283422456,
          "roc_auc": 0.500668449197861
        },
        "prior_task_80935": {
          "accuracy": 0.4732142857142857,
          "balanced_accuracy": 0.5286484664644422,
          "roc_auc": 0.4806201550387597
        },
        "prior_task_92348": {
          "accuracy": 0.8482142857142857,
          "balanced_accuracy": 0.6304347826086957,
          "roc_auc": 0.659990229604299
        },
        "prior_task_255183": {
          "accuracy": 0.6875,
          "balanced_accuracy": 0.6903846153846154,
          "roc_auc": 0.739423076923077
        }
      },
      "prior_h5": "C:\\Users\\apex\\Code\\Python\\ndp_pytorch_refactor\\nanoTabPFN_version05\\300k_150x5_2.h5"
    },
    {
      "step": 390000,
      "checkpoint": "C:\\Users\\apex\\Code\\Python\\ndp_pytorch_refactor\\nanoTabPFN_version05\\wandb\\run-20251201_235306-6gle7ejd\\files\\model_step_390000.pt",
      "datasets": {
        "prior_task_191086": {
          "accuracy": 0.7946428571428571,
          "balanced_accuracy": 0.5416666666666667,
          "roc_auc": 0.515625
        },
        "prior_task_153339": {
          "accuracy": 0.5267857142857143,
          "balanced_accuracy": 0.47794117647058826,
          "roc_auc": 0.46223262032085566
        },
        "prior_task_80935": {
          "accuracy": 0.5535714285714286,
          "balanced_accuracy": 0.5237613751263903,
          "roc_auc": 0.5149983147960904
        },
        "prior_task_92348": {
          "accuracy": 0.8035714285714286,
          "balanced_accuracy": 0.553981436248168,
          "roc_auc": 0.4963361016121153
        },
        "prior_task_255183": {
          "accuracy": 0.5267857142857143,
          "balanced_accuracy": 0.5480769230769231,
          "roc_auc": 0.5544871794871794
        }
      },
      "prior_h5": "C:\\Users\\apex\\Code\\Python\\ndp_pytorch_refactor\\nanoTabPFN_version05\\300k_150x5_2.h5"
    },
    {
      "step": 400000,
      "checkpoint": "C:\\Users\\apex\\Code\\Python\\ndp_pytorch_refactor\\nanoTabPFN_version05\\wandb\\run-20251201_235306-6gle7ejd\\files\\model_step_400000.pt",
      "datasets": {
        "prior_task_191086": {
          "accuracy": 0.8125,
          "balanced_accuracy": 0.5,
          "roc_auc": 0.638671875
        },
        "prior_task_153339": {
          "accuracy": 0.6428571428571429,
          "balanced_accuracy": 0.5614973262032086,
          "roc_auc": 0.5611631016042781
        },
        "prior_task_80935": {
          "accuracy": 0.6071428571428571,
          "balanced_accuracy": 0.5058982136838557,
          "roc_auc": 0.5264577013818672
        },
        "prior_task_92348": {
          "accuracy": 0.8392857142857143,
          "balanced_accuracy": 0.6570591108939912,
          "roc_auc": 0.6971177332681974
        },
        "prior_task_255183": {
          "accuracy": 0.5178571428571429,
          "balanced_accuracy": 0.5307692307692308,
          "roc_auc": 0.5493589743589743
        }
      },
      "prior_h5": "C:\\Users\\apex\\Code\\Python\\ndp_pytorch_refactor\\nanoTabPFN_version05\\300k_150x5_2.h5"
    },
    {
      "step": 410000,
      "checkpoint": "C:\\Users\\apex\\Code\\Python\\ndp_pytorch_refactor\\nanoTabPFN_version05\\wandb\\run-20251201_235306-6gle7ejd\\files\\model_step_410000.pt",
      "datasets": {
        "prior_task_191086": {
          "accuracy": 0.7946428571428571,
          "balanced_accuracy": 0.4635416666666667,
          "roc_auc": 0.533203125
        },
        "prior_task_153339": {
          "accuracy": 0.5357142857142857,
          "balanced_accuracy": 0.4692513368983957,
          "roc_auc": 0.4131016042780749
        },